/*******************************************************************************
 * Size: 16 px
 * Bpp: 8
 * Opts: --font /tmp/NotoEmoji.ttf --size 16 --bpp 8 --use-color-info --format lvgl --no-compress --output scripts/../src/fonts/emoji_font.c --lv-include lvgl.h --lv-font-name emoji_font -r 0x1F600-0x1F644 -r 0x1F914 -r 0x1F927 -r 0x1F970 -r 0x1F975 -r 0x1F976 -r 0x1F978 -r 0x1F97A -r 0x1F920 -r 0x1F921 -r 0x1F929 -r 0x1F92A -r 0x1F92B -r 0x1F92C -r 0x1F92D -r 0x1F92E -r 0x1F92F -r 0x1F47B -r 0x1F480 -r 0x1F47D -r 0x1F525 -r 0x1F44A-0x1F450 -r 0x1F64C -r 0x1F64F -r 0x270A-0x270C -r 0x270D -r 0x1F4AA -r 0x1F91D -r 0x1F91E -r 0x1F596 -r 0x1F918 -r 0x1F919 -r 0x1F90C -r 0x1F90F -r 0x1F485 -r 0x1F933-0x1F939 -r 0x1F485 -r 0x2764 -r 0x1F9E1 -r 0x1F49B -r 0x1F49A -r 0x1F499 -r 0x1F49C -r 0x1F5A4 -r 0x1F495 -r 0x1F49E -r 0x1F493 -r 0x1F497 -r 0x1F498 -r 0x1F496 -r 0x1F49D -r 0x2665 -r 0x1F494 -r 0x1F90E -r 0x1F90D -r 0x1F389 -r 0x1F38A -r 0x1F388 -r 0x1F381 -r 0x2705 -r 0x274C -r 0x274E -r 0x1F4AF -r 0x2B50 -r 0x1F31F -r 0x2728 -r 0x1F680 -r 0x1F525 -r 0x1F4A1 -r 0x1F514 -r 0x1F3AF -r 0x1F50B -r 0x2699 -r 0x1F4E1 -r 0x1F30D -r 0x1F30E -r 0x1F30F -r 0x1F4AA -r 0x1F4B0 -r 0x1F51D -r 0x1F504 -r 0x1F3C6 -r 0x1F3C5 -r 0x1F396 -r 0x1F451 -r 0x1F44D -r 0x1F44E -r 0x1F44C -r 0x1F4F1 -r 0x1F4BB -r 0x1F5A5 -r 0x231A -r 0x1F4F7 -r 0x1F4F8 -r 0x1F3AC -r 0x1F3A5 -r 0x1F50A -r 0x1F507 -r 0x1F50D -r 0x1F50E -r 0x1F511 -r 0x1F512 -r 0x1F513 -r 0x1F6E0 -r 0x1F527 -r 0x1F528 -r 0x1F529 -r 0x1F4D6 -r 0x1F4DA -r 0x270F -r 0x1F58B -r 0x1F4C5 -r 0x1F4C8 -r 0x1F4C9 -r 0x1F4CA -r 0x1F4E2 -r 0x1F4E3 -r 0x1F3B5 -r 0x1F3B6 -r 0x1F3A7 -r 0x1F3B8 -r 0x1F3BA -r 0x1F3B9 -r 0x1F3BB -r 0x1F941 -r 0x2714 -r 0x2716 -r 0x2795 -r 0x2796 -r 0x2797 -r 0x2753 -r 0x2754 -r 0x2757 -r 0x2755 -r 0x203C -r 0x2049 -r 0x2139 -r 0x23F0 -r 0x23F3 -r 0x26A0 -r 0x26A1 -r 0x26D4 -r 0x267B -r 0x1F6AB -r 0x1F6A9 -r 0x1F3C1 -r 0x1F6A8 -r 0x2600 -r 0x2601 -r 0x2614 -r 0x26C5 -r 0x2744 -r 0x1F308 -r 0x1F319 -r 0x1F31A -r 0x1F31B -r 0x1F31C -r 0x1F31D -r 0x1F31E -r 0x1F30C -r 0x1F33A -r 0x1F33B -r 0x1F339 -r 0x1F33C -r 0x1F337 -r 0x1F33E -r 0x1F33F -r 0x1F340 -r 0x1F341 -r 0x1F342 -r 0x1F343 -r 0x2602 -r 0x2603 -r 0x26C4 -r 0x26F0 -r 0x26F1 -r 0x1F30B -r 0x1F30A -r 0x2615 -r 0x1F37A -r 0x1F37B -r 0x1F37E -r 0x1F377 -r 0x1F378 -r 0x1F379 -r 0x1F37C -r 0x1F354 -r 0x1F355 -r 0x1F356 -r 0x1F357 -r 0x1F32D -r 0x1F32E -r 0x1F32F -r 0x1F35F -r 0x1F363 -r 0x1F364 -r 0x1F345 -r 0x1F346 -r 0x1F34C -r 0x1F34E -r 0x1F34F -r 0x1F351 -r 0x1F352 -r 0x1F353 -r 0x1F36B -r 0x1F36D -r 0x1F36E -r 0x1F36F -r 0x1F370 -r 0x1F371 -r 0x1F372 -r 0x1F373 -r 0x1F381 -r 0x1F382 -r 0x1F436 -r 0x1F431 -r 0x1F42D -r 0x1F439 -r 0x1F430 -r 0x1F98A -r 0x1F43B -r 0x1F43C -r 0x1F438 -r 0x1F412 -r 0x1F414 -r 0x1F427 -r 0x1F426 -r 0x1F425 -r 0x1F98C -r 0x1F99D -r 0x1F40E -r 0x1F434 -r 0x1F984 -r 0x1F99E -r 0x1F9AC -r 0x1F40D -r 0x1F422 -r 0x1F420 -r 0x1F41F -r 0x1F433 -r 0x1F42B -r 0x1F981 -r 0x1F99B -r 0x1F697 -r 0x1F698 -r 0x1F695 -r 0x1F699 -r 0x1F68C -r 0x1F68E -r 0x1F693 -r 0x1F692 -r 0x1F691 -r 0x1F690 -r 0x1F6B2 -r 0x1F6F4 -r 0x1F6F5 -r 0x1F3CD -r 0x2708 -r 0x1F681 -r 0x1F6F8 -r 0x1F680 -r 0x1F4BA -r 0x26F5 -r 0x1F6A2 -r 0x1F6E5 -r 0x1F3A2 -r 0x1F3A0 -r 0x26BD -r 0x26BE -r 0x1F3C0 -r 0x1F3C8 -r 0x1F3BE -r 0x1F3B1 -r 0x1F3AE -r 0x1F3B0 -r 0x1F579 -r 0x1F47E -r 0x1F3B2 -r 0x265F -r 0x1F3A3 -r 0x26F3 -r 0x1F3C4 -r 0x1F3CA -r 0x1F6B4 -r 0x1F3C7 -r 0x1F3C2 -r 0x1F3CC -r 0x1F3CB
 ******************************************************************************/

#ifdef LV_LVGL_H_INCLUDE_SIMPLE
#include "lvgl.h"
#else
#include "lvgl.h"
#endif

#ifndef EMOJI_FONT
#define EMOJI_FONT 1
#endif

#if EMOJI_FONT

/*-----------------
 *    BITMAPS
 *----------------*/

/*Store the image of the glyphs*/
static LV_ATTRIBUTE_LARGE_CONST const uint8_t glyph_bitmap[] = {
    /* U+203C "‼" */
    0xf, 0x98, 0x98, 0x5b, 0x0, 0x0, 0x29, 0x98,
    0x98, 0x3e, 0x15, 0xff, 0xff, 0x94, 0x0, 0x0,
    0x42, 0xff, 0xff, 0x65, 0xf, 0xff, 0xff, 0x8e,
    0x0, 0x0, 0x3c, 0xff, 0xff, 0x5f, 0x9, 0xff,
    0xff, 0x88, 0x0, 0x0, 0x36, 0xff, 0xff, 0x59,
    0x2, 0xff, 0xff, 0x82, 0x0, 0x0, 0x30, 0xff,
    0xff, 0x53, 0x0, 0xfc, 0xff, 0x7b, 0x0, 0x0,
    0x2a, 0xff, 0xff, 0x4d, 0x0, 0xf6, 0xff, 0x75,
    0x0, 0x0, 0x24, 0xff, 0xff, 0x47, 0x0, 0xf0,
    0xff, 0x6f, 0x0, 0x0, 0x1e, 0xff, 0xff, 0x41,
    0x0, 0xe9, 0xff, 0x68, 0x0, 0x0, 0x19, 0xff,
    0xff, 0x3c, 0x0, 0xe3, 0xff, 0x62, 0x0, 0x0,
    0x13, 0xff, 0xff, 0x36, 0x0, 0xdd, 0xff, 0x5c,
    0x0, 0x0, 0xd, 0xff, 0xff, 0x30, 0x0, 0x2f,
    0x38, 0x13, 0x0, 0x0, 0x1, 0x38, 0x38, 0x9,
    0x0, 0x0, 0x0, 0x0, 0x0, 0x0, 0x0, 0x0,
    0x0, 0x0, 0xc, 0xa6, 0xd1, 0x4f, 0x0, 0x0,
    0x1d, 0xbc, 0xc8, 0x2f, 0x6e, 0xff, 0xff, 0xea,
    0x0, 0x0, 0x9a, 0xff, 0xff, 0xbb, 0x58, 0xff,
    0xff, 0xd6, 0x0, 0x0, 0x85, 0xff, 0xff, 0xa6,
    0x0, 0x69, 0x93, 0x26, 0x0, 0x0, 0x7, 0x7f,
    0x8a, 0x11,

    /* U+2049 "⁉" */
    0x4f, 0x98, 0x98, 0x20, 0x0, 0x0, 0x0, 0x1f,
    0x70, 0x8f, 0x87, 0x53, 0x5, 0x0, 0x0, 0x81,
    0xff, 0xff, 0x31, 0x0, 0x0, 0x7a, 0xfb, 0xff,
    0xff, 0xff, 0xff, 0xd7, 0x1f, 0x0, 0x7b, 0xff,
    0xff, 0x2b, 0x0, 0x5a, 0xff, 0xff, 0xbd, 0x74,
    0x90, 0xf8, 0xff, 0xc3, 0x0, 0x75, 0xff, 0xff,
    0x25, 0x0, 0xc8, 0xff, 0xbb, 0x0, 0x0, 0x0,
    0x65, 0xff, 0xff, 0x20, 0x6f, 0xff, 0xff, 0x1f,
    0x0, 0x70, 0x7c, 0x36, 0x0, 0x0, 0x0, 0x23,
    0xff, 0xff, 0x3c, 0x68, 0xff, 0xff, 0x19, 0x0,
    0x0, 0x0, 0x0, 0x0, 0x0, 0x0, 0x47, 0xff,
    0xff, 0x1d, 0x62, 0xff, 0xff, 0x13, 0x0, 0x0,
    0x0, 0x0, 0x0, 0x0, 0x14, 0xd7, 0xff, 0xc0,
    0x0, 0x5c, 0xff, 0xff, 0xd, 0x0, 0x0, 0x0,
    0x0, 0x0, 0x17, 0xd5, 0xff, 0xe2, 0x1c, 0x0,
    0x55, 0xff, 0xff, 0x8, 0x0, 0x0, 0x0, 0x0,
    0x6, 0xce, 0xff, 0xdc, 0x20, 0x0, 0x0, 0x4f,
    0xff, 0xff, 0x2, 0x0, 0x0, 0x0, 0x0, 0x5d,
    0xff, 0xf0, 0x1c, 0x0, 0x0, 0x0, 0x49, 0xff,
    0xfc, 0x0, 0x0, 0x0, 0x0, 0x0, 0x97, 0xff,
    0x9e, 0x0, 0x0, 0x0, 0x0, 0xf, 0x38, 0x36,
    0x0, 0x0, 0x0, 0x0, 0x0, 0x2c, 0x44, 0x23,
    0x0, 0x0, 0x0, 0x0, 0x0, 0x0, 0x0, 0x0,
    0x0, 0x0, 0x0, 0x0, 0x0, 0x0, 0x0, 0x0,
    0x0, 0x0, 0x0, 0x43, 0xcd, 0xb3, 0x14, 0x0,
    0x0, 0x0, 0x3, 0x91, 0xd5, 0x6f, 0x0, 0x0,
    0x0, 0x0, 0xda, 0xff, 0xff, 0x87, 0x0, 0x0,
    0x0, 0x4a, 0xff, 0xff, 0xff, 0x18, 0x0, 0x0,
    0x0, 0xc4, 0xff, 0xff, 0x72, 0x0, 0x0, 0x0,
    0x35, 0xff, 0xff, 0xf5, 0xc, 0x0, 0x0, 0x0,
    0x1d, 0x8f, 0x77, 0x3, 0x0, 0x0, 0x0, 0x0,
    0x55, 0x97, 0x3b, 0x0, 0x0, 0x0, 0x0,

    /* U+2139 "ℹ" */
    0x38, 0x89, 0x8c, 0x8c, 0x8c, 0x8c, 0x8c, 0x8c,
    0x8c, 0x8c, 0x8c, 0x8c, 0x8c, 0x8c, 0x8b, 0x55,
    0x0, 0xe7, 0xff, 0xff, 0xff, 0xff, 0xff, 0xff,
    0xff, 0xff, 0xff, 0xff, 0xff, 0xff, 0xff, 0xff,
    0xff, 0x20, 0xf8, 0xff, 0xff, 0xff, 0xff, 0xff,
    0xff, 0xff, 0xfd, 0xff, 0xff, 0xff, 0xff, 0xff,
    0xff, 0xff, 0x30, 0xf8, 0xff, 0xff, 0xff, 0xff,
    0xff, 0xf9, 0x2d, 0x12, 0xd9, 0xff, 0xff, 0xff,
    0xff, 0xff, 0xff, 0x30, 0xf8, 0xff, 0xff, 0xff,
    0xff, 0xff, 0xf3, 0xe, 0x0, 0xc5, 0xff, 0xff,
    0xff, 0xff, 0xff, 0xff, 0x30, 0xf8, 0xff, 0xff,
    0xff, 0xff, 0xff, 0xff, 0xe4, 0xd5, 0xff, 0xff,
    0xff, 0xff, 0xff, 0xff, 0xff, 0x30, 0xf8, 0xff,
    0xff, 0xff, 0xff, 0xff, 0xff, 0x5e, 0x44, 0xf1,
    0xff, 0xff, 0xff, 0xff, 0xff, 0xff, 0x30, 0xf8,
    0xff, 0xff, 0xff, 0xff, 0xff, 0xff, 0x24, 0x0,
    0xec, 0xff, 0xff, 0xff, 0xff, 0xff, 0xff, 0x30,
    0xf8, 0xff, 0xff, 0xff, 0xff, 0xff, 0xff, 0x24,
    0x0, 0xec, 0xff, 0xff, 0xff, 0xff, 0xff, 0xff,
    0x30, 0xf8, 0xff, 0xff, 0xff, 0xff, 0xff, 0xff,
    0x24, 0x0, 0xec, 0xff, 0xff, 0xff, 0xff, 0xff,
    0xff, 0x30, 0xf8, 0xff, 0xff, 0xff, 0xff, 0xff,
    0xff, 0x24, 0x0, 0xec, 0xff, 0xff, 0xff, 0xff,
    0xff, 0xff, 0x30, 0xf8, 0xff, 0xff, 0xff, 0xff,
    0xff, 0xff, 0x24, 0x0, 0xec, 0xff, 0xff, 0xff,
    0xff, 0xff, 0xff, 0x30, 0xf8, 0xff, 0xff, 0xff,
    0xff, 0xff, 0xff, 0x24, 0x0, 0xec, 0xff, 0xff,
    0xff, 0xff, 0xff, 0xff, 0x30, 0xf8, 0xff, 0xff,
    0xff, 0xff, 0xff, 0xff, 0x24, 0x0, 0xec, 0xff,
    0xff, 0xff, 0xff, 0xff, 0xff, 0x30, 0xf8, 0xff,
    0xff, 0xff, 0xff, 0xff, 0xff, 0xf5, 0xf4, 0xff,
    0xff, 0xff, 0xff, 0xff, 0xff, 0xff, 0x30, 0xe1,
    0xff, 0xff, 0xff, 0xff, 0xff, 0xff, 0xff, 0xff,
    0xff, 0xff, 0xff, 0xff, 0xff, 0xff, 0xfc, 0x1b,
    0x29, 0x71, 0x74, 0x74, 0x74, 0x74, 0x74, 0x74,
    0x74, 0x74, 0x74, 0x74, 0x74, 0x74, 0x73, 0x40,
    0x0,

    /* U+231A "⌚" */
    0x0, 0x0, 0x30, 0xa0, 0xa0, 0xa0, 0xa0, 0xa0,
    0xa0, 0x9e, 0x6, 0x0, 0x0, 0x0, 0x0, 0x0,
    0x82, 0x22, 0x0, 0x0, 0x0, 0x0, 0x0, 0x68,
    0x3d, 0x0, 0x0, 0x0, 0x0, 0xa, 0xff, 0xbb,
    0xdc, 0xff, 0xff, 0xff, 0xd7, 0xdb, 0xc0, 0x0,
    0x0, 0x0, 0x0, 0x63, 0xff, 0xff, 0xc0, 0x40,
    0x2a, 0x47, 0xdd, 0xff, 0xff, 0x24, 0x0, 0x0,
    0x0, 0x9f, 0xff, 0x23, 0x30, 0x0, 0x5f, 0x0,
    0x33, 0x32, 0xff, 0x56, 0x0, 0x0, 0x0, 0xd1,
    0x1e, 0x0, 0x2c, 0x0, 0x0, 0x0, 0x2d, 0x0,
    0x33, 0xb8, 0x0, 0x0, 0x2a, 0x81, 0x4f, 0x10,
    0x0, 0x0, 0x0, 0x0, 0x0, 0x2a, 0x36, 0x93,
    0x19, 0x0, 0x6f, 0x33, 0x0, 0x0, 0x62, 0x1a,
    0x1, 0x26, 0x89, 0x2, 0x0, 0x48, 0x8b, 0xd,
    0x85, 0x30, 0x49, 0x0, 0x21, 0xe3, 0xff, 0x87,
    0x3, 0x0, 0x5f, 0x2e, 0xff, 0x6b, 0x72, 0x2e,
    0x0, 0x0, 0x0, 0x18, 0x7d, 0x5, 0x0, 0x0,
    0x0, 0x43, 0xff, 0x3d, 0x32, 0x76, 0x45, 0xe,
    0x0, 0x0, 0x0, 0x0, 0x0, 0x25, 0x2d, 0x8a,
    0x1f, 0x0, 0x0, 0xca, 0x18, 0x0, 0x21, 0x0,
    0x0, 0x0, 0x21, 0x0, 0x29, 0xb6, 0x0, 0x0,
    0x0, 0xb6, 0xff, 0x15, 0x31, 0x0, 0x5f, 0x0,
    0x35, 0x1f, 0xff, 0x53, 0x0, 0x0, 0x0, 0x77,
    0xff, 0xff, 0x8c, 0x28, 0x12, 0x2b, 0xb2, 0xff,
    0xff, 0x1b, 0x0, 0x0, 0x0, 0x18, 0xff, 0xd4,
    0xff, 0xff, 0xff, 0xff, 0xff, 0xef, 0xc8, 0x0,
    0x0, 0x0, 0x0, 0x0, 0x85, 0x20, 0x0, 0x0,
    0x0, 0x0, 0x0, 0x65, 0x40, 0x0, 0x0, 0x0,
    0x0, 0x0, 0x33, 0xa2, 0xa0, 0xa0, 0xa0, 0xa0,
    0xa0, 0xa3, 0x7, 0x0, 0x0, 0x0,

    /* U+23F0 "⏰" */
    0x0, 0x46, 0x28, 0x29, 0x1, 0x2, 0x20, 0x20,
    0xd, 0x0, 0x19, 0x22, 0x49, 0x0, 0x0, 0xbb,
    0xff, 0xff, 0xcd, 0xe, 0xa0, 0xe1, 0x34, 0x5c,
    0xfe, 0xff, 0xff, 0x5, 0x32, 0xff, 0xff, 0xf6,
    0x2f, 0x3c, 0x87, 0xd7, 0x43, 0x11, 0x80, 0xff,
    0xff, 0x55, 0x3b, 0xb7, 0x3a, 0xff, 0xb2, 0x69,
    0x49, 0x4d, 0x61, 0xa6, 0xd8, 0x6b, 0x9b, 0x5b,
    0x0, 0x3, 0x9d, 0x64, 0x66, 0xac, 0x97, 0x8b,
    0x9c, 0x84, 0x5a, 0xa9, 0xb, 0x0, 0x0, 0x86,
    0x4a, 0xa6, 0x6b, 0x2d, 0x1d, 0x64, 0x1, 0x5e,
    0x9b, 0x4e, 0x9b, 0x0, 0x27, 0x8c, 0x8d, 0x46,
    0x6, 0x38, 0x0, 0x0, 0xa, 0x39, 0x6, 0x9b,
    0x73, 0x40, 0x88, 0x37, 0xa6, 0x6b, 0x11, 0x0,
    0x0, 0x0, 0x0, 0x0, 0x61, 0x59, 0x68, 0x9a,
    0xa1, 0x5d, 0x58, 0x0, 0x0, 0x73, 0x19, 0xa,
    0x3b, 0x63, 0x0, 0x0, 0x89, 0xa0, 0xa0, 0x76,
    0x5c, 0x64, 0x0, 0x1c, 0xff, 0xff, 0x39, 0x0,
    0x0, 0x82, 0x88, 0x9f, 0xa0, 0x62, 0x55, 0x0,
    0x0, 0x0, 0x19, 0x3d, 0x0, 0x0, 0x0, 0x0,
    0x8b, 0x9f, 0x94, 0x32, 0xa1, 0x65, 0x10, 0x0,
    0x0, 0x0, 0x0, 0x0, 0x5c, 0x4d, 0x6d, 0xa1,
    0x3f, 0x72, 0xa0, 0x3d, 0x4, 0x2c, 0x0, 0x0,
    0x8, 0x2c, 0x4, 0xa0, 0x5c, 0x5b, 0x0, 0xa1,
    0x31, 0xba, 0x58, 0x31, 0x1d, 0x64, 0x3, 0x56,
    0x9c, 0x49, 0xab, 0x2, 0x0, 0x11, 0xb0, 0x31,
    0x8c, 0xb8, 0x83, 0x77, 0x9b, 0xa3, 0x3d, 0xad,
    0x20, 0x0, 0x0, 0x0, 0xf, 0xff, 0x8c, 0x37,
    0x36, 0x3b, 0x39, 0x79, 0xee, 0x56, 0x0, 0x0,
    0x0, 0x0, 0x3, 0x55, 0x25, 0x74, 0x99, 0x9b,
    0x7c, 0x2f, 0x9, 0x54, 0x0, 0x0,

    /* U+23F3 "⏳" */
    0x19, 0x52, 0x73, 0x89, 0x92, 0x94, 0x8c, 0x7b,
    0x5e, 0x2e, 0x0, 0xff, 0xcf, 0xed, 0xff, 0xff,
    0xff, 0xff, 0xf5, 0xda, 0xe5, 0x58, 0xff, 0x5c,
    0x2a, 0x12, 0x10, 0x10, 0x10, 0x1f, 0x42, 0xe0,
    0x41, 0x85, 0x77, 0x72, 0x8c, 0x99, 0x9c, 0x91,
    0x7d, 0x58, 0xc0, 0x0, 0x59, 0x4d, 0x0, 0x0,
    0x0, 0x17, 0x49, 0x87, 0x36, 0x9e, 0x0, 0x13,
    0x9e, 0x67, 0xd8, 0xf3, 0xff, 0xff, 0xef, 0x63,
    0x57, 0x0, 0x0, 0x8f, 0x4f, 0xca, 0xff, 0xff,
    0xf8, 0x5f, 0xb1, 0x5, 0x0, 0x0, 0x9, 0xa5,
    0x66, 0x9a, 0xcd, 0x57, 0xae, 0x28, 0x0, 0x0,
    0x0, 0x0, 0x1, 0xaa, 0x9b, 0x91, 0xf9, 0x18,
    0x0, 0x0, 0x0, 0x0, 0x5, 0x96, 0x62, 0xd,
    0x6d, 0x3f, 0xad, 0x21, 0x0, 0x0, 0x0, 0x8a,
    0x3b, 0x0, 0x41, 0x97, 0x0, 0x16, 0xb1, 0x4,
    0x0, 0x14, 0x9a, 0x0, 0x0, 0xa6, 0xe7, 0x6,
    0x0, 0x53, 0x58, 0x0, 0x5c, 0x4a, 0x0, 0x49,
    0xfe, 0xff, 0x93, 0x0, 0x3, 0x9e, 0x0, 0x9e,
    0x87, 0xc4, 0xff, 0xff, 0xff, 0xff, 0xff, 0x7f,
    0xda, 0x1, 0xff, 0xc9, 0xf0, 0xff, 0xff, 0xff,
    0xfd, 0xed, 0xd2, 0xf3, 0x60, 0xe0, 0x46, 0x1a,
    0x4, 0x2, 0x5, 0x1, 0x13, 0x35, 0xb4, 0x48,
    0x1c, 0x62, 0x86, 0x98, 0x9e, 0x9f, 0x9b, 0x8e,
    0x70, 0x36, 0x0,

    /* U+2600 "☀" */
    0x0, 0x0, 0x0, 0x0, 0x0, 0x0, 0x0, 0x0,
    0x19, 0xac, 0x9, 0x0, 0x0, 0x0, 0x0, 0x0,
    0x0, 0x0, 0x0, 0x0, 0x56, 0x40, 0x0, 0x0,
    0x0, 0xa0, 0x81, 0x3d, 0x0, 0x0, 0x0, 0x0,
    0x0, 0x0, 0x0, 0x0, 0x0, 0xa7, 0x84, 0x8f,
    0xa, 0x50, 0x69, 0x34, 0x6d, 0x0, 0x0, 0x0,
    0x0, 0x0, 0x0, 0x0, 0x0, 0x0, 0x7c, 0x2b,
    0x35, 0xfa, 0xff, 0x97, 0x6c, 0xa5, 0x6, 0x30,
    0x60, 0x5d, 0x0, 0x0, 0x0, 0x0, 0x0, 0x44,
    0x79, 0xac, 0x60, 0x13, 0xa, 0x45, 0xff, 0xdb,
    0x79, 0x63, 0xa8, 0x0, 0x0, 0x0, 0x0, 0x6,
    0x40, 0xff, 0x1d, 0x0, 0x0, 0x0, 0x0, 0x6,
    0xa9, 0x1d, 0xa2, 0x1d, 0x0, 0x0, 0x74, 0xa8,
    0xa4, 0xd3, 0x84, 0x0, 0x0, 0x0, 0x0, 0x0,
    0x0, 0x1d, 0xea, 0x69, 0x0, 0x0, 0x0, 0x8d,
    0x64, 0x0, 0x9c, 0x7, 0x0, 0x0, 0x0, 0x0,
    0x0, 0x0, 0x0, 0xff, 0x42, 0x0, 0x0, 0x0,
    0x0, 0x5d, 0xa8, 0xbe, 0x0, 0x0, 0x0, 0x0,
    0x0, 0x0, 0x0, 0x0, 0xa6, 0x86, 0x8e, 0x9,
    0x0, 0x0, 0x0, 0x18, 0xff, 0x7, 0x0, 0x0,
    0x0, 0x0, 0x0, 0x0, 0x0, 0xa3, 0x0, 0x3a,
    0xb1, 0x6, 0x0, 0x0, 0x39, 0xda, 0x5f, 0x0,
    0x0, 0x0, 0x0, 0x0, 0x0, 0x29, 0xff, 0x9e,
    0xac, 0x96, 0x3, 0x0, 0x5, 0xac, 0xb, 0xb7,
    0x1b, 0x0, 0x0, 0x0, 0x0, 0x5, 0xfd, 0x92,
    0xc, 0x0, 0x0, 0x0, 0x0, 0x6a, 0x6f, 0x69,
    0xb8, 0xff, 0x66, 0x12, 0x9, 0x47, 0xaf, 0x62,
    0x7c, 0x0, 0x0, 0x0, 0x0, 0x0, 0x33, 0x78,
    0x43, 0xc, 0x6f, 0x88, 0x8f, 0xff, 0xff, 0x6e,
    0x1, 0xa1, 0x0, 0x0, 0x0, 0x0, 0x0, 0x0,
    0x0, 0x0, 0x0, 0x3d, 0x65, 0x2f, 0x8f, 0x0,
    0x60, 0xa2, 0xb5, 0x0, 0x0, 0x0, 0x0, 0x0,
    0x0, 0x0, 0x0, 0x0, 0xe, 0x95, 0xae, 0xd,
    0x0, 0x0, 0x1e, 0x58, 0x0, 0x0, 0x0, 0x0,
    0x0, 0x0, 0x0, 0x0, 0x0, 0x0, 0xa9, 0x47,
    0x0, 0x0, 0x0, 0x0, 0x0, 0x0, 0x0, 0x0,
    0x0,

    /* U+2601 "☁" */
    0x0, 0x0, 0x0, 0x0, 0x0, 0x0, 0x0, 0x0,
    0x2f, 0x99, 0x9f, 0xa0, 0xaa, 0x60, 0x0, 0x0,
    0x0, 0x0, 0x0, 0x0, 0x0, 0x0, 0x0, 0x0,
    0x0, 0x0, 0x4f, 0x83, 0x9, 0x0, 0x0, 0x2,
    0x72, 0x96, 0x0, 0x0, 0x0, 0x0, 0x0, 0x0,
    0x0, 0x0, 0x0, 0x0, 0x16, 0x8a, 0x0, 0x0,
    0x0, 0x0, 0x0, 0x0, 0x5f, 0x60, 0x0, 0x0,
    0x0, 0x0, 0x0, 0x0, 0x0, 0x48, 0x9c, 0xc5,
    0x5d, 0x0, 0x0, 0x0, 0x0, 0x0, 0x0, 0x1,
    0xa6, 0x0, 0x0, 0x0, 0x0, 0x0, 0x0, 0x61,
    0x85, 0x4, 0x5, 0x8a, 0x56, 0x0, 0x0, 0x0,
    0x0, 0x0, 0x0, 0xa0, 0x0, 0x0, 0x0, 0x0,
    0x0, 0x0, 0xa7, 0x0, 0x0, 0x0, 0x0, 0xa5,
    0x0, 0x0, 0x0, 0x0, 0x0, 0x0, 0xa4, 0x0,
    0x0, 0x0, 0x0, 0x4f, 0xb1, 0x7e, 0x0, 0x0,
    0x0, 0x0, 0x2c, 0x0, 0x0, 0x0, 0x0, 0x0,
    0x0, 0x5b, 0xb1, 0x20, 0x0, 0x6b, 0x73, 0x7,
    0x0, 0x0, 0x0, 0x0, 0x0, 0x0, 0x0, 0x0,
    0x0, 0x0, 0x0, 0x0, 0x0, 0x17, 0xa9, 0x0,
    0xa6, 0x0, 0x0, 0x0, 0x0, 0x0, 0x0, 0x0,
    0x0, 0x0, 0x0, 0x0, 0x0, 0x0, 0x0, 0x0,
    0x0, 0x99, 0x7, 0xaa, 0x3, 0x0, 0x0, 0x0,
    0x0, 0x0, 0x0, 0x0, 0x0, 0x0, 0x0, 0x0,
    0x0, 0x0, 0x0, 0x0, 0xaa, 0x0, 0x3f, 0xaa,
    0x40, 0x1e, 0x40, 0x1e, 0x0, 0x0, 0x0, 0x0,
    0x0, 0x0, 0x0, 0x0, 0x4, 0x22, 0x93, 0x67,
    0x0, 0x0, 0x14, 0x64, 0x7b, 0x5c, 0xa4, 0x7c,
    0x5a, 0x80, 0x9b, 0xe, 0x0, 0x0, 0xd, 0xa9,
    0x88, 0x3b, 0x0, 0x0, 0x0, 0x0, 0x0, 0x0,
    0x0, 0x0, 0x22, 0x43, 0x24, 0x27, 0x9c, 0xa0,
    0xa3, 0xab, 0x3b, 0x0, 0x0, 0x0, 0x0,

    /* U+2602 "☂" */
    0x0, 0x0, 0x0, 0x0, 0x0, 0x0, 0x0, 0x0,
    0x0, 0x69, 0x0, 0x0, 0x0, 0x0, 0x0, 0x0,
    0x0, 0x0, 0x0, 0x0, 0x0, 0x0, 0x0, 0x0,
    0x1a, 0x55, 0x7e, 0xff, 0x5d, 0x26, 0x0, 0x0,
    0x0, 0x0, 0x0, 0x0, 0x0, 0x0, 0x0, 0x0,
    0x49, 0xa3, 0x82, 0x5c, 0xdd, 0xa9, 0xab, 0x76,
    0xa5, 0x63, 0x1, 0x0, 0x0, 0x0, 0x0, 0x0,
    0x4, 0x93, 0x6e, 0x2, 0x3, 0xad, 0x1d, 0x0,
    0x8a, 0x33, 0x0, 0x4e, 0xa6, 0x11, 0x0, 0x0,
    0x0, 0x0, 0x9a, 0x3e, 0x0, 0x0, 0x6d, 0x4e,
    0x0, 0x0, 0x9, 0xa7, 0x0, 0x0, 0x20, 0xad,
    0x7, 0x0, 0x0, 0x51, 0x6b, 0x0, 0x0, 0x5,
    0xaa, 0x0, 0x0, 0x0, 0x0, 0x79, 0x2e, 0x0,
    0x0, 0x3b, 0x80, 0x0, 0x0, 0xa5, 0x5, 0x0,
    0x0, 0x46, 0x61, 0x0, 0x0, 0x0, 0x0, 0x23,
    0x7f, 0x0, 0x0, 0x0, 0xa4, 0x5, 0x1, 0xb7,
    0x6b, 0x7a, 0x42, 0x82, 0x44, 0x70, 0x68, 0xc1,
    0x73, 0x36, 0xa0, 0x2e, 0x73, 0x74, 0x9b, 0x2e,
    0xf, 0xa0, 0x3c, 0x21, 0x68, 0xff, 0x89, 0x9,
    0x0, 0xa0, 0x4, 0x6b, 0xff, 0x84, 0x27, 0x33,
    0x87, 0x39, 0x0, 0x0, 0x0, 0x0, 0x0, 0x18,
    0x0, 0x0, 0x0, 0xa0, 0x0, 0x0, 0x21, 0x0,
    0x0, 0x0, 0x0, 0x0, 0x0, 0x0, 0x0, 0x0,
    0x0, 0x0, 0x0, 0x0, 0x0, 0xa0, 0x0, 0x0,
    0x0, 0x0, 0x0, 0x0, 0x0, 0x0, 0x0, 0x0,
    0x0, 0x0, 0x0, 0x0, 0x0, 0x0, 0x0, 0xa0,
    0x0, 0x0, 0x0, 0x0, 0x0, 0x0, 0x0, 0x0,
    0x0, 0x0, 0x0, 0x0, 0x0, 0x0, 0x0, 0x0,
    0x5f, 0xf3, 0x14, 0x0, 0x0, 0x0, 0x0, 0x0,
    0x0, 0x0, 0x0, 0x0, 0x0, 0x0, 0x0, 0x0,
    0x4d, 0x29, 0x9c, 0x54, 0x24, 0x0, 0x0, 0x0,
    0x0, 0x0, 0x0, 0x0, 0x0, 0x0, 0x0, 0x0,
    0x0, 0x6, 0x83, 0x89, 0xa8, 0x54, 0x23, 0x0,
    0x0, 0x0, 0x0, 0x0, 0x0, 0x0, 0x0, 0x0,
    0x0, 0x0, 0x0, 0x1, 0x91, 0x1a, 0x20, 0x7f,
    0x8, 0x0, 0x0, 0x0, 0x0, 0x0, 0x0, 0x0,
    0x0, 0x0, 0x0, 0x0, 0x0, 0x0, 0x1e, 0x73,
    0x78, 0x34, 0x0, 0x0, 0x0, 0x0, 0x0, 0x0,
    0x0, 0x0,

    /* U+2603 "☃" */
    0x0, 0x0, 0x0, 0x0, 0x0, 0x32, 0x8b, 0x8d,
    0x64, 0xa, 0x0, 0x0, 0x0, 0x0, 0x0, 0x0,
    0x0, 0x0, 0x0, 0x74, 0xff, 0xff, 0xff, 0x30,
    0x0, 0x0, 0x0, 0x0, 0x2, 0x3a, 0x0, 0x0,
    0x0, 0x74, 0xff, 0xff, 0xff, 0x11, 0x0, 0x49,
    0x34, 0x0, 0x5, 0x49, 0x0, 0x0, 0x84, 0xcf,
    0xff, 0xff, 0xfd, 0x7a, 0x1e, 0x0, 0x0, 0x4f,
    0x0, 0x1d, 0x4d, 0x0, 0xb7, 0x6e, 0x61, 0x69,
    0x75, 0xff, 0x37, 0x0, 0x1, 0x1d, 0x15, 0x45,
    0x0, 0x57, 0x52, 0x0, 0x0, 0x0, 0x0, 0xf,
    0xa2, 0x0, 0x73, 0x0, 0x4, 0x1b, 0x29, 0x95,
    0xc, 0x70, 0xd, 0x22, 0x70, 0x0, 0xa3, 0x0,
    0x11, 0x12, 0x0, 0x6, 0x27, 0x85, 0x17, 0x0,
    0xc, 0x31, 0x0, 0x0, 0x9d, 0x0, 0x1e, 0x1f,
    0x0, 0x6, 0x19, 0x35, 0x7c, 0x0, 0x55, 0x77,
    0x0, 0x2a, 0x8b, 0xf, 0xe, 0x3, 0x0, 0xa3,
    0xb6, 0x32, 0xc2, 0xc, 0x0, 0x0, 0x0, 0x8f,
    0x83, 0x55, 0xd3, 0x28, 0x0, 0x2, 0x98, 0xe3,
    0x8, 0x0, 0x0, 0x0, 0x0, 0x0, 0x6b, 0xff,
    0x1d, 0x0, 0x0, 0x0, 0x80, 0x29, 0x0, 0x0,
    0x0, 0x0, 0x0, 0x0, 0x0, 0xb5, 0x9, 0x0,
    0x0, 0x0, 0xa1, 0x0, 0x0, 0x0, 0x0, 0x0,
    0x0, 0x0, 0x0, 0x8f, 0x27, 0x0, 0x0, 0x0,
    0x85, 0x24, 0x0, 0x0, 0x0, 0x0, 0x0, 0x0,
    0x0, 0xb1, 0xc, 0x0, 0x0, 0x0, 0x1d, 0xa5,
    0x3, 0x0, 0x0, 0x0, 0x0, 0x0, 0x51, 0x8b,
    0x0, 0x0, 0x0, 0x0, 0x0, 0x38, 0x9c, 0x43,
    0x5, 0x0, 0x22, 0x85, 0x89, 0x3, 0x0, 0x0,
    0x0, 0x0, 0x0, 0x0, 0x4, 0x5b, 0x91, 0x96,
    0x7e, 0x27, 0x0, 0x0, 0x0, 0x0,

    /* U+2614 "☔" */
    0x0, 0x0, 0x1, 0x35, 0x0, 0x0, 0x0, 0x0,
    0x0, 0x1b, 0x0, 0x0, 0x0, 0x0, 0x11, 0x25,
    0x0, 0x0, 0x0, 0x0, 0x49, 0xdf, 0x0, 0x0,
    0x0, 0x0, 0x0, 0xa0, 0x0, 0x0, 0x0, 0x0,
    0x82, 0xa9, 0x0, 0x0, 0x0, 0x0, 0x1a, 0x5f,
    0x0, 0x44, 0x96, 0x9f, 0xff, 0xff, 0xb8, 0x9b,
    0x5d, 0x6, 0x34, 0x46, 0x0, 0x0, 0x0, 0x0,
    0x0, 0x27, 0xae, 0x69, 0xb, 0x5f, 0x75, 0x13,
    0xa9, 0xa, 0x49, 0xaa, 0x47, 0x0, 0x0, 0x0,
    0x0, 0x0, 0x38, 0xae, 0x10, 0x0, 0x24, 0x9b,
    0x0, 0x21, 0x33, 0x7f, 0x0, 0x2, 0x81, 0x68,
    0x0, 0x0, 0x0, 0x13, 0xb7, 0x8, 0x39, 0x0,
    0x9e, 0x14, 0x3b, 0xdb, 0x0, 0x9c, 0x10, 0x1f,
    0x1f, 0x8b, 0x3e, 0x0, 0x0, 0x8b, 0x32, 0x3f,
    0xe3, 0x1d, 0x8e, 0x0, 0x22, 0x7c, 0x0, 0x41,
    0x67, 0x9c, 0x9b, 0x6, 0xaf, 0x0, 0x0, 0xae,
    0x0, 0x12, 0x56, 0x65, 0x40, 0x10, 0x3e, 0x44,
    0x20, 0x4, 0x9f, 0x38, 0x36, 0x0, 0x81, 0x24,
    0x8, 0xdb, 0xa7, 0x9c, 0x9b, 0xbe, 0xa3, 0x98,
    0x60, 0xf7, 0x85, 0xab, 0xd1, 0x85, 0x9a, 0xa8,
    0xc2, 0x4a, 0x9, 0x39, 0x0, 0x0, 0x10, 0xcd,
    0x32, 0x0, 0x0, 0xa0, 0x0, 0x10, 0xd6, 0x29,
    0x0, 0x0, 0x1e, 0x23, 0x0, 0x0, 0x0, 0x0,
    0x0, 0x0, 0x0, 0x0, 0x0, 0xa0, 0x0, 0x0,
    0x0, 0x0, 0x0, 0x0, 0x0, 0x0, 0x0, 0x0,
    0x0, 0x0, 0x0, 0x0, 0x0, 0x0, 0x0, 0xa0,
    0x0, 0x0, 0x0, 0x0, 0x0, 0x0, 0x0, 0x0,
    0x0, 0x0, 0x0, 0x0, 0x0, 0x0, 0x0, 0x0,
    0x3c, 0xed, 0x11, 0x0, 0x0, 0x0, 0x0, 0x0,
    0x0, 0x0, 0x0, 0x0, 0x0, 0x0, 0x0, 0x0,
    0x4c, 0x2f, 0x90, 0x5d, 0x2c, 0x0, 0x0, 0x0,
    0x0, 0x0, 0x0, 0x0, 0x0, 0x0, 0x0, 0x0,
    0x0, 0x6, 0x88, 0x8c, 0xa0, 0x50, 0x2b, 0x0,
    0x0, 0x0, 0x0, 0x0, 0x0, 0x0, 0x0, 0x0,
    0x0, 0x0, 0x0, 0x1, 0x92, 0x17, 0x22, 0x7e,
    0xd, 0x0, 0x0, 0x0, 0x0, 0x0, 0x0, 0x0,
    0x0, 0x0, 0x0, 0x0, 0x0, 0x0, 0x1c, 0x72,
    0x78, 0x38, 0x0, 0x0, 0x0, 0x0, 0x0, 0x0,
    0x0, 0x0,

    /* U+2615 "☕" */
    0x0, 0x0, 0x0, 0x0, 0x0, 0x0, 0x0, 0x0,
    0x0, 0x12, 0x6b, 0x8, 0x0, 0x0, 0x0, 0x0,
    0x0, 0x0, 0x0, 0x0, 0x0, 0x0, 0x0, 0x0,
    0x1, 0x54, 0xa8, 0x92, 0x0, 0x0, 0x0, 0x0,
    0x0, 0x0, 0x0, 0x0, 0x0, 0x0, 0x0, 0x5e,
    0xbf, 0x74, 0x8, 0xa2, 0x0, 0x0, 0x0, 0x0,
    0x0, 0x0, 0x0, 0x0, 0x0, 0x0, 0x7a, 0x7e,
    0xc, 0x56, 0xa0, 0x33, 0x0, 0x0, 0x0, 0x0,
    0x0, 0x0, 0x0, 0x0, 0x0, 0x0, 0xa0, 0x20,
    0x9c, 0x36, 0x0, 0x0, 0x0, 0x0, 0x0, 0x0,
    0x0, 0x0, 0x0, 0x3, 0x5f, 0x99, 0xd3, 0xe5,
    0xe4, 0xab, 0x9d, 0x4c, 0x0, 0x0, 0x0, 0x0,
    0x0, 0x0, 0x0, 0x98, 0x48, 0x1, 0x0, 0xf,
    0x2a, 0x0, 0x5, 0x59, 0x81, 0x0, 0x0, 0x0,
    0x0, 0x0, 0x0, 0xd3, 0x5f, 0x9c, 0xd8, 0xf3,
    0xf8, 0xdb, 0x96, 0x4e, 0xff, 0xba, 0x7d, 0xb,
    0x0, 0x0, 0x0, 0xaf, 0x73, 0xd7, 0xff, 0xff,
    0xff, 0xff, 0xc5, 0x62, 0xa7, 0x8, 0x55, 0xa3,
    0x0, 0x0, 0x0, 0xa8, 0x0, 0x5, 0x0, 0x0,
    0x0, 0x0, 0x0, 0x0, 0xa4, 0x1, 0x53, 0x9f,
    0x0, 0x0, 0x0, 0xa8, 0xe, 0x67, 0x0, 0x0,
    0x0, 0x0, 0x0, 0x16, 0xff, 0xc1, 0x84, 0xa,
    0x0, 0x0, 0x1c, 0xdc, 0x42, 0x79, 0x0, 0x0,
    0x0, 0x0, 0x0, 0x62, 0xc1, 0xf, 0x0, 0x0,
    0x0, 0x63, 0x93, 0x39, 0xaf, 0x11, 0x0, 0x0,
    0x0, 0x0, 0x5, 0xb6, 0x3e, 0xab, 0x31, 0x0,
    0x2, 0xa6, 0x0, 0x0, 0x5c, 0x97, 0x10, 0x0,
    0x0, 0x17, 0xa7, 0x43, 0x73, 0x7, 0xa0, 0x0,
    0x0, 0xa4, 0x2c, 0x0, 0x0, 0x3a, 0x9e, 0xa4,
    0xa4, 0x98, 0x2c, 0x11, 0x29, 0x65, 0x68, 0x0,
    0x0, 0xa, 0x8a, 0xa0, 0x65, 0x2a, 0x12, 0x1,
    0x5, 0x19, 0x39, 0x7a, 0xaa, 0x5d, 0x0, 0x0,
    0x0, 0x0, 0x0, 0xb, 0x4a, 0x77, 0x8d, 0x9d,
    0x9a, 0x86, 0x6d, 0x36, 0x1, 0x0, 0x0, 0x0,

    /* U+265F "♟" */
    0x0, 0x0, 0x0, 0x15, 0x78, 0x88, 0x34, 0x0,
    0x0, 0x0, 0x0, 0x0, 0x0, 0xc, 0xdd, 0xf4,
    0xf7, 0xfc, 0x41, 0x0, 0x0, 0x0, 0x0, 0x0,
    0x56, 0xf9, 0x58, 0xe8, 0xff, 0xaa, 0x0, 0x0,
    0x0, 0x0, 0x0, 0x5c, 0xfd, 0xeb, 0xff, 0xff,
    0xaf, 0x0, 0x0, 0x0, 0x0, 0x0, 0x17, 0xf9,
    0xff, 0xff, 0xff, 0x61, 0x0, 0x0, 0x0, 0x0,
    0x0, 0x96, 0xad, 0xc9, 0xd4, 0xa5, 0xd6, 0x1,
    0x0, 0x0, 0x0, 0x0, 0x64, 0xda, 0xa4, 0x9c,
    0xc8, 0xae, 0x0, 0x0, 0x0, 0x0, 0x0, 0x0,
    0x8b, 0xff, 0xff, 0xda, 0x0, 0x0, 0x0, 0x0,
    0x0, 0x0, 0x0, 0xac, 0xff, 0xff, 0xf7, 0x5,
    0x0, 0x0, 0x0, 0x0, 0x0, 0x17, 0xf2, 0xff,
    0xff, 0xff, 0x5c, 0x0, 0x0, 0x0, 0x0, 0x9,
    0xac, 0x94, 0xb3, 0xb7, 0xa2, 0xa1, 0x3d, 0x0,
    0x0, 0x0, 0x9f, 0xfd, 0xd5, 0xbb, 0xb8, 0xca,
    0xf5, 0xda, 0x16, 0x0, 0x40, 0xb9, 0xbd, 0xfc,
    0xff, 0xff, 0xff, 0xdb, 0x98, 0x8f, 0x0, 0x67,
    0xf8, 0x98, 0x5a, 0x52, 0x51, 0x54, 0x7c, 0xe2,
    0xb8, 0x0, 0xd5, 0xdf, 0xc6, 0xfd, 0xff, 0xff,
    0xff, 0xff, 0xff, 0xff, 0x24, 0x94, 0xf3, 0x95,
    0x5a, 0x6b, 0xff, 0xff, 0xff, 0xff, 0xd9, 0xa,
    0x1, 0x47, 0x95, 0xc2, 0xd3, 0xd7, 0xc9, 0xa5,
    0x65, 0xb, 0x0,

    /* U+2665 "♥" */
    0x0, 0x0, 0xc, 0x61, 0x8c, 0x85, 0x41, 0x0,
    0x0, 0x0, 0x0, 0x22, 0x75, 0x90, 0x75, 0x21,
    0x0, 0x0, 0x0, 0x31, 0xe4, 0xff, 0xff, 0xff,
    0xff, 0xb6, 0xd, 0x0, 0x75, 0xfb, 0xff, 0xff,
    0xff, 0xfb, 0x6a, 0x0, 0xa, 0xe0, 0xff, 0xff,
    0xff, 0xff, 0xff, 0xff, 0xb3, 0x61, 0xff, 0xff,
    0xff, 0xff, 0xff, 0xff, 0xfd, 0x3d, 0x5c, 0xff,
    0xff, 0xff, 0xff, 0xff, 0xff, 0xff, 0xff, 0xf8,
    0xff, 0xff, 0xff, 0xff, 0xff, 0xff, 0xff, 0xac,
    0x8b, 0xff, 0xff, 0xff, 0xff, 0xff, 0xff, 0xff,
    0xff, 0xff, 0xff, 0xff, 0xff, 0xff, 0xff, 0xff,
    0xff, 0xda, 0x85, 0xff, 0xff, 0xff, 0xff, 0xff,
    0xff, 0xff, 0xff, 0xff, 0xff, 0xff, 0xff, 0xff,
    0xff, 0xff, 0xff, 0xd4, 0x60, 0xff, 0xff, 0xff,
    0xff, 0xff, 0xff, 0xff, 0xff, 0xff, 0xff, 0xff,
    0xff, 0xff, 0xff, 0xff, 0xff, 0xb0, 0x14, 0xfa,
    0xff, 0xff, 0xff, 0xff, 0xff, 0xff, 0xff, 0xff,
    0xff, 0xff, 0xff, 0xff, 0xff, 0xff, 0xff, 0x5d,
    0x0, 0xa6, 0xff, 0xff, 0xff, 0xff, 0xff, 0xff,
    0xff, 0xff, 0xff, 0xff, 0xff, 0xff, 0xff, 0xff,
    0xeb, 0xa, 0x0, 0x21, 0xf4, 0xff, 0xff, 0xff,
    0xff, 0xff, 0xff, 0xff, 0xff, 0xff, 0xff, 0xff,
    0xff, 0xff, 0x63, 0x0, 0x0, 0x0, 0x61, 0xff,
    0xff, 0xff, 0xff, 0xff, 0xff, 0xff, 0xff, 0xff,
    0xff, 0xff, 0xff, 0xae, 0x0, 0x0, 0x0, 0x0,
    0x0, 0x90, 0xff, 0xff, 0xff, 0xff, 0xff, 0xff,
    0xff, 0xff, 0xff, 0xff, 0xcf, 0xd, 0x0, 0x0,
    0x0, 0x0, 0x0, 0x1, 0xa0, 0xff, 0xff, 0xff,
    0xff, 0xff, 0xff, 0xff, 0xff, 0xd7, 0x17, 0x0,
    0x0, 0x0, 0x0, 0x0, 0x0, 0x0, 0x2, 0x99,
    0xff, 0xff, 0xff, 0xff, 0xff, 0xff, 0xd1, 0x17,
    0x0, 0x0, 0x0, 0x0, 0x0, 0x0, 0x0, 0x0,
    0x0, 0x0, 0x7e, 0xff, 0xff, 0xff, 0xff, 0xbd,
    0xf, 0x0, 0x0, 0x0, 0x0, 0x0, 0x0, 0x0,
    0x0, 0x0, 0x0, 0x0, 0x0, 0x57, 0xf5, 0xff,
    0x97, 0x4, 0x0, 0x0, 0x0, 0x0, 0x0, 0x0,
    0x0, 0x0, 0x0, 0x0, 0x0, 0x0, 0x0, 0x0,
    0x2e, 0x5d, 0x0, 0x0, 0x0, 0x0, 0x0, 0x0,
    0x0, 0x0,

    /* U+267B "♻" */
    0x0, 0x0, 0x0, 0x0, 0x0, 0x10, 0x7a, 0xb8,
    0x9c, 0x9c, 0x9c, 0x89, 0x16, 0x0, 0x0, 0x0,
    0x0, 0x0, 0x0, 0x0, 0x0, 0x0, 0x0, 0x9b,
    0x20, 0x36, 0xa6, 0x8, 0x4, 0x29, 0xaf, 0x4b,
    0xa4, 0x0, 0x0, 0x0, 0x0, 0x0, 0x0, 0x0,
    0x3b, 0x63, 0x0, 0x3, 0xe2, 0x89, 0x0, 0x0,
    0x41, 0xab, 0x7d, 0x0, 0x0, 0x0, 0x0, 0x0,
    0x0, 0x0, 0x9b, 0x6, 0x0, 0x5b, 0x60, 0x7b,
    0x48, 0x0, 0x0, 0x74, 0x33, 0x0, 0x0, 0x0,
    0x0, 0x0, 0x0, 0xf, 0xbe, 0x39, 0x1, 0xb7,
    0xf, 0xca, 0x9a, 0x15, 0x1, 0xaa, 0x2, 0x0,
    0x0, 0x0, 0x0, 0x0, 0x0, 0x0, 0x9, 0x72,
    0xb1, 0x72, 0x1, 0x5d, 0x71, 0x8c, 0xa1, 0x81,
    0x0, 0x2, 0x2, 0x0, 0x0, 0x17, 0x49, 0x7b,
    0xaa, 0xe, 0xb, 0x9, 0x0, 0x0, 0x0, 0x0,
    0x0, 0x0, 0x43, 0xb9, 0x63, 0x0, 0x61, 0xff,
    0x6f, 0x28, 0x44, 0x5b, 0x0, 0x0, 0x0, 0x0,
    0x0, 0x0, 0x16, 0xa3, 0x72, 0x6, 0xac, 0xe,
    0x0, 0x75, 0x66, 0x0, 0x3, 0x99, 0x0, 0x0,
    0x0, 0x0, 0x0, 0x0, 0x7, 0xb1, 0x2, 0x0,
    0x35, 0x88, 0x0, 0xaf, 0x2, 0x0, 0x3e, 0xcd,
    0xd, 0x0, 0x0, 0x0, 0x0, 0x0, 0x0, 0x5c,
    0x5f, 0x0, 0x0, 0xa5, 0x0, 0xa6, 0x0, 0x1,
    0xa6, 0xa5, 0x31, 0x0, 0x0, 0x0, 0x0, 0x29,
    0xec, 0x1, 0xb0, 0x8, 0x6, 0x9c, 0x0, 0x7e,
    0x38, 0x57, 0x52, 0x0, 0x0, 0x0, 0x0, 0x0,
    0x16, 0xb2, 0xc3, 0x84, 0xc7, 0xea, 0xfb, 0x41,
    0x0, 0x12, 0xad, 0xdd, 0xa1, 0xa0, 0xa0, 0xdc,
    0x0, 0x9, 0xae, 0x1d, 0x1c, 0x24, 0x23, 0x38,
    0x85, 0x0, 0x0, 0x0, 0x8d, 0xc3, 0x0, 0x0,
    0x0, 0xa0, 0x0, 0x6e, 0x65, 0x0, 0x0, 0x0,
    0x5, 0xa5, 0x8, 0x0, 0x0, 0x0, 0x1a, 0xc5,
    0xc, 0x0, 0x0, 0xa0, 0x0, 0x3, 0xa1, 0x2f,
    0x5a, 0x75, 0xa5, 0x30, 0x0, 0x0, 0x0, 0x0,
    0x0, 0x3f, 0xa1, 0xa0, 0xa0, 0xaa, 0x0, 0x0,
    0x8, 0xa9, 0xc9, 0x1d, 0x7, 0x0, 0x0, 0x0,
    0x0, 0x0, 0x0, 0x0, 0x0, 0x0, 0x0, 0x0,
    0x0, 0x0, 0x0, 0xe, 0x9d, 0x0, 0x0, 0x0,
    0x0, 0x0,

    /* U+2699 "⚙" */
    0x0, 0x0, 0x0, 0x0, 0x0, 0x0, 0x25, 0xa0,
    0xa0, 0x7f, 0x0, 0x0, 0x0, 0x0, 0x0, 0x0,
    0x0, 0x0, 0x0, 0x0, 0x15, 0x0, 0x0, 0x52,
    0x56, 0x0, 0xa9, 0x0, 0x0, 0xe, 0x4, 0x0,
    0x0, 0x0, 0x0, 0x0, 0x6a, 0xba, 0x69, 0x0,
    0x6e, 0x3c, 0x0, 0xa7, 0x3, 0x20, 0xac, 0x99,
    0x3, 0x0, 0x0, 0x0, 0x53, 0x88, 0x0, 0x5f,
    0xb7, 0x94, 0x12, 0x0, 0x4c, 0xa7, 0xa2, 0xe,
    0x47, 0x83, 0x0, 0x0, 0x0, 0xc, 0xb5, 0x13,
    0x0, 0x2, 0x20, 0x73, 0x7f, 0x48, 0x1, 0x2,
    0x0, 0x9b, 0x26, 0x0, 0x0, 0x0, 0x0, 0x27,
    0xa7, 0x0, 0x5f, 0x84, 0x1d, 0xb, 0x4c, 0x98,
    0x9, 0x52, 0x68, 0x0, 0x0, 0x0, 0x0, 0x5,
    0x3b, 0x7e, 0x2e, 0x76, 0x7, 0x7d, 0x98, 0x40,
    0x1c, 0x80, 0x27, 0x7e, 0x9, 0x0, 0x0, 0xc6,
    0x9b, 0x83, 0x1c, 0x87, 0x9, 0x96, 0x2b, 0x3,
    0x7d, 0x3d, 0x82, 0x4, 0x73, 0x98, 0xc7, 0x11,
    0xa0, 0x0, 0x0, 0x0, 0x8c, 0x0, 0x98, 0x0,
    0x0, 0x11, 0x86, 0x68, 0x17, 0x0, 0x0, 0x8c,
    0x14, 0xcd, 0x90, 0x73, 0x19, 0x86, 0xa, 0x9c,
    0x1d, 0x0, 0x70, 0x47, 0x82, 0x3, 0x66, 0x8a,
    0xcd, 0x12, 0x0, 0x10, 0x49, 0x7b, 0x2e, 0x76,
    0xc, 0x89, 0x9b, 0x4e, 0x1b, 0x7f, 0x25, 0x8a,
    0x16, 0x0, 0x0, 0x0, 0x0, 0x24, 0xa6, 0x0,
    0x5f, 0x81, 0x1c, 0xa, 0x49, 0x96, 0x9, 0x51,
    0x69, 0x0, 0x0, 0x0, 0x0, 0xb, 0xb3, 0x13,
    0x0, 0x2, 0x21, 0x73, 0x80, 0x49, 0x1, 0x2,
    0x0, 0x9c, 0x25, 0x0, 0x0, 0x0, 0x53, 0x87,
    0x0, 0x5d, 0xb7, 0x94, 0x11, 0x0, 0x4a, 0xa9,
    0xa1, 0xd, 0x46, 0x84, 0x0, 0x0, 0x0, 0x0,
    0x6d, 0xb7, 0x6a, 0x0, 0x6e, 0x3b, 0x0, 0xa6,
    0x3, 0x21, 0xac, 0x9b, 0x3, 0x0, 0x0, 0x0,
    0x0, 0x0, 0x17, 0x0, 0x0, 0x53, 0x55, 0x0,
    0xa8, 0x0, 0x0, 0xf, 0x5, 0x0, 0x0, 0x0,
    0x0, 0x0, 0x0, 0x0, 0x0, 0x0, 0x28, 0xa3,
    0xa0, 0x84, 0x0, 0x0, 0x0, 0x0, 0x0, 0x0,
    0x0,

    /* U+26A0 "⚠" */
    0x0, 0x0, 0x0, 0x0, 0x0, 0x0, 0x0, 0x68,
    0x78, 0x2, 0x0, 0x0, 0x0, 0x0, 0x0, 0x0,
    0x0, 0x0, 0x0, 0x0, 0x0, 0x0, 0x52, 0x6a,
    0x4e, 0x6e, 0x0, 0x0, 0x0, 0x0, 0x0, 0x0,
    0x0, 0x0, 0x0, 0x0, 0x0, 0x1, 0xab, 0x3,
    0x0, 0xa7, 0x7, 0x0, 0x0, 0x0, 0x0, 0x0,
    0x0, 0x0, 0x0, 0x0, 0x0, 0x4f, 0x60, 0x0,
    0x0, 0x45, 0x6a, 0x0, 0x0, 0x0, 0x0, 0x0,
    0x0, 0x0, 0x0, 0x0, 0x0, 0xaa, 0x4, 0xa,
    0x19, 0x0, 0xa9, 0x5, 0x0, 0x0, 0x0, 0x0,
    0x0, 0x0, 0x0, 0x0, 0x48, 0x68, 0x0, 0xa2,
    0xf1, 0x2, 0x4b, 0x64, 0x0, 0x0, 0x0, 0x0,
    0x0, 0x0, 0x0, 0x0, 0xa9, 0x7, 0x0, 0xac,
    0xfa, 0x0, 0x0, 0xac, 0x4, 0x0, 0x0, 0x0,
    0x0, 0x0, 0x0, 0x42, 0x6f, 0x0, 0x0, 0x97,
    0xe6, 0x0, 0x0, 0x52, 0x5e, 0x0, 0x0, 0x0,
    0x0, 0x0, 0x0, 0xa7, 0x9, 0x0, 0x0, 0x82,
    0xd1, 0x0, 0x0, 0x1, 0xac, 0x2, 0x0, 0x0,
    0x0, 0x0, 0x3b, 0x75, 0x0, 0x0, 0x0, 0x6e,
    0xbd, 0x0, 0x0, 0x0, 0x59, 0x58, 0x0, 0x0,
    0x0, 0x0, 0xa5, 0xc, 0x0, 0x0, 0x0, 0x59,
    0xa8, 0x0, 0x0, 0x0, 0x2, 0xad, 0x1, 0x0,
    0x0, 0x34, 0x7d, 0x0, 0x0, 0x0, 0x0, 0x43,
    0x93, 0x0, 0x0, 0x0, 0x0, 0x5f, 0x52, 0x0,
    0x0, 0xa2, 0x10, 0x0, 0x0, 0x0, 0x0, 0x5,
    0x16, 0x0, 0x0, 0x0, 0x0, 0x4, 0xad, 0x0,
    0x2e, 0x83, 0x0, 0x0, 0x0, 0x0, 0x0, 0x5e,
    0xad, 0x0, 0x0, 0x0, 0x0, 0x0, 0x66, 0x4c,
    0x99, 0x14, 0x0, 0x0, 0x0, 0x0, 0x0, 0x15,
    0x31, 0x0, 0x0, 0x0, 0x0, 0x0, 0x6, 0xa7,
    0xab, 0x5, 0x0, 0x0, 0x0, 0x0, 0x0, 0x0,
    0x0, 0x0, 0x0, 0x0, 0x0, 0x0, 0x1, 0xad,
    0x44, 0x9f, 0xa0, 0xa0, 0xa0, 0xa0, 0xa0, 0xa0,
    0xa0, 0xa0, 0xa0, 0xa0, 0xa0, 0xa0, 0xa0, 0x54,

    /* U+26A1 "⚡" */
    0x0, 0x0, 0x0, 0x0, 0x0, 0x0, 0x0, 0x0,
    0x0, 0x0, 0x0, 0x44, 0x1d, 0x0, 0x0, 0x0,
    0x0, 0x0, 0x0, 0x0, 0x0, 0x0, 0x0, 0x3,
    0x83, 0xd9, 0x39, 0x0, 0x0, 0x0, 0x0, 0x0,
    0x0, 0x0, 0x0, 0x0, 0x14, 0xa3, 0x57, 0x93,
    0x0, 0x0, 0x0, 0x0, 0x0, 0x0, 0x0, 0x0,
    0x0, 0x36, 0xa4, 0x18, 0x98, 0x16, 0x0, 0x0,
    0x0, 0x0, 0x0, 0x0, 0x0, 0x0, 0x65, 0x86,
    0x4, 0x46, 0x67, 0x0, 0x0, 0x0, 0x0, 0x0,
    0x0, 0x0, 0x8, 0x90, 0x54, 0x0, 0x7, 0xa4,
    0x2, 0x0, 0x0, 0x0, 0x0, 0x0, 0x0, 0x20,
    0xa3, 0x28, 0x0, 0x0, 0x7d, 0x31, 0x0, 0x0,
    0x0, 0x0, 0x0, 0x0, 0x46, 0x96, 0xc, 0x0,
    0x0, 0x7, 0x98, 0xa0, 0xa0, 0xa0, 0xb3, 0x7f,
    0x1, 0x76, 0x6f, 0x0, 0x0, 0x0, 0x0, 0x0,
    0x0, 0x0, 0x0, 0x2a, 0x9f, 0x14, 0x32, 0xd0,
    0xa0, 0xa0, 0xa0, 0xa0, 0x86, 0x0, 0x0, 0x0,
    0x4b, 0x90, 0x6, 0x0, 0x0, 0x0, 0x0, 0x0,
    0x0, 0x57, 0x57, 0x0, 0x0, 0x71, 0x71, 0x0,
    0x0, 0x0, 0x0, 0x0, 0x0, 0x0, 0xd, 0x9f,
    0x0, 0x6, 0x92, 0x4b, 0x0, 0x0, 0x0, 0x0,
    0x0, 0x0, 0x0, 0x0, 0x89, 0x25, 0x16, 0xa4,
    0x2b, 0x0, 0x0, 0x0, 0x0, 0x0, 0x0, 0x0,
    0x0, 0x30, 0x7d, 0x2f, 0xa4, 0x14, 0x0, 0x0,
    0x0, 0x0, 0x0, 0x0, 0x0, 0x0, 0x1, 0xa3,
    0x5a, 0x92, 0x6, 0x0, 0x0, 0x0, 0x0, 0x0,
    0x0, 0x0, 0x0, 0x0, 0x5c, 0xc4, 0x72, 0x0,
    0x0, 0x0, 0x0, 0x0, 0x0, 0x0, 0x0, 0x0,
    0x0, 0x0, 0x31, 0x3f, 0x0, 0x0, 0x0, 0x0,
    0x0, 0x0, 0x0, 0x0, 0x0, 0x0,

    /* U+26BD "⚽" */
    0x0, 0x0, 0x0, 0x0, 0x0, 0x23, 0x6d, 0x8e,
    0xa0, 0x85, 0x3c, 0x2, 0x0, 0x0, 0x0, 0x0,
    0x0, 0x0, 0x0, 0x0, 0x2a, 0xe0, 0x87, 0x37,
    0x11, 0xf, 0x9c, 0xff, 0xff, 0x55, 0x0, 0x0,
    0x0, 0x0, 0x0, 0x0, 0x64, 0xff, 0xb8, 0x0,
    0x0, 0x0, 0x0, 0x0, 0xc3, 0x34, 0x84, 0x8a,
    0x1, 0x0, 0x0, 0x0, 0x41, 0xff, 0xff, 0xeb,
    0x24, 0x0, 0x0, 0x8, 0x62, 0xae, 0x0, 0x0,
    0x54, 0x7d, 0x0, 0x0, 0x3, 0xff, 0xff, 0x90,
    0x34, 0x88, 0xb2, 0xd5, 0xf3, 0xff, 0xe8, 0x13,
    0x0, 0x0, 0x8b, 0x2d, 0x0, 0x5d, 0xff, 0x95,
    0x0, 0x0, 0x0, 0x48, 0xff, 0xff, 0xff, 0xff,
    0xbf, 0x4, 0x0, 0x15, 0xce, 0x0, 0xa0, 0x9e,
    0x14, 0x0, 0x0, 0x0, 0x3b, 0xff, 0xff, 0xff,
    0xff, 0xff, 0xff, 0xa0, 0xa3, 0xff, 0x9, 0xa0,
    0x8d, 0x12, 0x0, 0x0, 0x0, 0x2b, 0xff, 0xff,
    0xff, 0xff, 0xe9, 0x10, 0x6, 0x8c, 0xff, 0x2d,
    0xa0, 0x82, 0x1e, 0x0, 0x0, 0xa, 0x8c, 0x98,
    0xdc, 0xff, 0xfe, 0x4f, 0x0, 0x0, 0x1f, 0xff,
    0x41, 0xa0, 0xa5, 0xaa, 0x29, 0x15, 0x8a, 0x10,
    0x0, 0x0, 0x2a, 0xcc, 0x0, 0x0, 0x0, 0x8,
    0xff, 0x2e, 0xa0, 0xb6, 0xff, 0xff, 0xff, 0x7,
    0x0, 0x0, 0x0, 0x0, 0x7c, 0x27, 0x0, 0x0,
    0x39, 0xff, 0xa, 0x5d, 0xff, 0xff, 0xff, 0xdf,
    0x0, 0x0, 0x0, 0x0, 0x0, 0x4c, 0x55, 0x0,
    0x1d, 0xbc, 0xa2, 0x0, 0x4, 0xff, 0xff, 0xff,
    0xff, 0x1f, 0x0, 0x0, 0x0, 0x0, 0x96, 0xff,
    0xc0, 0xea, 0x9b, 0x31, 0x0, 0x0, 0x4d, 0xff,
    0xf2, 0xb3, 0xbd, 0x89, 0x3c, 0xa, 0x96, 0xff,
    0xff, 0xff, 0xb8, 0x82, 0x0, 0x0, 0x0, 0x0,
    0x66, 0xa6, 0xd, 0x0, 0x1d, 0x66, 0xe3, 0xff,
    0xff, 0xff, 0xff, 0xb5, 0x1, 0x0, 0x0, 0x0,
    0x0, 0x0, 0x2e, 0xa9, 0x7b, 0x2d, 0x8, 0x3,
    0xd1, 0xff, 0xff, 0x65, 0x0, 0x0, 0x0, 0x0,
    0x0, 0x0, 0x0, 0x0, 0x0, 0x2e, 0x77, 0x97,
    0x9d, 0x87, 0x47, 0x6, 0x0, 0x0, 0x0, 0x0,
    0x0,

    /* U+26BE "⚾" */
    0x0, 0x0, 0x0, 0x0, 0x0, 0x28, 0x96, 0x91,
    0x94, 0x77, 0x30, 0x0, 0x0, 0x0, 0x0, 0x0,
    0x0, 0x0, 0x0, 0x0, 0x2d, 0xa7, 0x7f, 0x85,
    0x91, 0xb, 0x2b, 0x76, 0xab, 0x38, 0x0, 0x0,
    0x0, 0x0, 0x0, 0x0, 0x51, 0x9d, 0xf, 0x0,
    0x0, 0xba, 0xff, 0x2b, 0x0, 0x9, 0x8e, 0x64,
    0x0, 0x0, 0x0, 0x0, 0x3a, 0x97, 0x1, 0x0,
    0x0, 0x0, 0x4a, 0x5d, 0xbc, 0x84, 0x0, 0x0,
    0x82, 0x4e, 0x0, 0x0, 0x5, 0xaf, 0x6, 0x0,
    0x0, 0x0, 0x0, 0x0, 0x0, 0xef, 0xb9, 0xc,
    0x0, 0x1, 0xaa, 0xd, 0x0, 0x5f, 0x4f, 0x5b,
    0x26, 0x0, 0x0, 0x0, 0x0, 0x0, 0x2b, 0x2a,
    0xed, 0xc2, 0x2, 0x37, 0x77, 0x0, 0xb3, 0x9a,
    0xff, 0xe4, 0x86, 0x9c, 0x0, 0x0, 0x0, 0x0,
    0x0, 0xa5, 0xab, 0x61, 0x45, 0xa6, 0x0, 0xff,
    0x1b, 0x4b, 0x0, 0x91, 0xff, 0x26, 0x36, 0x0,
    0x0, 0x0, 0x11, 0x1, 0xff, 0xc2, 0xac, 0x0,
    0xa0, 0x0, 0x0, 0x0, 0x1e, 0x25, 0xff, 0x80,
    0x0, 0x0, 0x0, 0x0, 0x0, 0x34, 0x2a, 0xff,
    0x9, 0xa0, 0x0, 0x0, 0x0, 0x0, 0x29, 0x59,
    0xa8, 0x7, 0x3, 0x0, 0x0, 0x0, 0x0, 0x0,
    0xa0, 0x0, 0xa2, 0x4, 0x0, 0x0, 0x0, 0x0,
    0x18, 0xd5, 0xff, 0x30, 0x0, 0x0, 0x0, 0x0,
    0x0, 0xa6, 0x0, 0x60, 0x4d, 0x0, 0x0, 0x0,
    0x0, 0x6, 0x42, 0xb9, 0x0, 0x0, 0x0, 0x0,
    0x0, 0x35, 0x78, 0x0, 0x5, 0xaf, 0x5, 0x0,
    0x0, 0x0, 0x0, 0x2b, 0xed, 0x5f, 0x0, 0x0,
    0x0, 0x1, 0xa9, 0xf, 0x0, 0x0, 0x3d, 0x92,
    0x0, 0x0, 0x0, 0x0, 0x19, 0xf2, 0xa, 0x0,
    0x0, 0x0, 0x7c, 0x52, 0x0, 0x0, 0x0, 0x0,
    0x55, 0x99, 0xb, 0x0, 0x0, 0x26, 0xff, 0x66,
    0x0, 0x6, 0x88, 0x68, 0x0, 0x0, 0x0, 0x0,
    0x0, 0x0, 0x31, 0xaa, 0x78, 0x2b, 0x9, 0xcc,
    0x2e, 0x6f, 0xac, 0x3d, 0x0, 0x0, 0x0, 0x0,
    0x0, 0x0, 0x0, 0x0, 0x0, 0x30, 0x77, 0x96,
    0xbb, 0x7c, 0x38, 0x1, 0x0, 0x0, 0x0, 0x0,
    0x0,

    /* U+26C4 "⛄" */
    0x0, 0x0, 0x0, 0x0, 0x0, 0x30, 0x8a, 0x8e,
    0x6a, 0x12, 0x0, 0x0, 0x0, 0x0, 0x0, 0x0,
    0x0, 0x0, 0x0, 0x74, 0xff, 0xff, 0xff, 0x50,
    0x0, 0x0, 0x0, 0x0, 0x0, 0x0, 0x0, 0x0,
    0x0, 0x74, 0xff, 0xff, 0xff, 0x31, 0x0, 0x0,
    0x0, 0x0, 0x0, 0x0, 0x0, 0x4, 0x8c, 0xcf,
    0xff, 0xff, 0xff, 0x89, 0x20, 0x0, 0x0, 0x0,
    0x0, 0x0, 0x0, 0x4, 0xc5, 0x6d, 0x62, 0x69,
    0x6f, 0xf4, 0x3d, 0x0, 0x0, 0x0, 0x0, 0x0,
    0x0, 0x6b, 0x42, 0x0, 0x0, 0x0, 0x0, 0xa,
    0x9c, 0x0, 0x0, 0x0, 0x0, 0x0, 0x0, 0xa1,
    0x1, 0x70, 0xd, 0x25, 0x62, 0xe, 0x97, 0x0,
    0x0, 0x0, 0x0, 0x0, 0x0, 0x94, 0x7, 0x0,
    0xb, 0x36, 0x0, 0x0, 0x91, 0x0, 0x0, 0x0,
    0x5, 0x1e, 0x37, 0x48, 0x65, 0x0, 0x5c, 0x7d,
    0x5, 0x1e, 0x89, 0x2d, 0x17, 0x19, 0x8, 0xae,
    0xa3, 0x3e, 0xba, 0x4, 0x0, 0x0, 0x0, 0x7a,
    0x84, 0x71, 0xcc, 0x2d, 0x0, 0x3, 0xae, 0xcb,
    0x3, 0x0, 0x0, 0x0, 0x0, 0x0, 0x73, 0xfd,
    0x17, 0x0, 0x0, 0x0, 0x92, 0x18, 0x0, 0x0,
    0x0, 0x0, 0x0, 0x0, 0x1, 0xa9, 0x0, 0x0,
    0x0, 0x0, 0xa2, 0x0, 0x0, 0x0, 0x0, 0x0,
    0x0, 0x0, 0x0, 0xa1, 0x0, 0x0, 0x0, 0x0,
    0x95, 0x14, 0x0, 0x0, 0x0, 0x0, 0x0, 0x0,
    0x0, 0xa8, 0x0, 0x0, 0x0, 0x0, 0x2b, 0x9b,
    0x1, 0x0, 0x0, 0x0, 0x0, 0x0, 0x6c, 0x5c,
    0x0, 0x0, 0x0, 0x0, 0x0, 0x45, 0x9a, 0x3b,
    0x3, 0x1, 0x29, 0x8a, 0x6c, 0x0, 0x0, 0x0,
    0x0, 0x0, 0x0, 0x0, 0x9, 0x64, 0x94, 0x95,
    0x75, 0x18, 0x0, 0x0, 0x0, 0x0,

    /* U+26C5 "⛅" */
    0x0, 0x0, 0x0, 0x0, 0x0, 0x0, 0x0, 0x0,
    0x58, 0x69, 0x0, 0x0, 0x0, 0x0, 0x0, 0x0,
    0x0, 0x0, 0x0, 0x0, 0x0, 0x0, 0x0, 0x2b,
    0xa6, 0x18, 0x0, 0x10, 0x9d, 0x9c, 0x0, 0x0,
    0x0, 0x0, 0x0, 0x0, 0x0, 0x0, 0x0, 0x0,
    0x0, 0x0, 0x0, 0x2b, 0x93, 0xa8, 0x44, 0x89,
    0x26, 0x9c, 0x0, 0x0, 0x0, 0x0, 0x0, 0x0,
    0x0, 0x0, 0x0, 0x0, 0x0, 0x0, 0x0, 0x0,
    0xa4, 0xa, 0xd6, 0xe8, 0x9c, 0xcf, 0x61, 0x92,
    0xa1, 0xc1, 0x0, 0x0, 0x0, 0x0, 0x0, 0x0,
    0x0, 0x0, 0x0, 0x0, 0xab, 0xab, 0x46, 0x0,
    0x4, 0x5f, 0xc2, 0x1b, 0xbe, 0xa1, 0x20, 0x0,
    0x0, 0x0, 0x0, 0x0, 0x0, 0x88, 0x98, 0x97,
    0xdb, 0x2f, 0x0, 0x0, 0x0, 0x1, 0xb5, 0x9f,
    0x58, 0x54, 0x90, 0x90, 0xd, 0x0, 0x0, 0x0,
    0x0, 0x7b, 0x86, 0x13, 0xa1, 0x0, 0x0, 0x0,
    0x0, 0x79, 0x3b, 0x0, 0x0, 0x0, 0x0, 0x2c,
    0xb0, 0x2, 0x0, 0x0, 0x0, 0x0, 0x1d, 0x92,
    0xc6, 0x0, 0x2, 0x5c, 0x8a, 0x8e, 0x0, 0x0,
    0x0, 0x0, 0x0, 0x0, 0x62, 0x52, 0x0, 0x0,
    0x0, 0x0, 0x0, 0x7c, 0xd7, 0x16, 0x94, 0x4c,
    0x1b, 0x90, 0x5d, 0x0, 0x0, 0x0, 0x0, 0x0,
    0x12, 0x92, 0x0, 0x0, 0x0, 0x0, 0x31, 0x95,
    0x24, 0xe5, 0x65, 0x0, 0x0, 0x0, 0xa7, 0x0,
    0x0, 0x0, 0x0, 0x0, 0xd, 0x94, 0x0, 0x0,
    0x0, 0x0, 0xb9, 0x71, 0xff, 0xff, 0x2b, 0x0,
    0x0, 0x0, 0x31, 0x0, 0x0, 0x0, 0x0, 0x0,
    0x20, 0x9e, 0x93, 0x3, 0x0, 0x0, 0x49, 0xc8,
    0x66, 0x0, 0x0, 0x0, 0x0, 0x0, 0x0, 0x0,
    0x0, 0x0, 0x0, 0x0, 0x0, 0x0, 0x50, 0x65,
    0x0, 0x0, 0x0, 0xa7, 0x0, 0x0, 0x0, 0x0,
    0x0, 0x0, 0x0, 0x0, 0x0, 0x0, 0x0, 0x0,
    0x0, 0x0, 0xc, 0x96, 0x0, 0x0, 0x0, 0xaa,
    0x9, 0x0, 0x0, 0x0, 0x0, 0x0, 0x0, 0x0,
    0x0, 0x0, 0x0, 0x0, 0x0, 0x0, 0x65, 0x5e,
    0x0, 0x0, 0x0, 0x2c, 0x9f, 0x9f, 0xa0, 0xa0,
    0xa0, 0xa0, 0xa0, 0xa0, 0xa0, 0xa0, 0xa0, 0xa0,
    0xa0, 0xa5, 0x76, 0x0,

    /* U+26D4 "⛔" */
    0x0, 0x0, 0x0, 0x0, 0x1, 0x3f, 0x89, 0xab,
    0xb2, 0x99, 0x59, 0xd, 0x0, 0x0, 0x0, 0x0,
    0x0, 0x0, 0x0, 0x0, 0x3e, 0xcf, 0xff, 0xff,
    0xff, 0xff, 0xff, 0xff, 0xed, 0x72, 0x1, 0x0,
    0x0, 0x0, 0x0, 0x0, 0x66, 0xfb, 0xff, 0xff,
    0xff, 0xff, 0xff, 0xff, 0xff, 0xff, 0xff, 0xaf,
    0x6, 0x0, 0x0, 0x0, 0x4f, 0xfd, 0xff, 0xff,
    0xff, 0xff, 0xff, 0xff, 0xff, 0xff, 0xff, 0xff,
    0xff, 0xa0, 0x0, 0x0, 0xe, 0xe9, 0xff, 0xff,
    0xff, 0xff, 0xff, 0xff, 0xff, 0xff, 0xff, 0xff,
    0xff, 0xff, 0xff, 0x48, 0x0, 0x73, 0xff, 0xff,
    0xff, 0xff, 0xff, 0xff, 0xff, 0xff, 0xff, 0xff,
    0xff, 0xff, 0xff, 0xff, 0xc2, 0x0, 0xc2, 0xff,
    0xff, 0xff, 0xff, 0xff, 0xff, 0xff, 0xff, 0xff,
    0xff, 0xff, 0xff, 0xff, 0xff, 0xfd, 0x14, 0xe7,
    0xff, 0x9e, 0x38, 0x38, 0x37, 0x37, 0x37, 0x36,
    0x36, 0x35, 0x35, 0x35, 0x5c, 0xff, 0xff, 0x36,
    0xee, 0xff, 0x74, 0x0, 0x0, 0x0, 0x0, 0x0,
    0x0, 0x0, 0x0, 0x0, 0x0, 0x24, 0xff, 0xff,
    0x3d, 0xd2, 0xff, 0xce, 0x90, 0x90, 0x90, 0x91,
    0x91, 0x91, 0x92, 0x92, 0x93, 0x93, 0xad, 0xff,
    0xff, 0x21, 0x8d, 0xff, 0xff, 0xff, 0xff, 0xff,
    0xff, 0xff, 0xff, 0xff, 0xff, 0xff, 0xff, 0xff,
    0xff, 0xdc, 0x0, 0x27, 0xfb, 0xff, 0xff, 0xff,
    0xff, 0xff, 0xff, 0xff, 0xff, 0xff, 0xff, 0xff,
    0xff, 0xff, 0x73, 0x0, 0x0, 0x88, 0xff, 0xff,
    0xff, 0xff, 0xff, 0xff, 0xff, 0xff, 0xff, 0xff,
    0xff, 0xff, 0xd4, 0x6, 0x0, 0x0, 0x3, 0xb0,
    0xff, 0xff, 0xff, 0xff, 0xff, 0xff, 0xff, 0xff,
    0xff, 0xff, 0xe6, 0x21, 0x0, 0x0, 0x0, 0x0,
    0x3, 0x8b, 0xfc, 0xff, 0xff, 0xff, 0xff, 0xff,
    0xff, 0xff, 0xc3, 0x1b, 0x0, 0x0, 0x0, 0x0,
    0x0, 0x0, 0x0, 0x28, 0x93, 0xdb, 0xfa, 0xfe,
    0xea, 0xac, 0x4f, 0x0, 0x0, 0x0, 0x0, 0x0,
    0x0, 0x0, 0x0, 0x0, 0x0, 0x0, 0x0, 0x1,
    0x4, 0x0, 0x0, 0x0, 0x0, 0x0, 0x0, 0x0,
    0x0,

    /* U+26F0 "⛰" */
    0x0, 0x0, 0x0, 0x0, 0x0, 0x0, 0x0, 0x0,
    0x0, 0x1, 0x19, 0x0, 0x0, 0x0, 0x0, 0x0,
    0x0, 0x0, 0x0, 0x0, 0x0, 0x0, 0x0, 0x0,
    0x0, 0x0, 0x0, 0x0, 0x0, 0x7c, 0xff, 0x32,
    0x0, 0x0, 0x0, 0x0, 0x0, 0x0, 0x0, 0x0,
    0x0, 0x0, 0x0, 0x0, 0x0, 0x0, 0x0, 0x0,
    0x27, 0x93, 0xdc, 0xff, 0x3, 0x0, 0x0, 0x0,
    0x0, 0x0, 0x0, 0x0, 0x0, 0x0, 0x0, 0x0,
    0x0, 0x0, 0x0, 0x27, 0xf3, 0x10, 0xf5, 0xff,
    0x6b, 0x0, 0x0, 0x0, 0x0, 0x0, 0x0, 0x0,
    0x0, 0x0, 0x0, 0x0, 0x0, 0x0, 0x5, 0xff,
    0xd4, 0x1, 0xaa, 0xed, 0xa7, 0x10, 0x0, 0x0,
    0x0, 0x0, 0x0, 0x0, 0x0, 0x0, 0x0, 0x0,
    0x0, 0x0, 0x56, 0xb4, 0xea, 0x0, 0x5, 0xdd,
    0x2e, 0x89, 0x0, 0x0, 0x0, 0x0, 0x0, 0x0,
    0x0, 0x0, 0x0, 0x0, 0x0, 0x0, 0xa5, 0x2c,
    0xff, 0x10, 0x20, 0xdc, 0x0, 0xcd, 0x84, 0x0,
    0x0, 0x0, 0x0, 0x0, 0x0, 0x0, 0x0, 0x0,
    0x0, 0x2e, 0x81, 0x26, 0xe8, 0x6, 0x33, 0xe7,
    0x35, 0xb9, 0xad, 0x59, 0x0, 0x0, 0x0, 0x0,
    0x0, 0x0, 0x0, 0x0, 0x0, 0xa0, 0x13, 0x93,
    0x83, 0x6, 0xca, 0xff, 0xff, 0x80, 0x6a, 0xe6,
    0xe, 0x0, 0x0, 0x0, 0x0, 0x0, 0x0, 0x0,
    0x3a, 0x7c, 0x0, 0xe3, 0x58, 0x76, 0xff, 0xff,
    0x74, 0x1, 0x29, 0xff, 0x95, 0x0, 0x0, 0x0,
    0x0, 0x0, 0x0, 0x71, 0xff, 0x53, 0x0, 0xae,
    0xf4, 0xf2, 0xff, 0x2e, 0x0, 0x27, 0x67, 0xf0,
    0xff, 0x58, 0x24, 0x0, 0x0, 0x0, 0x62, 0x68,
    0x7e, 0xfd, 0x8e, 0x92, 0xff, 0xfa, 0xc, 0x27,
    0x99, 0xfb, 0xff, 0xff, 0xff, 0xe6, 0xd0, 0x2,
    0x0, 0x3e, 0x8f, 0x0, 0x53, 0xff, 0xff, 0xfc,
    0xcd, 0xf, 0x21, 0xea, 0xd4, 0xff, 0xff, 0xde,
    0xb3, 0xff, 0xff, 0x26, 0xd, 0xad, 0xc, 0x12,
    0x8a, 0xea, 0x56, 0x1c, 0x4f, 0x83, 0xdc, 0xcd,
    0x40, 0xff, 0xff, 0xaf, 0x6a, 0xff, 0xff, 0x81,
    0x17, 0xd7, 0xff, 0xff, 0xff, 0xd5, 0xe6, 0xff,
    0xff, 0xff, 0xff, 0x95, 0x7, 0xfb, 0xff, 0xb8,
    0x82, 0xff, 0xfa, 0x67, 0x0, 0x3, 0x47, 0x8e,
    0xc3, 0xea, 0xff, 0xff, 0xff, 0xff, 0xff, 0xfb,
    0xe0, 0xff, 0xf7, 0xd6, 0xa7, 0x69, 0x18, 0x0,
    0x0, 0x0, 0x0, 0x0, 0x0, 0x0, 0xa, 0x26,
    0x33, 0x3d, 0x41, 0x38, 0x2e, 0x19, 0x1, 0x0,
    0x0, 0x0, 0x0, 0x0,

    /* U+26F1 "⛱" */
    0x0, 0x0, 0x0, 0x0, 0x0, 0x0, 0x0, 0x0,
    0x0, 0x0, 0x5f, 0x0, 0x0, 0x0, 0x0, 0x0,
    0x0, 0x0, 0x0, 0x0, 0x0, 0x0, 0x0, 0xa,
    0x54, 0x91, 0xa3, 0xa1, 0x92, 0xff, 0xa, 0x0,
    0x0, 0x0, 0x0, 0x0, 0x0, 0x0, 0x0, 0x0,
    0x0, 0x66, 0xac, 0x56, 0x14, 0x0, 0x55, 0xf7,
    0xff, 0xc0, 0x7e, 0x7, 0x0, 0x0, 0x0, 0x0,
    0x0, 0x0, 0x0, 0x8c, 0x60, 0x0, 0x0, 0x0,
    0x85, 0xff, 0xff, 0xff, 0x7d, 0x46, 0xb6, 0x1e,
    0x0, 0x0, 0x0, 0x0, 0x0, 0x63, 0x5c, 0x0,
    0x0, 0x0, 0x65, 0xff, 0xff, 0xff, 0xff, 0xdb,
    0x0, 0x19, 0xb7, 0x15, 0x0, 0x0, 0x0, 0x6,
    0xa8, 0x0, 0x0, 0x0, 0x2d, 0xfa, 0xff, 0xff,
    0xff, 0xff, 0xff, 0x1d, 0x0, 0x27, 0x9e, 0x0,
    0x0, 0x0, 0x2d, 0xa0, 0xa4, 0xa8, 0x2e, 0xb0,
    0xff, 0xff, 0xff, 0xff, 0xff, 0xff, 0x46, 0x0,
    0x0, 0x8d, 0x23, 0x0, 0x0, 0x0, 0x0, 0x0,
    0xb, 0xaa, 0xfa, 0xc4, 0xa4, 0xff, 0xff, 0xff,
    0xff, 0x52, 0x0, 0x0, 0x33, 0x73, 0x0, 0x0,
    0x0, 0x0, 0x0, 0x0, 0x15, 0x34, 0x0, 0x0,
    0xb9, 0x23, 0xbf, 0xff, 0x3e, 0x0, 0x0, 0xb,
    0x94, 0x0, 0x0, 0x0, 0x0, 0x0, 0x0, 0x0,
    0x0, 0x0, 0x21, 0x97, 0x0, 0x8, 0xd3, 0xb1,
    0x9d, 0xa4, 0x6d, 0x91, 0x0, 0x0, 0x0, 0x0,
    0x0, 0x0, 0x0, 0x0, 0x0, 0x66, 0x52, 0x0,
    0x0, 0x16, 0x0, 0x0, 0x0, 0x63, 0x5d, 0x0,
    0x0, 0x0, 0x2, 0x2c, 0x58, 0x6d, 0x81, 0x84,
    0xff, 0x70, 0x39, 0x11, 0x0, 0x0, 0x0, 0x0,
    0x0, 0x0, 0x0, 0x0, 0x84, 0x9a, 0x75, 0x45,
    0x2f, 0x1e, 0x1e, 0xe3, 0x42, 0x6a, 0x93, 0xa5,
    0xa6, 0xa3, 0x97, 0x95, 0xa0, 0xba, 0x10, 0xa0,
    0x0, 0x0, 0x0, 0x82, 0x79, 0x35, 0x83, 0x0,
    0x0, 0x0, 0x0, 0x0, 0x0, 0xc, 0xf, 0x2,
    0x8c, 0x14, 0xa0, 0x0, 0x0, 0x0, 0x6f, 0x95,
    0xe9, 0xb5, 0x71, 0x5f, 0x0, 0x0, 0x0, 0x0,
    0x0, 0x0, 0x0, 0x8c, 0x14, 0xa0, 0x0, 0x0,
    0x0, 0x0, 0x0, 0x10, 0x1f, 0x26, 0x25, 0x0,
    0x0, 0x0, 0x0, 0x0, 0x0, 0x0, 0x8c, 0x14,
    0x73, 0xa0, 0xa0, 0xa0, 0xa0, 0xa0, 0xa0, 0xa0,
    0xa0, 0xa0, 0xa0, 0xa0, 0xa0, 0xa0, 0xa0, 0xa0,
    0xa0, 0xa4, 0xd,

    /* U+26F3 "⛳" */
    0x0, 0x0, 0x0, 0x0, 0x0, 0x0, 0x0, 0x0,
    0x77, 0x4, 0x0, 0x0, 0x0, 0x0, 0x0, 0x0,
    0x0, 0x0, 0x0, 0x0, 0x0, 0x0, 0x0, 0x0,
    0xd4, 0x87, 0x81, 0x3c, 0x8, 0x0, 0x0, 0x0,
    0x0, 0x0, 0x0, 0x0, 0x0, 0x0, 0x0, 0x0,
    0xa4, 0x0, 0xd, 0x54, 0x88, 0x97, 0xb8, 0x0,
    0x0, 0x0, 0x0, 0x0, 0x0, 0x0, 0x0, 0x0,
    0xa4, 0x0, 0x0, 0x0, 0x38, 0x90, 0x29, 0x0,
    0x0, 0x0, 0x0, 0x0, 0x0, 0x0, 0x0, 0x0,
    0xa4, 0x1, 0x51, 0x8a, 0x53, 0x1, 0x0, 0x0,
    0x0, 0x0, 0x0, 0x0, 0x0, 0x0, 0x0, 0x0,
    0xcf, 0x90, 0x3a, 0x0, 0x0, 0x0, 0x0, 0x0,
    0x0, 0x0, 0x0, 0x0, 0x0, 0x0, 0x0, 0x0,
    0xf2, 0x1, 0x0, 0x0, 0x0, 0x0, 0x0, 0x0,
    0x0, 0x0, 0x0, 0x0, 0x0, 0x0, 0x0, 0x0,
    0xa4, 0x0, 0x0, 0x0, 0x0, 0x0, 0x0, 0x0,
    0x0, 0x26, 0x76, 0x9d, 0xa0, 0x9f, 0x9f, 0x9f,
    0xff, 0x6e, 0x36, 0x3, 0x0, 0x0, 0x0, 0x0,
    0x64, 0x8f, 0x2d, 0x3, 0x0, 0x0, 0x0, 0x0,
    0xb1, 0x33, 0x6d, 0xa3, 0x8d, 0x20, 0x0, 0x0,
    0xa5, 0xa, 0x0, 0x0, 0x0, 0x0, 0x0, 0x31,
    0xff, 0x27, 0x0, 0x0, 0x19, 0x90, 0x6f, 0x0,
    0x2b, 0xab, 0x5e, 0x3, 0x0, 0x0, 0x0, 0x45,
    0xa5, 0x38, 0x0, 0x0, 0x0, 0x0, 0x61, 0x68,
    0x0, 0x0, 0x50, 0xa8, 0xb, 0x0, 0x0, 0x0,
    0x0, 0x0, 0x0, 0x0, 0x0, 0x0, 0x0, 0xa6,
    0x0, 0x0, 0x0, 0x26, 0x9b, 0x0, 0x0, 0x0,
    0x0, 0x0, 0x0, 0x0, 0x0, 0x0, 0x0, 0xa7,
    0x0, 0x0, 0x0, 0x0, 0x59, 0x76, 0x0, 0x0,
    0x0, 0x0, 0x0, 0x0, 0x0, 0x0, 0x52, 0x82,
    0x0, 0x0, 0x0, 0x0, 0x0, 0x67, 0x9d, 0x3e,
    0xc, 0x0, 0x3, 0x1c, 0x52, 0xa2, 0x7c, 0x2,
    0x0, 0x0, 0x0, 0x0, 0x0, 0x0, 0x18, 0x69,
    0x95, 0xa0, 0x95, 0x7c, 0x55, 0xe, 0x0, 0x0,

    /* U+26F5 "⛵" */
    0x0, 0x0, 0x0, 0x0, 0x0, 0x0, 0x0, 0x0,
    0xa2, 0x4, 0x0, 0x0, 0x0, 0x0, 0x0, 0x0,
    0x0, 0x0, 0x0, 0x0, 0x0, 0x0, 0x75, 0xff,
    0x34, 0x0, 0x0, 0x0, 0x0, 0x0, 0x0, 0x0,
    0x0, 0x0, 0x0, 0x0, 0x6e, 0xde, 0xd8, 0x94,
    0x0, 0x0, 0x0, 0x0, 0x0, 0x0, 0x0, 0x0,
    0x0, 0x0, 0x5e, 0x75, 0xa0, 0xa2, 0xa0, 0xc,
    0x0, 0x0, 0x0, 0x0, 0x0, 0x0, 0x0, 0x0,
    0x42, 0x8d, 0x0, 0xa0, 0xa2, 0x47, 0x66, 0x0,
    0x0, 0x0, 0x0, 0x0, 0x0, 0x0, 0x1c, 0xa9,
    0x3, 0x0, 0xaa, 0xa2, 0x1, 0xab, 0x0, 0x0,
    0x0, 0x0, 0x0, 0x0, 0x0, 0x9f, 0x18, 0x0,
    0x2, 0xa9, 0x9e, 0x0, 0x7a, 0x32, 0x0, 0x0,
    0x0, 0x0, 0x0, 0x54, 0x66, 0x0, 0x0, 0xe,
    0xaa, 0x8e, 0x0, 0x19, 0x93, 0x0, 0x0, 0x0,
    0x0, 0x0, 0xb2, 0x5, 0x0, 0x0, 0x14, 0xb0,
    0x7c, 0x0, 0x0, 0xa2, 0xb, 0x0, 0x0, 0x0,
    0x40, 0x66, 0x0, 0x0, 0x0, 0xa, 0xc7, 0x6b,
    0x0, 0x0, 0x4a, 0x64, 0x0, 0x0, 0x0, 0x9a,
    0x14, 0x0, 0x0, 0x0, 0x0, 0xe1, 0x5a, 0x0,
    0x0, 0x2, 0xab, 0x0, 0x0, 0x0, 0xa7, 0x38,
    0x79, 0x99, 0xa1, 0xa5, 0xff, 0xdb, 0x96, 0x9b,
    0x9e, 0xd8, 0x2d, 0x0, 0x19, 0xaa, 0x5e, 0x27,
    0xb, 0x4, 0x0, 0x6e, 0x45, 0x9, 0x5, 0x0,
    0x0, 0x0, 0x0, 0x5c, 0x4d, 0x36, 0x4f, 0xfb,
    0xff, 0xbe, 0xba, 0x74, 0x6a, 0x41, 0x0, 0x0,
    0x0, 0x0, 0xb5, 0x7b, 0x8e, 0xcf, 0xff, 0xff,
    0xff, 0xff, 0xff, 0xff, 0xff, 0x69, 0x52, 0x3b,
    0x1c, 0x57, 0x67, 0x0, 0x0, 0x0, 0x0, 0x0,
    0x0, 0x5, 0x19, 0x2d, 0x41, 0x55, 0xae, 0x5f,
    0x0, 0x62, 0x9f, 0xa0, 0xa0, 0xa0, 0xa0, 0xa0,
    0xa0, 0xa0, 0xa0, 0xa0, 0xa0, 0x85, 0x1,

    /* U+2705 "✅" */
    0x1e, 0x61, 0x64, 0x64, 0x64, 0x64, 0x64, 0x64,
    0x64, 0x64, 0x64, 0x64, 0x64, 0x64, 0x64, 0x3b,
    0x0, 0xdb, 0xff, 0xff, 0xff, 0xff, 0xff, 0xff,
    0xff, 0xff, 0xff, 0xff, 0xff, 0xff, 0xff, 0xff,
    0xfe, 0x2d, 0xf8, 0xff, 0xff, 0xff, 0xff, 0xff,
    0xff, 0xff, 0xff, 0xff, 0xff, 0xff, 0xfd, 0xff,
    0xff, 0xff, 0x48, 0xf8, 0xff, 0xff, 0xff, 0xff,
    0xff, 0xff, 0xff, 0xff, 0xff, 0xff, 0xd0, 0x14,
    0x44, 0xff, 0xff, 0x48, 0xf8, 0xff, 0xff, 0xff,
    0xff, 0xff, 0xff, 0xff, 0xff, 0xff, 0xeb, 0x20,
    0x0, 0x41, 0xff, 0xff, 0x48, 0xf8, 0xff, 0xff,
    0xff, 0xff, 0xff, 0xff, 0xff, 0xff, 0xfb, 0x41,
    0x0, 0x17, 0xe2, 0xff, 0xff, 0x48, 0xf8, 0xff,
    0xe8, 0x90, 0xeb, 0xff, 0xff, 0xff, 0xff, 0x6c,
    0x0, 0x6, 0xc5, 0xff, 0xff, 0xff, 0x48, 0xf8,
    0xff, 0x72, 0x0, 0x61, 0xff, 0xff, 0xff, 0x9d,
    0x0, 0x0, 0x9e, 0xff, 0xff, 0xff, 0xff, 0x48,
    0xf8, 0xff, 0xac, 0x0, 0xe, 0xf6, 0xff, 0xc7,
    0x7, 0x0, 0x72, 0xff, 0xff, 0xff, 0xff, 0xff,
    0x48, 0xf8, 0xff, 0xf7, 0xe, 0x0, 0xa9, 0xe5,
    0x19, 0x0, 0x48, 0xfc, 0xff, 0xff, 0xff, 0xff,
    0xff, 0x48, 0xf8, 0xff, 0xff, 0x60, 0x0, 0x47,
    0x37, 0x0, 0x27, 0xf0, 0xff, 0xff, 0xff, 0xff,
    0xff, 0xff, 0x48, 0xf8, 0xff, 0xff, 0xb9, 0x0,
    0x0, 0x0, 0x10, 0xd9, 0xff, 0xff, 0xff, 0xff,
    0xff, 0xff, 0xff, 0x48, 0xf8, 0xff, 0xff, 0xfc,
    0x17, 0x0, 0x3, 0xb9, 0xff, 0xff, 0xff, 0xff,
    0xff, 0xff, 0xff, 0xff, 0x48, 0xf8, 0xff, 0xff,
    0xff, 0x85, 0x1, 0x94, 0xff, 0xff, 0xff, 0xff,
    0xff, 0xff, 0xff, 0xff, 0xff, 0x48, 0xf8, 0xff,
    0xff, 0xff, 0xff, 0xf7, 0xff, 0xff, 0xff, 0xff,
    0xff, 0xff, 0xff, 0xff, 0xff, 0xff, 0x48, 0xdf,
    0xff, 0xff, 0xff, 0xff, 0xff, 0xff, 0xff, 0xff,
    0xff, 0xff, 0xff, 0xff, 0xff, 0xff, 0xff, 0x2f,
    0x24, 0x69, 0x6c, 0x6c, 0x6c, 0x6c, 0x6c, 0x6c,
    0x6c, 0x6c, 0x6c, 0x6c, 0x6c, 0x6c, 0x6c, 0x43,
    0x0,

    /* U+2708 "✈" */
    0x0, 0x1, 0x0, 0x0, 0x0, 0x0, 0x0, 0x0,
    0x0, 0x0, 0x0, 0x0, 0x0, 0x1f, 0x7b, 0x7d,
    0x6, 0x12, 0xb4, 0xa5, 0x7a, 0x2e, 0x0, 0x0,
    0x0, 0x90, 0x96, 0x0, 0x4, 0xc9, 0xfa, 0x6c,
    0x70, 0x4b, 0x6d, 0x9f, 0x15, 0x2c, 0x77, 0xa5,
    0x93, 0x82, 0xff, 0xae, 0x11, 0xa6, 0x43, 0x0,
    0x59, 0xb8, 0x29, 0x0, 0x25, 0xef, 0x83, 0x11,
    0x0, 0x12, 0x5a, 0xe7, 0xc1, 0xcc, 0x20, 0x0,
    0x0, 0x29, 0xf1, 0x0, 0x0, 0x0, 0x17, 0x2c,
    0xe4, 0x7e, 0xe, 0x0, 0x13, 0xb1, 0x18, 0x0,
    0x0, 0x1, 0xbb, 0x23, 0x0, 0x0, 0x0, 0x0,
    0x0, 0x24, 0x3b, 0xff, 0x2e, 0xab, 0x1d, 0x0,
    0x0, 0x49, 0xa8, 0x4b, 0x0, 0x0, 0x0, 0x0,
    0x0, 0x0, 0x0, 0xb, 0x34, 0xff, 0x2e, 0x0,
    0x0, 0x4e, 0xc6, 0x81, 0x39, 0x7, 0x0, 0x0,
    0x0, 0x0, 0x0, 0x0, 0x0, 0x83, 0x4e, 0x0,
    0x0, 0x3b, 0x8f, 0xa7, 0xe5, 0xfe, 0x93, 0x0,
    0x0, 0x0, 0x0, 0x0, 0x0, 0x4b, 0x7d, 0x0,
    0x0, 0x30, 0xb3, 0x58, 0x3, 0xff, 0xd4, 0x1e,
    0x0, 0x4, 0x1, 0x0, 0x0, 0x1d, 0xac, 0x2,
    0x0, 0x11, 0xe7, 0xee, 0x1c, 0x0, 0x9f, 0x10,
    0x0, 0x0, 0x9c, 0xf1, 0xbe, 0x8b, 0xd9, 0x19,
    0x0, 0x33, 0xad, 0x21, 0x87, 0xb3, 0x0, 0x53,
    0x58, 0x0, 0x0, 0x2b, 0xbe, 0xff, 0xff, 0x70,
    0x1, 0x72, 0x91, 0x7, 0x0, 0x0, 0x6e, 0x4b,
    0xc, 0x9f, 0x0, 0x0, 0x0, 0x0, 0x77, 0xf4,
    0x24, 0xff, 0x72, 0x0, 0x0, 0x0, 0x0, 0x67,
    0xad, 0x1, 0xa7, 0x6, 0x0, 0x0, 0x0, 0xad,
    0x8b, 0xff, 0xff, 0x58, 0x0, 0x0, 0x0, 0x0,
    0x0, 0x6b, 0x56, 0x68, 0x46, 0x0, 0x0, 0x9,
    0xbe, 0x53, 0x6e, 0xff, 0x8e, 0x0, 0x0, 0x0,
    0x0, 0x0, 0x63, 0xb9, 0x1e, 0x94, 0x0, 0x0,
    0x0, 0x0, 0x0, 0x3, 0xd1, 0xc3, 0x0, 0x0,
    0x0, 0x0, 0x0, 0x0, 0x4f, 0xbe, 0x68, 0x0,
    0x0, 0x0, 0x0, 0x0, 0x0, 0x37, 0x38, 0x0,
    0x0, 0x0, 0x0, 0x0, 0x0, 0x0, 0x3c, 0x0,
    0x0,

    /* U+270A "✊" */
    0x0, 0x0, 0x0, 0x0, 0x0, 0x11, 0x4, 0x4,
    0x73, 0x8d, 0x18, 0x2, 0x29, 0xe, 0x0, 0x0,
    0x0, 0x0, 0x0, 0x0, 0x76, 0x98, 0xab, 0xa7,
    0x48, 0x1d, 0xa4, 0xaa, 0x78, 0xa9, 0x39, 0x0,
    0x7, 0x8c, 0xa0, 0x8d, 0x97, 0x0, 0x7, 0xbc,
    0x0, 0x0, 0x8f, 0x2b, 0x0, 0x4, 0xa2, 0x0,
    0x88, 0x32, 0x0, 0x40, 0x8e, 0x0, 0x0, 0xa2,
    0x0, 0x0, 0x8c, 0x14, 0x0, 0x0, 0xa0, 0x0,
    0xa0, 0x0, 0x0, 0xb, 0x98, 0x0, 0x0, 0xa1,
    0x0, 0x0, 0x8c, 0x14, 0x0, 0x1, 0xa1, 0x0,
    0x9d, 0x3, 0x0, 0x1, 0xa1, 0x0, 0x40, 0xc6,
    0x7f, 0x91, 0xbe, 0x81, 0x27, 0xe, 0xff, 0x0,
    0x99, 0xf, 0x0, 0x0, 0xc2, 0x5b, 0x74, 0x28,
    0x12, 0x0, 0x0, 0xa, 0x68, 0xac, 0xd9, 0x22,
    0xbe, 0x8f, 0x4, 0x5a, 0xa9, 0xe1, 0x1e, 0x0,
    0x0, 0x0, 0x0, 0x0, 0x0, 0x18, 0x3b, 0x6b,
    0x74, 0x7c, 0x96, 0x61, 0x0, 0x18, 0xa8, 0x90,
    0x8c, 0x90, 0x63, 0x5, 0x0, 0x0, 0x16, 0x91,
    0x69, 0x38, 0x0, 0x0, 0x0, 0x0, 0x0, 0x10,
    0x15, 0xf, 0x4b, 0x92, 0x0, 0x0, 0xe, 0x91,
    0x4a, 0x5a, 0x0, 0x0, 0x0, 0x0, 0x0, 0x0,
    0x0, 0x0, 0x0, 0x78, 0x35, 0x0, 0x2e, 0x74,
    0xc, 0x9f, 0x0, 0x0, 0x0, 0x0, 0x0, 0x0,
    0x0, 0x0, 0x0, 0x7, 0x4, 0x0, 0x79, 0x2e,
    0x0, 0x95, 0x24, 0x0, 0x0, 0x0, 0x0, 0x0,
    0x0, 0x0, 0x0, 0x0, 0x0, 0xa, 0xa8, 0x0,
    0x0, 0x18, 0xaf, 0x7, 0x0, 0x0, 0x0, 0x0,
    0x0, 0x0, 0x0, 0x0, 0x0, 0x97, 0x2f, 0x0,
    0x0, 0x0, 0x36, 0xac, 0x14, 0x0, 0x0, 0x0,
    0x0, 0x0, 0x0, 0x8, 0x95, 0x4d, 0x0, 0x0,
    0x0, 0x0, 0x0, 0x22, 0xa6, 0x7c, 0x2a, 0x6,
    0x4, 0x24, 0x70, 0xa8, 0x30, 0x0, 0x0, 0x0,
    0x0, 0x0, 0x0, 0x0, 0x0, 0x2d, 0x79, 0x99,
    0x9a, 0x7d, 0x35, 0x0, 0x0, 0x0, 0x0, 0x0,

    /* U+270B "✋" */
    0x0, 0x0, 0x0, 0x0, 0x0, 0x42, 0x92, 0x23,
    0x0, 0x0, 0x0, 0x0, 0x0, 0x0, 0x0, 0x0,
    0x0, 0x5, 0x18, 0xb1, 0x1f, 0xa2, 0xe, 0x0,
    0x0, 0x0, 0x0, 0x0, 0x0, 0x0, 0x0, 0xab,
    0x92, 0xa7, 0x0, 0xd7, 0x94, 0x78, 0x0, 0x0,
    0x0, 0x0, 0x0, 0x58, 0x8a, 0xa1, 0x0, 0xa1,
    0x0, 0xa2, 0x0, 0xa0, 0x0, 0x0, 0x0, 0x0,
    0x19, 0x9f, 0x2d, 0xa0, 0x0, 0xa0, 0x0, 0xa0,
    0x0, 0xa0, 0x0, 0x0, 0x0, 0x0, 0x21, 0x7e,
    0x0, 0xa0, 0x0, 0xa0, 0x0, 0xa0, 0x0, 0xa0,
    0x0, 0x0, 0x0, 0x0, 0x19, 0x87, 0x0, 0xa0,
    0x0, 0xa0, 0x0, 0xa0, 0x0, 0xa0, 0x0, 0x0,
    0x0, 0x0, 0x10, 0x8f, 0x0, 0xa0, 0x0, 0xa0,
    0x0, 0xa0, 0x0, 0xa0, 0x2c, 0xae, 0xaa, 0x54,
    0x7, 0x98, 0x0, 0x16, 0x0, 0x16, 0x0, 0x16,
    0x0, 0xb1, 0xaf, 0xc, 0x21, 0x9a, 0x0, 0x9f,
    0x0, 0x0, 0x0, 0x0, 0x0, 0x3, 0x6f, 0xc4,
    0x1c, 0x1d, 0xa8, 0xf, 0x0, 0xa0, 0x0, 0x0,
    0x0, 0x0, 0x2, 0xa2, 0x45, 0x0, 0x0, 0xa2,
    0x18, 0x0, 0x0, 0xa0, 0x0, 0x0, 0x0, 0x0,
    0x5f, 0x56, 0x0, 0x0, 0x2f, 0x7f, 0x0, 0x0,
    0x0, 0xa0, 0x0, 0x0, 0x0, 0x0, 0xa0, 0x3,
    0x0, 0x0, 0x95, 0x17, 0x0, 0x0, 0x0, 0xab,
    0x0, 0x0, 0x0, 0x0, 0x1e, 0x0, 0x0, 0x16,
    0x99, 0x0, 0x0, 0x0, 0x0, 0x8a, 0x2f, 0x0,
    0x0, 0x0, 0x0, 0x0, 0x1, 0x9c, 0x24, 0x0,
    0x0, 0x0, 0x0, 0x13, 0xb1, 0x4e, 0xd, 0x0,
    0xe, 0x3d, 0xa6, 0x4d, 0x0, 0x0, 0x0, 0x0,
    0x0, 0x0, 0x7, 0x5a, 0x93, 0x9f, 0x91, 0x69,
    0x11, 0x0, 0x0, 0x0, 0x0, 0x0,

    /* U+270C "✌" */
    0x0, 0x0, 0x0, 0x0, 0x1c, 0x5c, 0x13, 0x0,
    0x0, 0x0, 0x0, 0x0, 0x0, 0x0, 0x0, 0x2,
    0xb1, 0x4b, 0xa5, 0x0, 0x0, 0x99, 0xa9, 0x5c,
    0x0, 0x0, 0x0, 0xb, 0x96, 0x0, 0x85, 0x16,
    0x29, 0x75, 0x0, 0xa0, 0x0, 0x0, 0x0, 0x0,
    0xa2, 0x0, 0x4d, 0x4e, 0x63, 0x3a, 0x0, 0xa1,
    0x0, 0x0, 0x0, 0x0, 0x9b, 0x5, 0x14, 0x87,
    0x94, 0xa, 0x5, 0x9d, 0x0, 0x0, 0x0, 0x0,
    0x6a, 0x36, 0x0, 0x9d, 0xa0, 0x0, 0x27, 0x7c,
    0x0, 0x0, 0x5, 0x19, 0xc8, 0xc1, 0x4b, 0x98,
    0x98, 0x0, 0x4c, 0x57, 0x0, 0x97, 0x97, 0xd6,
    0x47, 0x0, 0x9c, 0x36, 0x36, 0x0, 0x71, 0x32,
    0x18, 0x87, 0x0, 0x66, 0x51, 0x0, 0x99, 0x3,
    0x9, 0x0, 0x96, 0xe, 0x11, 0x8e, 0x0, 0x45,
    0x9d, 0x9e, 0xd7, 0x9b, 0x97, 0xa8, 0xff, 0x8,
    0x0, 0xff, 0x5b, 0xa3, 0xff, 0xa, 0x0, 0x0,
    0x0, 0x0, 0x44, 0x84, 0x0, 0xa9, 0x33, 0x18,
    0x47, 0xa1, 0x9d, 0x8f, 0x3a, 0x0, 0x0, 0xa6,
    0x0, 0x9b, 0x8, 0x0, 0x0, 0x0, 0x1, 0x58,
    0xf3, 0x4b, 0x0, 0x9c, 0x0, 0x5d, 0x4b, 0x0,
    0x0, 0x0, 0x0, 0x95, 0x0, 0x7, 0xd, 0x98,
    0x0, 0x9, 0xac, 0x8, 0x0, 0x0, 0x0, 0x11,
    0x0, 0x0, 0x93, 0x30, 0x0, 0x0, 0x33, 0xb1,
    0x49, 0xc, 0x0, 0xc, 0x43, 0xa3, 0x50, 0x0,
    0x0, 0x0, 0x0, 0xc, 0x5f, 0x90, 0x9e, 0x90,
    0x5d, 0xf, 0x0, 0x0,

    /* U+270D "✍" */
    0x0, 0x0, 0x0, 0x0, 0x0, 0x0, 0x0, 0x0,
    0x11, 0x37, 0x0, 0x0, 0x0, 0x0, 0x0, 0x0,
    0x0, 0x0, 0x0, 0x0, 0x0, 0x0, 0x0, 0x0,
    0x9a, 0xfe, 0x4a, 0x0, 0x0, 0x0, 0x0, 0x0,
    0x0, 0x0, 0x0, 0x0, 0x0, 0x0, 0x0, 0x39,
    0xfe, 0xd6, 0x5, 0x0, 0x0, 0x0, 0x0, 0x0,
    0x0, 0x0, 0x0, 0x0, 0x0, 0x0, 0x4, 0xd1,
    0xff, 0x40, 0x0, 0x0, 0x0, 0x0, 0x0, 0x0,
    0x0, 0x0, 0x0, 0x0, 0x0, 0x0, 0x74, 0xff,
    0xa3, 0x0, 0x0, 0x0, 0x0, 0x0, 0x0, 0x0,
    0x0, 0x0, 0x0, 0x0, 0x5, 0x6e, 0xff, 0xf9,
    0x17, 0x0, 0x0, 0x0, 0x0, 0x0, 0x0, 0x0,
    0x0, 0x0, 0x27, 0x8e, 0xa3, 0xff, 0xff, 0xac,
    0xa8, 0x46, 0x0, 0x0, 0x0, 0x0, 0x0, 0x0,
    0x0, 0x4b, 0x96, 0x19, 0x4d, 0xff, 0xcc, 0x2,
    0x6, 0x69, 0xa8, 0x47, 0x0, 0x0, 0x0, 0x0,
    0x0, 0xa2, 0x2, 0xa, 0xe0, 0xfd, 0x34, 0x0,
    0x0, 0x0, 0x6, 0x68, 0xa8, 0x48, 0xc, 0x0,
    0x1, 0xa0, 0x0, 0x8a, 0xff, 0xf8, 0xa3, 0xa0,
    0xa0, 0x0, 0x0, 0x0, 0x5, 0x62, 0x99, 0x5e,
    0x26, 0x7c, 0x2c, 0xf6, 0xe7, 0x3c, 0x0, 0x0,
    0x0, 0x0, 0x0, 0x0, 0x0, 0x0, 0x0, 0xa7,
    0x58, 0x4a, 0xe1, 0xc5, 0x19, 0x0, 0x3, 0x0,
    0x0, 0x0, 0x0, 0x0, 0x0, 0x0, 0x0, 0xa1,
    0x32, 0xf4, 0xff, 0x23, 0x14, 0xbb, 0xaa, 0xad,
    0x4b, 0x0, 0x0, 0x0, 0x0, 0x0, 0x0, 0x9e,
    0x14, 0xed, 0xff, 0xff, 0xa3, 0x5d, 0xff, 0x41,
    0xff, 0x64, 0x1, 0x0, 0x0, 0x0, 0xa, 0x9e,
    0x6a, 0xff, 0x7e, 0x15, 0x9f, 0xab, 0x6b, 0x61,
    0x28, 0x4c, 0x97, 0x97, 0x94, 0x92, 0x93, 0x24,
    0xa7, 0x7b, 0x1, 0x0, 0x0, 0x0, 0x0, 0x0,
    0x0, 0x0, 0x0, 0x0, 0x0, 0x0, 0x0, 0x0,
    0x2a, 0x0, 0x0, 0x0, 0x0, 0x0, 0x0, 0x0,
    0x0, 0x0, 0x0, 0x0, 0x0, 0x0, 0x0, 0x0,

    /* U+270F "✏" */
    0x0, 0x0, 0x0, 0x45, 0x89, 0x3c, 0x0, 0x0,
    0x0, 0x0, 0x0, 0x0, 0x0, 0x0, 0x0, 0x0,
    0x0, 0x0, 0x0, 0x2, 0x8e, 0x77, 0xb7, 0x96,
    0x6a, 0x1b, 0x0, 0x0, 0x0, 0x0, 0x0, 0x0,
    0x0, 0x0, 0x0, 0x0, 0x0, 0x91, 0x4c, 0x9b,
    0x3e, 0x0, 0xb5, 0xc3, 0x1d, 0x0, 0x0, 0x0,
    0x0, 0x0, 0x0, 0x0, 0x0, 0x0, 0x23, 0xa7,
    0xab, 0x3f, 0x0, 0x2e, 0x97, 0x1a, 0xb5, 0xe,
    0x0, 0x0, 0x0, 0x0, 0x0, 0x0, 0x0, 0x0,
    0x10, 0xda, 0x1b, 0x0, 0x2e, 0xaf, 0xc, 0x3,
    0xc6, 0x7b, 0x0, 0x0, 0x0, 0x0, 0x0, 0x0,
    0x0, 0x0, 0x0, 0x39, 0xa7, 0x75, 0x9a, 0xa,
    0x0, 0x8c, 0x6e, 0x69, 0x79, 0x0, 0x0, 0x0,
    0x0, 0x0, 0x0, 0x0, 0x0, 0x0, 0x9a, 0x7b,
    0x0, 0x3, 0x8b, 0x6a, 0xa6, 0x35, 0x6a, 0x79,
    0x0, 0x0, 0x0, 0x0, 0x0, 0x0, 0x0, 0x0,
    0x3, 0x9d, 0x78, 0xad, 0xb5, 0x31, 0x7, 0xa6,
    0x34, 0x6b, 0x78, 0x0, 0x0, 0x0, 0x0, 0x0,
    0x0, 0x0, 0x0, 0x3, 0x5f, 0xa5, 0x10, 0xaa,
    0x30, 0x7, 0xa5, 0x34, 0x6b, 0x77, 0x0, 0x0,
    0x0, 0x0, 0x0, 0x0, 0x0, 0x0, 0x0, 0x37,
    0xa4, 0xf, 0xaa, 0x2f, 0x7, 0xa6, 0x33, 0x6c,
    0x77, 0x0, 0x0, 0x0, 0x0, 0x0, 0x0, 0x0,
    0x0, 0x0, 0x38, 0xa2, 0xf, 0xaa, 0x2e, 0x7,
    0xa6, 0x32, 0x71, 0x67, 0x0, 0x0, 0x0, 0x0,
    0x0, 0x0, 0x0, 0x0, 0x0, 0x38, 0xa1, 0xf,
    0xab, 0x2e, 0x8, 0xa6, 0x99, 0xf0, 0x6, 0x0,
    0x0, 0x0, 0x0, 0x0, 0x0, 0x0, 0x0, 0x0,
    0x39, 0x9f, 0xf, 0xab, 0x2d, 0x3f, 0x6f, 0x57,
    0x55, 0x0, 0x0, 0x0, 0x0, 0x0, 0x0, 0x0,
    0x0, 0x0, 0x0, 0x39, 0x9e, 0x18, 0xd5, 0x92,
    0xd, 0x7, 0xa3, 0x0, 0x0, 0x0, 0x0, 0x0,
    0x0, 0x0, 0x0, 0x0, 0x0, 0x0, 0x39, 0xf5,
    0x95, 0xd, 0x0, 0x0, 0xcf, 0x1b, 0x0, 0x0,
    0x0, 0x0, 0x0, 0x0, 0x0, 0x0, 0x0, 0x0,
    0x0, 0x8, 0x52, 0x9f, 0xa4, 0xaf, 0xff, 0x72,
    0x0, 0x0, 0x0, 0x0, 0x0, 0x0, 0x0, 0x0,
    0x0, 0x0, 0x0, 0x0, 0x0, 0x0, 0x9, 0x53,
    0x96, 0x2f,

    /* U+2714 "✔" */
    0x0, 0x0, 0x0, 0x0, 0x0, 0x0, 0x0, 0x0,
    0x0, 0x0, 0x0, 0x0, 0x0, 0x0, 0x35, 0x86,
    0x3d, 0x0, 0x0, 0x0, 0x0, 0x0, 0x0, 0x0,
    0x0, 0x0, 0x0, 0x0, 0x0, 0x0, 0x0, 0x37,
    0xf7, 0xff, 0xf9, 0x24, 0x0, 0x0, 0x0, 0x0,
    0x0, 0x0, 0x0, 0x0, 0x0, 0x0, 0x0, 0x0,
    0x19, 0xe5, 0xff, 0xff, 0xff, 0x4c, 0x0, 0x0,
    0x0, 0x0, 0x0, 0x0, 0x0, 0x0, 0x0, 0x0,
    0x0, 0x7, 0xc7, 0xff, 0xff, 0xff, 0xce, 0x6,
    0x0, 0x0, 0x0, 0x0, 0x0, 0x0, 0x0, 0x0,
    0x0, 0x0, 0x0, 0x9f, 0xff, 0xff, 0xff, 0xea,
    0x1e, 0x0, 0x0, 0x18, 0x76, 0x52, 0x0, 0x0,
    0x0, 0x0, 0x0, 0x0, 0x6f, 0xff, 0xff, 0xff,
    0xfa, 0x3d, 0x0, 0x0, 0x0, 0xcf, 0xff, 0xff,
    0x54, 0x0, 0x0, 0x0, 0x0, 0x42, 0xfb, 0xff,
    0xff, 0xff, 0x68, 0x0, 0x0, 0x0, 0x2, 0xfa,
    0xff, 0xff, 0xb8, 0x0, 0x0, 0x0, 0x21, 0xec,
    0xff, 0xff, 0xff, 0x98, 0x0, 0x0, 0x0, 0x0,
    0x0, 0xbb, 0xff, 0xff, 0xfb, 0x12, 0x0, 0xb,
    0xd1, 0xff, 0xff, 0xff, 0xc2, 0x5, 0x0, 0x0,
    0x0, 0x0, 0x0, 0x66, 0xff, 0xff, 0xff, 0x63,
    0x1, 0xac, 0xff, 0xff, 0xff, 0xe2, 0x16, 0x0,
    0x0, 0x0, 0x0, 0x0, 0x0, 0x15, 0xfc, 0xff,
    0xff, 0xb8, 0x7e, 0xff, 0xff, 0xff, 0xf6, 0x32,
    0x0, 0x0, 0x0, 0x0, 0x0, 0x0, 0x0, 0x0,
    0xbd, 0xff, 0xff, 0xfc, 0xfe, 0xff, 0xff, 0xff,
    0x59, 0x0, 0x0, 0x0, 0x0, 0x0, 0x0, 0x0,
    0x0, 0x0, 0x68, 0xff, 0xff, 0xff, 0xff, 0xff,
    0xff, 0x89, 0x0, 0x0, 0x0, 0x0, 0x0, 0x0,
    0x0, 0x0, 0x0, 0x0, 0x16, 0xfc, 0xff, 0xff,
    0xff, 0xff, 0xb6, 0x2, 0x0, 0x0, 0x0, 0x0,
    0x0, 0x0, 0x0, 0x0, 0x0, 0x0, 0x0, 0xbe,
    0xff, 0xff, 0xff, 0xd9, 0xf, 0x0, 0x0, 0x0,
    0x0, 0x0, 0x0, 0x0, 0x0, 0x0, 0x0, 0x0,
    0x0, 0x60, 0xff, 0xff, 0xf1, 0x28, 0x0, 0x0,
    0x0, 0x0, 0x0, 0x0, 0x0, 0x0, 0x0, 0x0,
    0x0, 0x0, 0x0, 0x1, 0x6e, 0x98, 0x2e, 0x0,
    0x0, 0x0, 0x0, 0x0, 0x0, 0x0, 0x0, 0x0,
    0x0, 0x0,

    /* U+2716 "✖" */
    0x0, 0x0, 0x0, 0x2, 0x0, 0x0, 0x0, 0x0,
    0x0, 0x0, 0x0, 0x0, 0x0, 0x1, 0x0, 0x0,
    0x0, 0x0, 0x4b, 0xcd, 0x15, 0x0, 0x0, 0x0,
    0x0, 0x0, 0x0, 0x0, 0x8e, 0x95, 0x0, 0x0,
    0x0, 0x4b, 0xf8, 0xff, 0xd2, 0x14, 0x0, 0x0,
    0x0, 0x0, 0x0, 0x8c, 0xff, 0xff, 0x94, 0x0,
    0x24, 0xf8, 0xff, 0xff, 0xff, 0xd0, 0x12, 0x0,
    0x0, 0x0, 0x89, 0xff, 0xff, 0xff, 0xff, 0x70,
    0x0, 0x80, 0xff, 0xff, 0xff, 0xff, 0xce, 0x11,
    0x0, 0x87, 0xff, 0xff, 0xff, 0xff, 0xc8, 0xe,
    0x0, 0x0, 0x83, 0xff, 0xff, 0xff, 0xff, 0xcc,
    0x8c, 0xff, 0xff, 0xff, 0xff, 0xcb, 0xf, 0x0,
    0x0, 0x0, 0x0, 0x87, 0xff, 0xff, 0xff, 0xff,
    0xff, 0xff, 0xff, 0xff, 0xce, 0x11, 0x0, 0x0,
    0x0, 0x0, 0x0, 0x0, 0x8b, 0xff, 0xff, 0xff,
    0xff, 0xff, 0xff, 0xd0, 0x12, 0x0, 0x0, 0x0,
    0x0, 0x0, 0x0, 0x0, 0x0, 0xca, 0xff, 0xff,
    0xff, 0xff, 0xfb, 0x23, 0x0, 0x0, 0x0, 0x0,
    0x0, 0x0, 0x0, 0x0, 0x84, 0xff, 0xff, 0xff,
    0xff, 0xff, 0xff, 0xc6, 0xd, 0x0, 0x0, 0x0,
    0x0, 0x0, 0x0, 0x82, 0xff, 0xff, 0xff, 0xff,
    0xff, 0xff, 0xff, 0xff, 0xc3, 0xb, 0x0, 0x0,
    0x0, 0x0, 0x7e, 0xff, 0xff, 0xff, 0xff, 0xd1,
    0x9b, 0xff, 0xff, 0xff, 0xff, 0xc0, 0xa, 0x0,
    0x0, 0x7b, 0xff, 0xff, 0xff, 0xff, 0xd3, 0x14,
    0x1, 0x98, 0xff, 0xff, 0xff, 0xff, 0xbd, 0x9,
    0x27, 0xfb, 0xff, 0xff, 0xff, 0xd5, 0x16, 0x0,
    0x0, 0x1, 0x9c, 0xff, 0xff, 0xff, 0xff, 0x73,
    0x0, 0x56, 0xfc, 0xff, 0xd7, 0x17, 0x0, 0x0,
    0x0, 0x0, 0x2, 0x9f, 0xff, 0xff, 0xa3, 0x2,
    0x0, 0x0, 0x57, 0xd5, 0x18, 0x0, 0x0, 0x0,
    0x0, 0x0, 0x0, 0x2, 0xa3, 0xa4, 0x2, 0x0,
    0x0, 0x0, 0x0, 0x4, 0x0, 0x0, 0x0, 0x0,
    0x0, 0x0, 0x0, 0x0, 0x3, 0x3, 0x0, 0x0,

    /* U+2728 "✨" */
    0x0, 0x0, 0x0, 0x0, 0x0, 0x48, 0x6, 0x0,
    0x0, 0x0, 0x0, 0x0, 0x26, 0x28, 0x0, 0x0,
    0x0, 0x0, 0x0, 0x0, 0x0, 0x0, 0x0, 0x0,
    0x0, 0xdb, 0x33, 0x0, 0x0, 0x0, 0x0, 0x0,
    0x81, 0x84, 0x0, 0x0, 0x0, 0x0, 0x0, 0x0,
    0x0, 0x0, 0x0, 0x0, 0x35, 0x88, 0x82, 0x0,
    0x0, 0x0, 0x0, 0x0, 0x9f, 0xa0, 0x0, 0x0,
    0x0, 0x0, 0x0, 0x0, 0x0, 0x0, 0x1d, 0x8a,
    0x8b, 0x8, 0x66, 0x93, 0x44, 0x0, 0x0, 0x0,
    0xa3, 0xa1, 0x0, 0x0, 0x0, 0x0, 0x0, 0x0,
    0x0, 0x0, 0x17, 0x78, 0x95, 0xd, 0x78, 0x87,
    0x35, 0x0, 0x0, 0x6, 0x9e, 0x9b, 0x6, 0x0,
    0x0, 0x0, 0x0, 0x0, 0x0, 0x0, 0x0, 0x0,
    0x26, 0x97, 0x75, 0x0, 0x0, 0x0, 0x0, 0x46,
    0x65, 0x61, 0x48, 0x0, 0x0, 0x0, 0x0, 0x0,
    0x0, 0x0, 0x0, 0x0, 0x0, 0xd9, 0x2d, 0x0,
    0x0, 0x0, 0x9, 0xb0, 0xd, 0xb, 0xb2, 0x9,
    0x0, 0x0, 0x0, 0x0, 0x0, 0x0, 0x0, 0x0,
    0x0, 0x35, 0x4, 0x0, 0x13, 0x5d, 0xb6, 0x39,
    0x0, 0x0, 0x38, 0xb5, 0x5e, 0x14, 0x0, 0x0,
    0x0, 0x0, 0x0, 0x9, 0x90, 0x0, 0x6b, 0xd8,
    0xa6, 0x4d, 0x4, 0x0, 0x0, 0x0, 0x0, 0x4,
    0x4c, 0xa5, 0xd8, 0x6e, 0x0, 0x0, 0x0, 0x3a,
    0xeb, 0xa, 0x1b, 0x57, 0x8e, 0xa6, 0x68, 0x2,
    0x0, 0x0, 0x1, 0x63, 0xa5, 0x8f, 0x58, 0x1c,
    0x0, 0x0, 0x0, 0x7a, 0x86, 0x46, 0x0, 0x0,
    0x0, 0x1, 0x5b, 0x9c, 0x0, 0x0, 0x99, 0x5c,
    0x1, 0x0, 0x0, 0x0, 0x0, 0x1, 0x40, 0xa2,
    0x9, 0xb2, 0x2c, 0x0, 0x0, 0x0, 0x0, 0x7b,
    0x37, 0x32, 0x7e, 0x0, 0x0, 0x0, 0x0, 0x0,
    0x18, 0xe7, 0x97, 0x6, 0x0, 0x16, 0xb6, 0xcf,
    0x0, 0x0, 0x0, 0x1f, 0x89, 0x84, 0x1f, 0x0,
    0x0, 0x0, 0x0, 0x0, 0x0, 0x23, 0x74, 0x7f,
    0x1, 0xa1, 0x60, 0x16, 0x0, 0x0, 0x0, 0x0,
    0xa5, 0xa1, 0x0, 0x0, 0x0, 0x0, 0x0, 0x0,
    0x0, 0x0, 0x0, 0x8d, 0x65, 0x5e, 0x0, 0x0,
    0x0, 0x0, 0x0, 0x0, 0xa2, 0xa1, 0x0, 0x0,
    0x0, 0x0, 0x0, 0x0, 0x0, 0x0, 0x0, 0x47,
    0xdf, 0x14, 0x0, 0x0, 0x0, 0x0, 0x0, 0x0,
    0x93, 0x96, 0x0, 0x0, 0x0, 0x0, 0x0, 0x0,
    0x0, 0x0, 0x0, 0x11, 0xc5, 0x0, 0x0, 0x0,
    0x0, 0x0, 0x0, 0x0, 0x62, 0x65, 0x0, 0x0,
    0x0, 0x0, 0x0, 0x0,

    /* U+2744 "❄" */
    0x0, 0x0, 0x0, 0x0, 0x0, 0x0, 0x0, 0x2d,
    0x5d, 0x0, 0x0, 0x0, 0x0, 0x0, 0x0, 0x0,
    0x0, 0x0, 0x0, 0x0, 0x0, 0x3, 0x16, 0xaf,
    0x7d, 0x4c, 0xe, 0x0, 0x0, 0x0, 0x0, 0x0,
    0x0, 0x0, 0x0, 0x0, 0x0, 0x67, 0xac, 0xb1,
    0x61, 0xbd, 0xa3, 0x0, 0x0, 0x0, 0x0, 0x0,
    0x0, 0x0, 0x4, 0xb0, 0x6f, 0x39, 0x87, 0x9,
    0x0, 0x4a, 0x7f, 0x39, 0xb8, 0x32, 0x1, 0x0,
    0xe, 0xaf, 0xb0, 0x97, 0x98, 0x7, 0x3a, 0xae,
    0x5f, 0x80, 0x1, 0x9a, 0x4c, 0xd0, 0xa2, 0x49,
    0x3, 0xab, 0x36, 0x1c, 0x89, 0x53, 0x0, 0xa4,
    0x64, 0x38, 0x22, 0xb6, 0x7, 0x35, 0x85, 0x3c,
    0x0, 0x99, 0x8d, 0x1a, 0x20, 0x6c, 0xa9, 0xb1,
    0x64, 0xb3, 0x92, 0x1f, 0x2e, 0x48, 0xd3, 0x9,
    0x0, 0xa3, 0x9d, 0x9a, 0x99, 0x73, 0x10, 0x1e,
    0x1a, 0x1a, 0x43, 0xab, 0x89, 0xa3, 0xb4, 0x1e,
    0x0, 0x0, 0x5, 0x0, 0x0, 0x7d, 0x77, 0x6f,
    0xc7, 0x23, 0xc8, 0x8, 0x0, 0x3, 0x2, 0x0,
    0x0, 0x9c, 0xa1, 0x97, 0x95, 0x7d, 0xf, 0x19,
    0x1d, 0x14, 0x4c, 0xac, 0x81, 0xa7, 0xb0, 0x1b,
    0x0, 0x9b, 0x87, 0x21, 0x24, 0x61, 0xaf, 0xb2,
    0x64, 0xba, 0x8a, 0x1c, 0x39, 0x43, 0xcf, 0xc,
    0x1, 0xad, 0x3d, 0x14, 0x86, 0x5e, 0x1, 0xa4,
    0x64, 0x38, 0x2b, 0xb6, 0x4, 0x33, 0x8f, 0x36,
    0xe, 0xb4, 0xa9, 0x94, 0x96, 0x9, 0x2b, 0xb0,
    0x62, 0x71, 0x0, 0x9b, 0x48, 0xce, 0x9d, 0x4f,
    0x0, 0x3, 0xf, 0xc6, 0x88, 0x2c, 0x97, 0x12,
    0x2, 0x62, 0x71, 0x48, 0xcf, 0x40, 0xa, 0x0,
    0x0, 0x0, 0x0, 0x2, 0x0, 0x6d, 0x97, 0x9e,
    0x5a, 0xa3, 0xa2, 0x0, 0x2, 0x0, 0x0, 0x0,
    0x0, 0x0, 0x0, 0x0, 0x0, 0x14, 0x42, 0xa8,
    0x62, 0x6f, 0x30, 0x0, 0x0, 0x0, 0x0, 0x0,
    0x0, 0x0, 0x0, 0x0, 0x0, 0x0, 0x0, 0x3c,
    0x71, 0x0, 0x0, 0x0, 0x0, 0x0, 0x0, 0x0,

    /* U+274C "❌" */
    0x0, 0x20, 0xc, 0x0, 0x0, 0x0, 0x0, 0x0,
    0x0, 0x0, 0x0, 0x0, 0x0, 0x2, 0x26, 0x3,
    0x0, 0x6c, 0xff, 0xe9, 0x38, 0x0, 0x0, 0x0,
    0x0, 0x0, 0x0, 0x0, 0x0, 0xf, 0xc0, 0xff,
    0xba, 0x0, 0xac, 0xff, 0xff, 0xf2, 0x3d, 0x0,
    0x0, 0x0, 0x0, 0x0, 0x0, 0x12, 0xcb, 0xff,
    0xff, 0xf9, 0x2, 0x31, 0xf1, 0xff, 0xff, 0xf5,
    0x43, 0x0, 0x0, 0x0, 0x0, 0x15, 0xd1, 0xff,
    0xff, 0xff, 0x73, 0x0, 0x0, 0x35, 0xee, 0xff,
    0xff, 0xf7, 0x49, 0x0, 0x0, 0x19, 0xd6, 0xff,
    0xff, 0xff, 0x75, 0x0, 0x0, 0x0, 0x0, 0x30,
    0xeb, 0xff, 0xff, 0xf9, 0x4f, 0x1d, 0xdb, 0xff,
    0xff, 0xff, 0x6e, 0x0, 0x0, 0x0, 0x0, 0x0,
    0x0, 0x2c, 0xe8, 0xff, 0xff, 0xfb, 0xe5, 0xff,
    0xff, 0xfe, 0x68, 0x0, 0x0, 0x0, 0x0, 0x0,
    0x0, 0x0, 0x0, 0x27, 0xe5, 0xff, 0xff, 0xff,
    0xff, 0xfd, 0x61, 0x0, 0x0, 0x0, 0x0, 0x0,
    0x0, 0x0, 0x0, 0x0, 0x0, 0x3e, 0xff, 0xff,
    0xff, 0xff, 0x91, 0x0, 0x0, 0x0, 0x0, 0x0,
    0x0, 0x0, 0x0, 0x0, 0x0, 0x1e, 0xdc, 0xff,
    0xff, 0xff, 0xff, 0xfa, 0x53, 0x0, 0x0, 0x0,
    0x0, 0x0, 0x0, 0x0, 0x0, 0x22, 0xe0, 0xff,
    0xff, 0xfd, 0xeb, 0xff, 0xff, 0xfb, 0x59, 0x0,
    0x0, 0x0, 0x0, 0x0, 0x0, 0x27, 0xe4, 0xff,
    0xff, 0xfc, 0x59, 0x24, 0xe1, 0xff, 0xff, 0xfd,
    0x5f, 0x0, 0x0, 0x0, 0x0, 0x2b, 0xe7, 0xff,
    0xff, 0xfa, 0x54, 0x0, 0x0, 0x1f, 0xdd, 0xff,
    0xff, 0xfe, 0x65, 0x0, 0x0, 0x29, 0xeb, 0xff,
    0xff, 0xf9, 0x4e, 0x0, 0x0, 0x0, 0x0, 0x1c,
    0xd9, 0xff, 0xff, 0xfe, 0x65, 0x0, 0xa9, 0xff,
    0xff, 0xf7, 0x49, 0x0, 0x0, 0x0, 0x0, 0x0,
    0x0, 0x18, 0xd5, 0xff, 0xff, 0xf6, 0x2, 0x77,
    0xff, 0xf1, 0x43, 0x0, 0x0, 0x0, 0x0, 0x0,
    0x0, 0x0, 0x0, 0x15, 0xcc, 0xff, 0xc8, 0x0,
    0x0, 0x30, 0x15, 0x0, 0x0, 0x0, 0x0, 0x0,
    0x0, 0x0, 0x0, 0x0, 0x0, 0x6, 0x37, 0x8,
    0x0,

    /* U+274E "❎" */
    0x1c, 0x5d, 0x60, 0x60, 0x60, 0x60, 0x60, 0x60,
    0x60, 0x60, 0x60, 0x60, 0x60, 0x60, 0x5f, 0x33,
    0x0, 0xd9, 0xff, 0xff, 0xff, 0xff, 0xff, 0xff,
    0xff, 0xff, 0xff, 0xff, 0xff, 0xff, 0xff, 0xff,
    0xfc, 0x20, 0xf8, 0xff, 0xff, 0xf4, 0xff, 0xff,
    0xff, 0xff, 0xff, 0xff, 0xff, 0xff, 0xf2, 0xf6,
    0xff, 0xff, 0x3c, 0xf8, 0xff, 0x78, 0x3, 0x9a,
    0xff, 0xff, 0xff, 0xff, 0xff, 0xff, 0xcc, 0x12,
    0x22, 0xfe, 0xff, 0x3c, 0xf8, 0xff, 0x79, 0x0,
    0x1, 0x98, 0xff, 0xff, 0xff, 0xff, 0xcf, 0x11,
    0x0, 0x30, 0xff, 0xff, 0x3c, 0xf8, 0xff, 0xfc,
    0x5b, 0x0, 0x1, 0x96, 0xff, 0xff, 0xd1, 0x13,
    0x0, 0x27, 0xe8, 0xff, 0xff, 0x3c, 0xf8, 0xff,
    0xff, 0xfd, 0x5c, 0x0, 0x1, 0x95, 0xd4, 0x15,
    0x0, 0x25, 0xe5, 0xff, 0xff, 0xff, 0x3c, 0xf8,
    0xff, 0xff, 0xff, 0xfd, 0x5d, 0x0, 0x0, 0xf,
    0x0, 0x22, 0xe3, 0xff, 0xff, 0xff, 0xff, 0x3c,
    0xf8, 0xff, 0xff, 0xff, 0xff, 0xfd, 0x53, 0x0,
    0x0, 0x13, 0xe1, 0xff, 0xff, 0xff, 0xff, 0xff,
    0x3c, 0xf8, 0xff, 0xff, 0xff, 0xff, 0xdb, 0x1a,
    0x0, 0x0, 0x0, 0x8f, 0xff, 0xff, 0xff, 0xff,
    0xff, 0x3c, 0xf8, 0xff, 0xff, 0xff, 0xdc, 0x1c,
    0x0, 0x1d, 0x55, 0x0, 0x0, 0x8e, 0xff, 0xff,
    0xff, 0xff, 0x3c, 0xf8, 0xff, 0xff, 0xde, 0x1d,
    0x0, 0x1c, 0xdc, 0xfd, 0x60, 0x0, 0x0, 0x8d,
    0xff, 0xff, 0xff, 0x3c, 0xf8, 0xff, 0xe0, 0x1f,
    0x0, 0x1a, 0xdb, 0xff, 0xff, 0xfd, 0x61, 0x0,
    0x0, 0x8d, 0xff, 0xff, 0x3c, 0xf8, 0xff, 0x63,
    0x0, 0x19, 0xd9, 0xff, 0xff, 0xff, 0xff, 0xfe,
    0x63, 0x0, 0x2, 0xf7, 0xff, 0x3c, 0xf8, 0xff,
    0xc3, 0x56, 0xd8, 0xff, 0xff, 0xff, 0xff, 0xff,
    0xff, 0xfe, 0x85, 0x86, 0xff, 0xff, 0x3c, 0xf4,
    0xff, 0xff, 0xff, 0xff, 0xff, 0xff, 0xff, 0xff,
    0xff, 0xff, 0xff, 0xff, 0xff, 0xff, 0xff, 0x37,
    0x7d, 0xdd, 0xe0, 0xe0, 0xe0, 0xe0, 0xe0, 0xe0,
    0xe0, 0xe0, 0xe0, 0xe0, 0xe0, 0xe0, 0xdf, 0xb0,
    0x6,

    /* U+2753 "❓" */
    0x0, 0x0, 0x1d, 0x84, 0xbc, 0xc9, 0xac, 0x5c,
    0x1, 0x0, 0x0, 0x46, 0xf2, 0xff, 0xff, 0xff,
    0xff, 0xff, 0xae, 0x2, 0xe, 0xef, 0xff, 0xd3,
    0x52, 0x3d, 0x97, 0xff, 0xff, 0x5d, 0x58, 0xff,
    0xfe, 0x1f, 0x0, 0x0, 0x0, 0xcd, 0xff, 0xaa,
    0x1d, 0x44, 0x3c, 0x0, 0x0, 0x0, 0x0, 0xa3,
    0xff, 0xba, 0x0, 0x0, 0x0, 0x0, 0x0, 0x0,
    0x5, 0xd9, 0xff, 0x91, 0x0, 0x0, 0x0, 0x0,
    0x0, 0x2, 0x9e, 0xff, 0xf6, 0x27, 0x0, 0x0,
    0x0, 0x0, 0x2, 0xa3, 0xff, 0xfa, 0x4f, 0x0,
    0x0, 0x0, 0x0, 0x0, 0x7b, 0xff, 0xf8, 0x49,
    0x0, 0x0, 0x0, 0x0, 0x0, 0x3, 0xec, 0xff,
    0x68, 0x0, 0x0, 0x0, 0x0, 0x0, 0x0, 0x1d,
    0xff, 0xff, 0x14, 0x0, 0x0, 0x0, 0x0, 0x0,
    0x0, 0x2, 0xc, 0xc, 0x0, 0x0, 0x0, 0x0,
    0x0, 0x0, 0x0, 0x0, 0x0, 0x0, 0x0, 0x0,
    0x0, 0x0, 0x0, 0x0, 0x0, 0x30, 0xc8, 0xbb,
    0x1b, 0x0, 0x0, 0x0, 0x0, 0x0, 0x0, 0xbe,
    0xff, 0xff, 0x97, 0x0, 0x0, 0x0, 0x0, 0x0,
    0x0, 0xa8, 0xff, 0xff, 0x82, 0x0, 0x0, 0x0,
    0x0, 0x0, 0x0, 0x12, 0x8a, 0x7e, 0x6, 0x0,
    0x0, 0x0,

    /* U+2754 "❔" */
    0x0, 0x0, 0xe, 0x5f, 0x8e, 0x99, 0x7c, 0x30,
    0x0, 0x0, 0x0, 0x3d, 0xac, 0x48, 0xf, 0xc,
    0x2e, 0x8f, 0x8c, 0x0, 0x11, 0xab, 0x5, 0x72,
    0xa5, 0x9f, 0x98, 0xf, 0x5d, 0x61, 0x66, 0x3d,
    0x55, 0x69, 0x0, 0x0, 0x2a, 0x8a, 0x0, 0xa3,
    0x56, 0xa0, 0xa1, 0x7, 0x0, 0x0, 0x0, 0x9e,
    0x0, 0xa0, 0x0, 0x0, 0x0, 0x0, 0x0, 0x0,
    0xb, 0x9f, 0x0, 0xa2, 0x0, 0x0, 0x0, 0x0,
    0x0, 0x0, 0x9a, 0x35, 0x44, 0x72, 0x0, 0x0,
    0x0, 0x0, 0x0, 0x91, 0x54, 0x26, 0xa6, 0x4,
    0x0, 0x0, 0x0, 0x0, 0x79, 0x5c, 0x2c, 0xa9,
    0xd, 0x0, 0x0, 0x0, 0x0, 0xd, 0x9c, 0xd,
    0xae, 0x9, 0x0, 0x0, 0x0, 0x0, 0x0, 0x43,
    0x5d, 0x59, 0x4b, 0x0, 0x0, 0x0, 0x0, 0x0,
    0x0, 0x35, 0xa0, 0xa0, 0x19, 0x0, 0x0, 0x0,
    0x0, 0x0, 0x0, 0x0, 0x0, 0x0, 0x0, 0x0,
    0x0, 0x0, 0x0, 0x0, 0x0, 0x55, 0xa1, 0xa7,
    0x29, 0x0, 0x0, 0x0, 0x0, 0x0, 0x0, 0xa1,
    0x0, 0xa, 0x98, 0x0, 0x0, 0x0, 0x0, 0x0,
    0x0, 0xa4, 0x14, 0x31, 0x86, 0x0, 0x0, 0x0,
    0x0, 0x0, 0x0, 0x1e, 0x8d, 0x7e, 0x7, 0x0,
    0x0, 0x0,

    /* U+2755 "❕" */
    0x33, 0xa0, 0xa0, 0x79, 0x0, 0x4d, 0x5a, 0x0,
    0xa0, 0x0, 0x47, 0x61, 0x0, 0xa0, 0x0, 0x41,
    0x67, 0x0, 0xa0, 0x0, 0x3a, 0x6e, 0x0, 0xa0,
    0x0, 0x34, 0x74, 0x0, 0xa0, 0x0, 0x2d, 0x7a,
    0x3, 0x9c, 0x0, 0x27, 0x81, 0xa, 0x96, 0x0,
    0x21, 0x87, 0x10, 0x90, 0x0, 0x1a, 0x8d, 0x16,
    0x89, 0x0, 0x14, 0xcc, 0x94, 0x83, 0x0, 0x1,
    0x18, 0x18, 0xc, 0x0, 0x0, 0x0, 0x0, 0x0,
    0x0, 0x22, 0xa3, 0x9e, 0x6c, 0x0, 0x9d, 0xc,
    0x0, 0x97, 0x14, 0x86, 0x3a, 0xb, 0xab, 0x9,
    0x4, 0x75, 0x92, 0x2c, 0x0,

    /* U+2757 "❗" */
    0x26, 0xc4, 0xc4, 0x69, 0x2c, 0xff, 0xff, 0x84,
    0x26, 0xff, 0xff, 0x7e, 0x20, 0xff, 0xff, 0x78,
    0x1a, 0xff, 0xff, 0x72, 0x13, 0xff, 0xff, 0x6c,
    0xd, 0xff, 0xff, 0x66, 0x7, 0xff, 0xff, 0x60,
    0x1, 0xff, 0xff, 0x5b, 0x0, 0xfa, 0xff, 0x55,
    0x0, 0xf4, 0xff, 0x4f, 0x0, 0xb, 0xc, 0x3,
    0x0, 0x0, 0x0, 0x0, 0x14, 0xb1, 0xce, 0x44,
    0x86, 0xff, 0xff, 0xdb, 0x6f, 0xff, 0xff, 0xc4,
    0x2, 0x71, 0x8c, 0x1c,

    /* U+2764 "❤" */
    0x0, 0x0, 0xd, 0x69, 0xc1, 0x8d, 0x50, 0x4,
    0x0, 0x0, 0x0, 0x1e, 0x74, 0xc3, 0x84, 0x2e,
    0x0, 0x0, 0x0, 0x2f, 0xff, 0x42, 0xab, 0x13,
    0xc9, 0xbf, 0x2e, 0x0, 0x73, 0xff, 0x2f, 0xa8,
    0x22, 0xfc, 0x76, 0x0, 0x6, 0xa3, 0xa8, 0x0,
    0x9f, 0x0, 0x8f, 0x1e, 0xb3, 0x76, 0x6a, 0x9f,
    0x0, 0x9f, 0x0, 0x9f, 0x7d, 0x45, 0x64, 0x44,
    0x9f, 0x0, 0x9f, 0x0, 0x8f, 0xf, 0x1c, 0xff,
    0x0, 0x9f, 0x0, 0x9f, 0x0, 0x9f, 0x5, 0xa4,
    0x9c, 0x6, 0x9f, 0x0, 0x9f, 0x0, 0x8f, 0xf,
    0x0, 0xa7, 0x0, 0x9f, 0x0, 0x9f, 0x0, 0x9f,
    0x0, 0xa3, 0x9a, 0x5, 0x9f, 0x0, 0x9f, 0x0,
    0x8f, 0xf, 0x0, 0x9f, 0x0, 0x9f, 0x0, 0x9f,
    0x0, 0x9f, 0x0, 0xa0, 0x79, 0x2a, 0x9f, 0x0,
    0x9f, 0x0, 0x8f, 0xf, 0x0, 0x9f, 0x0, 0x9f,
    0x0, 0x9f, 0x0, 0x9f, 0x0, 0xa3, 0x28, 0x82,
    0x9f, 0x0, 0x9f, 0x0, 0x8f, 0xf, 0x0, 0x9f,
    0x0, 0x9f, 0x0, 0x9f, 0x0, 0x9f, 0x33, 0x76,
    0x0, 0xa6, 0xb1, 0x0, 0x9f, 0x0, 0x8f, 0xf,
    0x0, 0x9f, 0x0, 0x9f, 0x0, 0x9f, 0x0, 0x9f,
    0xa0, 0x16, 0x0, 0x2d, 0xff, 0x0, 0x9f, 0x0,
    0x8f, 0xf, 0x0, 0x9f, 0x0, 0x9f, 0x0, 0x9f,
    0x0, 0xc1, 0x75, 0x0, 0x0, 0x0, 0x6c, 0x64,
    0x9f, 0x0, 0x8f, 0xf, 0x0, 0x9f, 0x0, 0x9f,
    0x0, 0x9f, 0x24, 0xa6, 0x2, 0x0, 0x0, 0x0,
    0x0, 0x90, 0xe7, 0x0, 0x8f, 0xf, 0x0, 0x9f,
    0x0, 0x9f, 0x0, 0xb4, 0xae, 0x10, 0x0, 0x0,
    0x0, 0x0, 0x0, 0x2, 0xcc, 0x42, 0x8f, 0xf,
    0x0, 0x9f, 0x0, 0x9f, 0x14, 0xe0, 0x19, 0x0,
    0x0, 0x0, 0x0, 0x0, 0x0, 0x0, 0x1, 0x8d,
    0xe2, 0xf, 0x0, 0x9f, 0x0, 0xbf, 0xa8, 0x17,
    0x0, 0x0, 0x0, 0x0, 0x0, 0x0, 0x0, 0x0,
    0x0, 0x0, 0xa4, 0x77, 0x0, 0x9f, 0x37, 0xd6,
    0xe, 0x0, 0x0, 0x0, 0x0, 0x0, 0x0, 0x0,
    0x0, 0x0, 0x0, 0x0, 0x0, 0x51, 0x94, 0xff,
    0x89, 0x3, 0x0, 0x0, 0x0, 0x0, 0x0, 0x0,
    0x0, 0x0, 0x0, 0x0, 0x0, 0x0, 0x0, 0x0,
    0x29, 0x62, 0x0, 0x0, 0x0, 0x0, 0x0, 0x0,
    0x0, 0x0,

    /* U+2795 "➕" */
    0x0, 0x0, 0x0, 0x0, 0x0, 0x0, 0x1d, 0x34,
    0x34, 0x34, 0x1, 0x0, 0x0, 0x0, 0x0, 0x0,
    0x0, 0x0, 0x0, 0x0, 0x0, 0x0, 0x90, 0xff,
    0xff, 0xff, 0x8, 0x0, 0x0, 0x0, 0x0, 0x0,
    0x0, 0x0, 0x0, 0x0, 0x0, 0x0, 0x90, 0xff,
    0xff, 0xff, 0x8, 0x0, 0x0, 0x0, 0x0, 0x0,
    0x0, 0x0, 0x0, 0x0, 0x0, 0x0, 0x90, 0xff,
    0xff, 0xff, 0x8, 0x0, 0x0, 0x0, 0x0, 0x0,
    0x0, 0x0, 0x0, 0x0, 0x0, 0x0, 0x90, 0xff,
    0xff, 0xff, 0x8, 0x0, 0x0, 0x0, 0x0, 0x0,
    0x0, 0x0, 0x0, 0x0, 0x0, 0x0, 0x90, 0xff,
    0xff, 0xff, 0x8, 0x0, 0x0, 0x0, 0x0, 0x0,
    0x5, 0x44, 0x44, 0x44, 0x44, 0x44, 0xad, 0xff,
    0xff, 0xff, 0x49, 0x44, 0x44, 0x44, 0x44, 0x29,
    0x14, 0xff, 0xff, 0xff, 0xff, 0xff, 0xff, 0xff,
    0xff, 0xff, 0xff, 0xff, 0xff, 0xff, 0xff, 0x9c,
    0x14, 0xff, 0xff, 0xff, 0xff, 0xff, 0xff, 0xff,
    0xff, 0xff, 0xff, 0xff, 0xff, 0xff, 0xff, 0x9c,
    0x14, 0xff, 0xff, 0xff, 0xff, 0xff, 0xff, 0xff,
    0xff, 0xff, 0xff, 0xff, 0xff, 0xff, 0xff, 0x9c,
    0x6, 0x54, 0x54, 0x54, 0x54, 0x54, 0xb4, 0xff,
    0xff, 0xff, 0x59, 0x54, 0x54, 0x54, 0x54, 0x33,
    0x0, 0x0, 0x0, 0x0, 0x0, 0x0, 0x90, 0xff,
    0xff, 0xff, 0x8, 0x0, 0x0, 0x0, 0x0, 0x0,
    0x0, 0x0, 0x0, 0x0, 0x0, 0x0, 0x90, 0xff,
    0xff, 0xff, 0x8, 0x0, 0x0, 0x0, 0x0, 0x0,
    0x0, 0x0, 0x0, 0x0, 0x0, 0x0, 0x90, 0xff,
    0xff, 0xff, 0x8, 0x0, 0x0, 0x0, 0x0, 0x0,
    0x0, 0x0, 0x0, 0x0, 0x0, 0x0, 0x90, 0xff,
    0xff, 0xff, 0x8, 0x0, 0x0, 0x0, 0x0, 0x0,
    0x0, 0x0, 0x0, 0x0, 0x0, 0x0, 0x90, 0xff,
    0xff, 0xff, 0x8, 0x0, 0x0, 0x0, 0x0, 0x0,
    0x0, 0x0, 0x0, 0x0, 0x0, 0x0, 0x26, 0x44,
    0x44, 0x44, 0x2, 0x0, 0x0, 0x0, 0x0, 0x0,

    /* U+2796 "➖" */
    0x4, 0x34, 0x34, 0x34, 0x34, 0x34, 0x34, 0x34,
    0x34, 0x34, 0x34, 0x34, 0x34, 0x34, 0x34, 0x1f,
    0x14, 0xff, 0xff, 0xff, 0xff, 0xff, 0xff, 0xff,
    0xff, 0xff, 0xff, 0xff, 0xff, 0xff, 0xff, 0x9c,
    0x14, 0xff, 0xff, 0xff, 0xff, 0xff, 0xff, 0xff,
    0xff, 0xff, 0xff, 0xff, 0xff, 0xff, 0xff, 0x9c,
    0x14, 0xff, 0xff, 0xff, 0xff, 0xff, 0xff, 0xff,
    0xff, 0xff, 0xff, 0xff, 0xff, 0xff, 0xff, 0x9c,
    0xe, 0xb4, 0xb4, 0xb4, 0xb4, 0xb4, 0xb4, 0xb4,
    0xb4, 0xb4, 0xb4, 0xb4, 0xb4, 0xb4, 0xb4, 0x6d,

    /* U+2797 "➗" */
    0x0, 0x0, 0x0, 0x0, 0x0, 0x0, 0x4, 0x6d,
    0x8d, 0x33, 0x0, 0x0, 0x0, 0x0, 0x0, 0x0,
    0x0, 0x0, 0x0, 0x0, 0x0, 0x0, 0xa7, 0xff,
    0xff, 0xf5, 0x35, 0x0, 0x0, 0x0, 0x0, 0x0,
    0x0, 0x0, 0x0, 0x0, 0x0, 0x10, 0xff, 0xff,
    0xff, 0xff, 0x97, 0x0, 0x0, 0x0, 0x0, 0x0,
    0x0, 0x0, 0x0, 0x0, 0x0, 0x6, 0xf1, 0xff,
    0xff, 0xff, 0x7d, 0x0, 0x0, 0x0, 0x0, 0x0,
    0x0, 0x0, 0x0, 0x0, 0x0, 0x0, 0x4b, 0xf3,
    0xff, 0xb8, 0xa, 0x0, 0x0, 0x0, 0x0, 0x0,
    0x0, 0x0, 0x0, 0x0, 0x0, 0x0, 0x0, 0x9,
    0x19, 0x0, 0x0, 0x0, 0x0, 0x0, 0x0, 0x0,
    0x4, 0x34, 0x34, 0x34, 0x34, 0x34, 0x34, 0x34,
    0x34, 0x34, 0x34, 0x34, 0x34, 0x34, 0x34, 0x1f,
    0x14, 0xff, 0xff, 0xff, 0xff, 0xff, 0xff, 0xff,
    0xff, 0xff, 0xff, 0xff, 0xff, 0xff, 0xff, 0x9c,
    0x14, 0xff, 0xff, 0xff, 0xff, 0xff, 0xff, 0xff,
    0xff, 0xff, 0xff, 0xff, 0xff, 0xff, 0xff, 0x9c,
    0x14, 0xff, 0xff, 0xff, 0xff, 0xff, 0xff, 0xff,
    0xff, 0xff, 0xff, 0xff, 0xff, 0xff, 0xff, 0x9c,
    0xe, 0xb4, 0xb4, 0xb4, 0xb4, 0xb4, 0xb4, 0xb4,
    0xb4, 0xb4, 0xb4, 0xb4, 0xb4, 0xb4, 0xb4, 0x6d,
    0x0, 0x0, 0x0, 0x0, 0x0, 0x0, 0x0, 0x3,
    0xd, 0x0, 0x0, 0x0, 0x0, 0x0, 0x0, 0x0,
    0x0, 0x0, 0x0, 0x0, 0x0, 0x0, 0x3f, 0xeb,
    0xff, 0xa8, 0x5, 0x0, 0x0, 0x0, 0x0, 0x0,
    0x0, 0x0, 0x0, 0x0, 0x0, 0x5, 0xed, 0xff,
    0xff, 0xff, 0x78, 0x0, 0x0, 0x0, 0x0, 0x0,
    0x0, 0x0, 0x0, 0x0, 0x0, 0x12, 0xff, 0xff,
    0xff, 0xff, 0x99, 0x0, 0x0, 0x0, 0x0, 0x0,
    0x0, 0x0, 0x0, 0x0, 0x0, 0x0, 0xb5, 0xff,
    0xff, 0xfa, 0x40, 0x0, 0x0, 0x0, 0x0, 0x0,
    0x0, 0x0, 0x0, 0x0, 0x0, 0x0, 0x9, 0x7f,
    0x9d, 0x41, 0x0, 0x0, 0x0, 0x0, 0x0, 0x0,

    /* U+2B50 "⭐" */
    0x0, 0x0, 0x0, 0x0, 0x0, 0x0, 0x0, 0x0,
    0x57, 0x62, 0x0, 0x0, 0x0, 0x0, 0x0, 0x0,
    0x0, 0x0, 0x0, 0x0, 0x0, 0x0, 0x0, 0x0,
    0x0, 0x19, 0x9e, 0x94, 0x24, 0x0, 0x0, 0x0,
    0x0, 0x0, 0x0, 0x0, 0x0, 0x0, 0x0, 0x0,
    0x0, 0x0, 0x0, 0x88, 0x2b, 0x1f, 0x94, 0x0,
    0x0, 0x0, 0x0, 0x0, 0x0, 0x0, 0x0, 0x0,
    0x0, 0x0, 0x0, 0x0, 0xf, 0xa2, 0x0, 0x0,
    0x9a, 0x18, 0x0, 0x0, 0x0, 0x0, 0x0, 0x0,
    0x0, 0x0, 0x0, 0x0, 0x0, 0x0, 0x78, 0x39,
    0x0, 0x0, 0x2b, 0x86, 0x0, 0x0, 0x0, 0x0,
    0x0, 0x0, 0x0, 0x19, 0x3b, 0x5a, 0x79, 0x96,
    0xa6, 0x0, 0x0, 0x0, 0x0, 0x9c, 0x98, 0x7b,
    0x5c, 0x3d, 0x1c, 0x0, 0x62, 0x93, 0x66, 0x47,
    0x28, 0x9, 0x0, 0x0, 0x0, 0x0, 0x0, 0x0,
    0x8, 0x26, 0x45, 0x63, 0x89, 0x73, 0x33, 0xa2,
    0x8, 0x0, 0x0, 0x0, 0x0, 0x0, 0x0, 0x0,
    0x0, 0x0, 0x0, 0x0, 0x0, 0x4, 0x98, 0x41,
    0x0, 0x31, 0xaa, 0xe, 0x0, 0x0, 0x0, 0x0,
    0x0, 0x0, 0x0, 0x0, 0x0, 0x0, 0x9, 0xa4,
    0x3e, 0x0, 0x0, 0x0, 0x25, 0xaf, 0x16, 0x0,
    0x0, 0x0, 0x0, 0x0, 0x0, 0x0, 0x0, 0x10,
    0xad, 0x31, 0x0, 0x0, 0x0, 0x0, 0x0, 0x1c,
    0xb7, 0x1, 0x0, 0x0, 0x0, 0x0, 0x0, 0x0,
    0x0, 0xb3, 0x25, 0x0, 0x0, 0x0, 0x0, 0x0,
    0x0, 0x0, 0xa4, 0x0, 0x0, 0x0, 0x0, 0x0,
    0x0, 0x0, 0x0, 0xa8, 0x0, 0x0, 0x0, 0x0,
    0x0, 0x0, 0x0, 0x3, 0xa0, 0x0, 0x0, 0x0,
    0x0, 0x0, 0x0, 0x0, 0x0, 0x98, 0xf, 0x0,
    0x0, 0x0, 0x0, 0x0, 0x0, 0x2b, 0x78, 0x0,
    0x0, 0x0, 0x47, 0x51, 0x0, 0x0, 0x0, 0x66,
    0x41, 0x0, 0x0, 0x0, 0x0, 0x0, 0x0, 0x5d,
    0x45, 0x0, 0x2d, 0xa6, 0x70, 0x66, 0xaa, 0x35,
    0x0, 0x33, 0x73, 0x0, 0x0, 0x0, 0x0, 0x0,
    0x0, 0x89, 0x31, 0x94, 0x8b, 0x11, 0x0, 0x0,
    0xc, 0x81, 0x9b, 0x27, 0x9f, 0x0, 0x0, 0x0,
    0x0, 0x0, 0x0, 0x3a, 0x90, 0x23, 0x0, 0x0,
    0x0, 0x0, 0x0, 0x0, 0x1b, 0x8b, 0x45, 0x0,
    0x0, 0x0,

    /* U+1F308 "🌈" */
    0x0, 0x0, 0x0, 0x0, 0x0, 0x0, 0x0, 0x0,
    0x0, 0x0, 0x0, 0x0, 0x0, 0x5, 0x38, 0x70,
    0x88, 0x66, 0x0, 0x0, 0x0, 0x0, 0x0, 0x0,
    0x0, 0x0, 0x0, 0x0, 0x0, 0x2e, 0x93, 0xa3,
    0x6c, 0x32, 0x17, 0x4, 0x0, 0x0, 0x0, 0x0,
    0x0, 0x0, 0x0, 0x0, 0x0, 0x16, 0x97, 0x85,
    0x19, 0x0, 0x0, 0x0, 0x0, 0x0, 0x0, 0x0,
    0x0, 0x0, 0x0, 0x0, 0x0, 0x0, 0x3a, 0xac,
    0x22, 0x0, 0x0, 0x38, 0x8e, 0xa4, 0xa0, 0x6b,
    0x0, 0x0, 0x0, 0x0, 0x0, 0x0, 0x0, 0x50,
    0x93, 0x5, 0x0, 0x3c, 0xab, 0x73, 0x18, 0x0,
    0x0, 0x0, 0x0, 0x0, 0x0, 0x0, 0x0, 0x0,
    0x3f, 0x93, 0x1, 0x2, 0x82, 0x81, 0x8, 0x0,
    0x3b, 0x82, 0xa6, 0x6c, 0x0, 0x0, 0x0, 0x0,
    0x0, 0x12, 0xab, 0x3, 0x1, 0x96, 0x49, 0x0,
    0x3e, 0xb2, 0x76, 0x22, 0x0, 0x0, 0x0, 0x0,
    0x0, 0x0, 0x0, 0x98, 0x20, 0x0, 0x7c, 0x4c,
    0x0, 0x7b, 0x89, 0xa, 0x0, 0x1a, 0x55, 0x47,
    0x0, 0x0, 0x0, 0x0, 0x25, 0x89, 0x0, 0x32,
    0x88, 0x0, 0x7a, 0x66, 0x0, 0x2d, 0xa4, 0x8c,
    0x4e, 0x24, 0x0, 0x0, 0x0, 0x50, 0xdf, 0xb4,
    0xa6, 0xee, 0xe, 0x3b, 0x90, 0x0, 0x55, 0x96,
    0xd, 0x0, 0x0, 0x0, 0x0, 0x0, 0x53, 0x85,
    0x1, 0x0, 0x0, 0x4e, 0x81, 0xaf, 0x8, 0x36,
    0x8c, 0x0, 0x0, 0x0, 0x0, 0x0, 0x0, 0x0,
    0xa9, 0x0, 0x0, 0x0, 0x0, 0x10, 0xe6, 0xff,
    0x55, 0xa2, 0x4, 0x0, 0x0, 0x0, 0x0, 0x0,
    0x0, 0x0, 0xa0, 0x0, 0x0, 0x0, 0x0, 0xa2,
    0x30, 0x3, 0x8c, 0xbb, 0x0, 0x0, 0x0, 0x0,
    0x0, 0x0, 0x10, 0x9b, 0x89, 0x0, 0x0, 0x0,
    0x0, 0x64, 0x0, 0x0, 0x7, 0xd6, 0x6c, 0x4,
    0x0, 0x0, 0x0, 0x0, 0x84, 0x2f, 0x0, 0x0,
    0x0, 0x0, 0x0, 0x0, 0x0, 0x0, 0x0, 0x4,
    0x53, 0x74, 0x0, 0x0, 0x0, 0x0, 0x7c, 0x3e,
    0x0, 0x0, 0x0, 0x0, 0x0, 0x0, 0x0, 0x0,
    0x0, 0x0, 0x2f, 0x89, 0x0, 0x0, 0x0, 0x0,
    0x8, 0x7b, 0x9f, 0xa0, 0xa0, 0xa0, 0xa0, 0xa0,
    0xa0, 0xa0, 0xa0, 0x9f, 0x84, 0x10, 0x0, 0x0,
    0x0, 0x0,

    /* U+1F30A "🌊" */
    0x0, 0x0, 0x0, 0x0, 0x0, 0x0, 0xf, 0x56,
    0x7e, 0x94, 0x8f, 0x6e, 0x2c, 0x0, 0x0, 0x0,
    0x0, 0x0, 0x0, 0x0, 0x0, 0x0, 0x1c, 0x99,
    0x9d, 0x4f, 0x1e, 0x7, 0x13, 0x35, 0x80, 0xa7,
    0x10, 0x0, 0x0, 0x0, 0x0, 0x0, 0x0, 0x46,
    0xb6, 0x27, 0x0, 0x0, 0x0, 0x0, 0x0, 0x2c,
    0x0, 0x26, 0x87, 0x0, 0x0, 0x0, 0x0, 0x0,
    0x42, 0xab, 0x7, 0x0, 0x0, 0x0, 0x0, 0x0,
    0x0, 0x58, 0x9f, 0x9f, 0x49, 0x0, 0x0, 0x0,
    0x0, 0x15, 0xbc, 0xa, 0x0, 0x7, 0x97, 0xb1,
    0xcd, 0x66, 0x6, 0x0, 0x7, 0x99, 0x30, 0x0,
    0x0, 0x0, 0x0, 0x8a, 0x3b, 0x0, 0x0, 0x0,
    0x0, 0x0, 0x9c, 0xff, 0xc9, 0x2b, 0x0, 0x7,
    0xa3, 0x0, 0x0, 0x0, 0x5, 0xb1, 0x0, 0x0,
    0x4, 0x4c, 0x6e, 0x94, 0xee, 0xa1, 0x14, 0x9a,
    0x6d, 0xf, 0xaf, 0x0, 0x0, 0x0, 0x3f, 0x6e,
    0x0, 0x0, 0x7a, 0x82, 0x90, 0xeb, 0xff, 0x35,
    0x0, 0x0, 0x42, 0x91, 0x4b, 0x0, 0x0, 0x0,
    0x6d, 0x36, 0x0, 0x0, 0x0, 0x0, 0x0, 0x23,
    0xfd, 0x49, 0x0, 0x0, 0x0, 0x0, 0x0, 0x0,
    0x0, 0x0, 0x82, 0x1e, 0x0, 0x0, 0x0, 0x0,
    0x0, 0x1a, 0xf8, 0xa5, 0x0, 0x0, 0x0, 0x0,
    0x0, 0x0, 0x0, 0x0, 0x82, 0x1b, 0x0, 0x4b,
    0xca, 0xf0, 0xef, 0xfc, 0xff, 0xfe, 0x44, 0x0,
    0x0, 0x0, 0x0, 0x0, 0x0, 0x0, 0x6a, 0x34,
    0x15, 0xf5, 0xff, 0xff, 0xff, 0xff, 0xff, 0xff,
    0xed, 0x30, 0x0, 0x0, 0x0, 0x0, 0x0, 0x0,
    0x38, 0x6a, 0x61, 0xff, 0xff, 0xff, 0xff, 0xff,
    0xff, 0xff, 0xff, 0xef, 0x4a, 0x0, 0x0, 0x0,
    0x0, 0x0, 0x4, 0xae, 0x95, 0xff, 0xff, 0xff,
    0xff, 0xff, 0xff, 0xff, 0xff, 0xff, 0xff, 0xa9,
    0x1f, 0x0, 0x0, 0x0, 0x0, 0x89, 0xdd, 0xff,
    0xff, 0xff, 0xff, 0xff, 0xff, 0xff, 0xff, 0xff,
    0xff, 0xff, 0xf7, 0xa2, 0x4b, 0x6, 0x0, 0x17,
    0xa9, 0x48, 0x1e, 0x17, 0x42, 0x8b, 0xd9, 0xff,
    0xff, 0xff, 0xff, 0xff, 0xff, 0xff, 0xec, 0x41,
    0x0, 0x0, 0x0, 0x0, 0x0, 0x0, 0x0, 0x0,
    0x0, 0x26, 0x70, 0x9f, 0xbc, 0xc1, 0xa5, 0x63,
    0xe, 0x0,

    /* U+1F30B "🌋" */
    0x0, 0x0, 0x0, 0x0, 0x0, 0x0, 0x81, 0x9,
    0x0, 0x0, 0x5b, 0x53, 0x0, 0x0, 0x0, 0x0,
    0x0, 0x0, 0x0, 0x0, 0x0, 0x0, 0x47, 0x90,
    0x0, 0x80, 0x5b, 0x1, 0x0, 0x0, 0x0, 0x0,
    0x0, 0x0, 0x0, 0x1, 0x7a, 0xa8, 0x52, 0x32,
    0x0, 0x3e, 0x6e, 0xc2, 0x88, 0x4, 0x0, 0x0,
    0x0, 0x0, 0x0, 0xe, 0x9b, 0x52, 0x9f, 0x53,
    0x0, 0x70, 0x96, 0x31, 0x9e, 0x39, 0x0, 0x0,
    0x0, 0x0, 0x4b, 0x24, 0x0, 0x0, 0x6, 0xb7,
    0x5, 0xc0, 0x6, 0x38, 0x28, 0x3, 0x37, 0x0,
    0x0, 0x37, 0x85, 0x25, 0xb7, 0xba, 0x7d, 0x9a,
    0x33, 0x75, 0xaa, 0x91, 0xc0, 0x67, 0x74, 0x47,
    0x0, 0x0, 0x0, 0x8e, 0x24, 0x0, 0x43, 0x35,
    0x1e, 0x3e, 0x1c, 0x0, 0x4, 0x48, 0x0, 0x4,
    0x0, 0x0, 0x0, 0x1b, 0x0, 0x14, 0xcf, 0xae,
    0x57, 0xbb, 0xad, 0x2, 0x0, 0x2f, 0x4, 0x0,
    0x0, 0x0, 0x1, 0x8c, 0x9, 0xff, 0xda, 0x34,
    0x4a, 0x5f, 0xff, 0xb0, 0x0, 0x66, 0x3e, 0x0,
    0x0, 0x0, 0x0, 0x38, 0xff, 0xff, 0xf2, 0xe9,
    0xcb, 0xd1, 0xe9, 0xff, 0x42, 0x23, 0x1a, 0x0,
    0x0, 0x0, 0x0, 0x8c, 0xff, 0x5b, 0xc7, 0x7f,
    0xb8, 0x52, 0x93, 0x72, 0xff, 0x1, 0x0, 0x0,
    0x0, 0x0, 0x9, 0xb1, 0x19, 0x75, 0xb0, 0x0,
    0x12, 0x1, 0x2d, 0xd4, 0x58, 0x6f, 0x0, 0x0,
    0x0, 0x0, 0x92, 0x36, 0x3f, 0xc9, 0x13, 0x0,
    0x0, 0x0, 0x0, 0x96, 0x5f, 0x94, 0x2f, 0x0,
    0x0, 0x4e, 0x7b, 0x0, 0x3, 0x0, 0x0, 0x0,
    0x0, 0x0, 0x0, 0x2, 0x10, 0xb, 0xae, 0x9,
    0x5, 0xcd, 0x10, 0x0, 0x0, 0x0, 0x0, 0x0,
    0x0, 0x0, 0x0, 0x0, 0x0, 0x0, 0x61, 0x7a,
    0x0, 0x29, 0x9a, 0x8d, 0x50, 0x24, 0x11, 0x3,
    0x0, 0x9, 0x17, 0x34, 0x69, 0x9b, 0x7b, 0x5,
    0x0, 0x0, 0x0, 0x10, 0x46, 0x73, 0x8c, 0x99,
    0x9c, 0x94, 0x85, 0x61, 0x32, 0x2, 0x0, 0x0,

    /* U+1F30C "🌌" */
    0x43, 0xa0, 0xa4, 0xa4, 0xa4, 0xa4, 0xa4, 0xa1,
    0xa0, 0xa3, 0xa4, 0xa4, 0xa4, 0xa4, 0xa2, 0x51,
    0x0, 0xe8, 0xff, 0xea, 0xaf, 0x81, 0x62, 0x35,
    0x36, 0x98, 0xfc, 0xfc, 0xff, 0xf7, 0x84, 0x2e,
    0xc7, 0x7, 0xe0, 0x55, 0x3d, 0x7d, 0xad, 0xbe,
    0xf7, 0xff, 0xa9, 0xa7, 0xd8, 0xea, 0x4a, 0x81,
    0x90, 0xff, 0x10, 0xb9, 0xc3, 0xff, 0xd1, 0xe3,
    0xf6, 0xff, 0xf2, 0x25, 0x1e, 0xfa, 0x8d, 0x89,
    0xfb, 0x91, 0xce, 0x10, 0xf8, 0xff, 0xff, 0xb0,
    0xcb, 0xff, 0xbe, 0xfe, 0xb2, 0xb5, 0xe3, 0x3a,
    0xda, 0x31, 0x58, 0xcd, 0x10, 0xf8, 0xff, 0x9f,
    0xf5, 0xff, 0xf2, 0xf5, 0xc7, 0xff, 0xfb, 0x43,
    0xbd, 0x2d, 0xbf, 0xff, 0xff, 0x10, 0xf8, 0xbc,
    0xd, 0x67, 0xff, 0x7a, 0x44, 0xff, 0xfe, 0x64,
    0x7f, 0x75, 0x88, 0xef, 0xb1, 0xff, 0x10, 0xf8,
    0xff, 0x53, 0xa4, 0xff, 0x9e, 0x81, 0xcc, 0x4a,
    0x75, 0xc0, 0x35, 0xef, 0xcb, 0xff, 0xff, 0x10,
    0xf8, 0xff, 0xdf, 0x9f, 0x76, 0x50, 0x22, 0x42,
    0xb0, 0xe5, 0x27, 0xd0, 0x44, 0x1c, 0xe0, 0xff,
    0x10, 0xde, 0x4a, 0x31, 0x7b, 0x86, 0x6e, 0xf3,
    0xff, 0xcb, 0x28, 0xaf, 0xff, 0x5d, 0x4e, 0xff,
    0xff, 0x10, 0xb5, 0x5f, 0xff, 0xe1, 0xbb, 0x62,
    0x7c, 0x3c, 0x25, 0xbf, 0xcf, 0xff, 0xfc, 0xfd,
    0xff, 0xff, 0x10, 0xf8, 0xc2, 0x54, 0x10, 0x2b,
    0x57, 0x7f, 0xc5, 0xfe, 0xff, 0xff, 0xff, 0xfe,
    0xf5, 0xf6, 0xff, 0x10, 0xb1, 0x2d, 0xa2, 0xf0,
    0xff, 0xea, 0x80, 0xfc, 0xcb, 0xcc, 0xff, 0xcb,
    0xf6, 0x13, 0x95, 0xff, 0x10, 0xd9, 0xf9, 0xe8,
    0xfd, 0xff, 0xff, 0xfd, 0xdb, 0x4, 0x62, 0xff,
    0xdb, 0xf1, 0x6a, 0xca, 0xff, 0x10, 0xf8, 0xff,
    0xf0, 0xff, 0xff, 0xfe, 0xff, 0xe4, 0x63, 0xc0,
    0xff, 0xff, 0xff, 0xff, 0xff, 0xff, 0x10, 0xf2,
    0xff, 0xff, 0xff, 0xff, 0xd6, 0xfa, 0xff, 0xfe,
    0xff, 0xff, 0xff, 0xff, 0xff, 0xff, 0xff, 0xa,
    0x74, 0xdc, 0xe0, 0xe0, 0xe0, 0xe0, 0xe0, 0xe0,
    0xe0, 0xe0, 0xe0, 0xe0, 0xe0, 0xe0, 0xde, 0x88,
    0x0,

    /* U+1F30D "🌍" */
    0x0, 0x0, 0x0, 0x0, 0x0, 0x36, 0x81, 0xa2,
    0xaa, 0x90, 0x51, 0x9, 0x0, 0x0, 0x0, 0x0,
    0x0, 0x0, 0x0, 0x0, 0x35, 0xad, 0x6b, 0x7f,
    0x83, 0x90, 0x11, 0x48, 0xaf, 0x67, 0x0, 0x0,
    0x0, 0x0, 0x0, 0x0, 0x5b, 0xf9, 0xd9, 0xd1,
    0x71, 0x43, 0x0, 0x0, 0x0, 0x1, 0x66, 0x9d,
    0x3, 0x0, 0x0, 0x0, 0x43, 0xfb, 0xff, 0xcd,
    0x3e, 0x14, 0x0, 0x0, 0x2, 0x24, 0x0, 0x0,
    0x51, 0x8c, 0x0, 0x0, 0x7, 0xe0, 0xff, 0xf6,
    0x45, 0x70, 0x59, 0x26, 0x5e, 0x33, 0x92, 0x15,
    0x0, 0x0, 0x82, 0x38, 0x0, 0x63, 0xff, 0xff,
    0xab, 0x3c, 0x60, 0xf4, 0xcd, 0xbb, 0x0, 0x8,
    0x4, 0x0, 0x0, 0x1c, 0xb3, 0x0, 0xb5, 0xff,
    0xcc, 0xf, 0x0, 0x0, 0xf, 0x0, 0x13, 0x17,
    0xa, 0x59, 0x6d, 0x37, 0x20, 0xf8, 0xc, 0xe1,
    0xff, 0x50, 0x0, 0x0, 0x0, 0x0, 0x0, 0x0,
    0x53, 0x8, 0x0, 0xa2, 0xf6, 0x3f, 0xff, 0x30,
    0xf2, 0xff, 0x23, 0x0, 0x0, 0x0, 0x0, 0x0,
    0x0, 0x6, 0x5e, 0x7e, 0xff, 0xff, 0xde, 0xff,
    0x41, 0xde, 0xff, 0x62, 0x0, 0x0, 0x0, 0x0,
    0x0, 0x0, 0x0, 0x0, 0x56, 0xff, 0xff, 0xff,
    0xff, 0x2d, 0xad, 0xff, 0xf7, 0xa3, 0xa6, 0x2b,
    0x0, 0x0, 0x0, 0x0, 0x18, 0xe2, 0xff, 0xff,
    0xff, 0xf4, 0x8, 0x59, 0xff, 0xff, 0xff, 0xff,
    0x89, 0x0, 0x0, 0x5, 0x24, 0x8b, 0xff, 0xff,
    0xff, 0xff, 0xa9, 0x0, 0x3, 0xd5, 0xff, 0xff,
    0xff, 0xfd, 0x1d, 0x0, 0x0, 0x0, 0x90, 0xa4,
    0xff, 0xff, 0xfd, 0x2c, 0x0, 0x0, 0x33, 0xf6,
    0xff, 0xff, 0xff, 0x2c, 0x0, 0x0, 0x23, 0x9e,
    0xc8, 0xff, 0xff, 0x79, 0x0, 0x0, 0x0, 0x0,
    0x45, 0xef, 0xff, 0xff, 0xd6, 0x1c, 0x6, 0xb4,
    0xfe, 0xff, 0xff, 0x85, 0x0, 0x0, 0x0, 0x0,
    0x0, 0x0, 0x21, 0xa9, 0xfe, 0xff, 0xf6, 0xec,
    0xff, 0xff, 0xd2, 0x48, 0x0, 0x0, 0x0, 0x0,
    0x0, 0x0, 0x0, 0x0, 0x0, 0x18, 0x5f, 0x80,
    0x87, 0x6e, 0x30, 0x0, 0x0, 0x0, 0x0, 0x0,
    0x0,

    /* U+1F30E "🌎" */
    0x0, 0x0, 0x0, 0x0, 0x0, 0x23, 0x6d, 0x8e,
    0x96, 0x7d, 0x3d, 0x2, 0x0, 0x0, 0x0, 0x0,
    0x0, 0x0, 0x0, 0x0, 0x27, 0xa7, 0x97, 0x3b,
    0xd, 0x8, 0xb8, 0xff, 0xdc, 0x52, 0x0, 0x0,
    0x0, 0x0, 0x0, 0x0, 0x4b, 0xb1, 0x16, 0x0,
    0x0, 0x0, 0xb, 0x75, 0xde, 0xff, 0xff, 0x8e,
    0x1, 0x0, 0x0, 0x0, 0x35, 0xac, 0x4, 0x0,
    0x0, 0x0, 0x1, 0x6f, 0xd8, 0xff, 0xff, 0xff,
    0xff, 0x7e, 0x0, 0x0, 0x3, 0xd6, 0x2d, 0x0,
    0x0, 0x0, 0x0, 0x7a, 0xff, 0xff, 0xff, 0xff,
    0xff, 0xff, 0xfd, 0x2d, 0x0, 0x5a, 0xff, 0x62,
    0x0, 0x49, 0x9d, 0x6f, 0xff, 0xff, 0xff, 0xff,
    0xff, 0xff, 0xff, 0xff, 0xa9, 0x0, 0xae, 0xff,
    0xc2, 0x0, 0xb7, 0xb4, 0x95, 0xb4, 0xe7, 0xff,
    0xff, 0xff, 0xff, 0xff, 0xff, 0xf5, 0x8, 0xde,
    0xff, 0xff, 0x82, 0x34, 0x42, 0xe2, 0xc2, 0x89,
    0xff, 0xff, 0xff, 0xff, 0xff, 0xff, 0xff, 0x2d,
    0xf1, 0xff, 0xff, 0xff, 0xf5, 0x71, 0x91, 0xd9,
    0x82, 0x98, 0xe4, 0xff, 0xff, 0xff, 0xff, 0xff,
    0x41, 0xe1, 0xff, 0xff, 0xff, 0xff, 0xff, 0xac,
    0x2e, 0x0, 0x0, 0x17, 0x6f, 0xfe, 0xff, 0xff,
    0xff, 0x30, 0xb6, 0xff, 0xff, 0xff, 0xff, 0xff,
    0xce, 0x7, 0x0, 0x0, 0x0, 0x0, 0x57, 0xb6,
    0xff, 0xf9, 0xc, 0x66, 0xff, 0xff, 0xff, 0xff,
    0xff, 0xc7, 0x0, 0x0, 0x0, 0x0, 0x0, 0x0,
    0x47, 0xff, 0xb5, 0x0, 0x8, 0xe3, 0xff, 0xff,
    0xff, 0xff, 0xff, 0x71, 0x0, 0x0, 0x0, 0x0,
    0x0, 0xc9, 0xff, 0x3c, 0x0, 0x0, 0x49, 0xfd,
    0xff, 0xff, 0xff, 0xff, 0xff, 0x2a, 0x0, 0x0,
    0x5, 0x7c, 0xff, 0x97, 0x0, 0x0, 0x0, 0x0,
    0x65, 0xfb, 0xff, 0xff, 0xff, 0xff, 0x27, 0x0,
    0x0, 0x74, 0xff, 0xac, 0x5, 0x0, 0x0, 0x0,
    0x0, 0x0, 0x3d, 0xcf, 0xff, 0xff, 0xfe, 0x1b,
    0x15, 0x99, 0xe9, 0x70, 0x1, 0x0, 0x0, 0x0,
    0x0, 0x0, 0x0, 0x0, 0x1, 0x3e, 0x87, 0xa8,
    0xaf, 0x96, 0x58, 0xd, 0x0, 0x0, 0x0, 0x0,
    0x0,

    /* U+1F30F "🌏" */
    0x0, 0x0, 0x0, 0x0, 0x1, 0x3a, 0x86, 0xa4,
    0xa9, 0x92, 0x4f, 0x8, 0x0, 0x0, 0x0, 0x0,
    0x0, 0x0, 0x0, 0x0, 0x36, 0xa4, 0x67, 0x19,
    0x36, 0x2f, 0xc, 0x4e, 0xe3, 0x5b, 0x0, 0x0,
    0x0, 0x0, 0x0, 0x0, 0x59, 0x94, 0x8, 0x0,
    0x0, 0x0, 0x0, 0x55, 0x4b, 0xfd, 0xff, 0x90,
    0x0, 0x0, 0x0, 0x0, 0x3e, 0x95, 0x0, 0x0,
    0x0, 0x50, 0x0, 0x0, 0xa0, 0xce, 0xff, 0xff,
    0xff, 0x78, 0x0, 0x0, 0x5, 0xb1, 0x6, 0x0,
    0x0, 0x0, 0x0, 0x0, 0x0, 0x69, 0xef, 0xff,
    0xff, 0xff, 0xfb, 0x24, 0x0, 0x5f, 0x52, 0x0,
    0x0, 0x0, 0x0, 0x0, 0x24, 0x40, 0xd1, 0xa5,
    0xff, 0xff, 0xff, 0xff, 0x9b, 0x0, 0xaf, 0x21,
    0x0, 0x0, 0x0, 0x0, 0x0, 0x62, 0xb7, 0x51,
    0xed, 0xff, 0xff, 0xff, 0xff, 0xea, 0x2, 0xdf,
    0x59, 0x4, 0x14, 0x0, 0x0, 0x1, 0x8b, 0xff,
    0xff, 0xff, 0xff, 0xff, 0xff, 0xff, 0xff, 0x1d,
    0xf2, 0x87, 0xc2, 0xb7, 0x0, 0x40, 0xe1, 0xaa,
    0xff, 0xff, 0xff, 0xff, 0xff, 0xff, 0xff, 0xff,
    0x31, 0xe2, 0xf1, 0xff, 0xff, 0x5e, 0xa0, 0x70,
    0x72, 0xbe, 0xc0, 0xa5, 0xfe, 0xff, 0xff, 0xff,
    0xff, 0x21, 0xba, 0xff, 0xff, 0xf9, 0x48, 0x75,
    0x45, 0x9d, 0xa9, 0x7f, 0x44, 0xa3, 0xff, 0xff,
    0xff, 0xf3, 0x6, 0x6c, 0xff, 0xff, 0xff, 0xf7,
    0xb5, 0xa3, 0x61, 0x18, 0x0, 0xa0, 0x8e, 0xff,
    0xff, 0xff, 0xac, 0x0, 0xd, 0xea, 0xff, 0xff,
    0xff, 0xff, 0xf0, 0x14, 0x0, 0x0, 0x0, 0x3d,
    0xff, 0xff, 0xff, 0x38, 0x0, 0x0, 0x59, 0xff,
    0xff, 0xff, 0xff, 0xff, 0x29, 0x0, 0x0, 0x0,
    0x1b, 0xfd, 0xff, 0x9b, 0x0, 0x0, 0x0, 0x0,
    0x7c, 0xff, 0xff, 0xff, 0xff, 0xb7, 0xac, 0x82,
    0x2a, 0x96, 0xba, 0xb8, 0x7, 0x0, 0x0, 0x0,
    0x0, 0x0, 0x56, 0xe6, 0xff, 0xff, 0xff, 0xff,
    0xff, 0xd6, 0xca, 0x85, 0x3, 0x0, 0x0, 0x0,
    0x0, 0x0, 0x0, 0x0, 0xb, 0x60, 0xab, 0xcc,
    0xd2, 0xb8, 0x77, 0x1c, 0x0, 0x0, 0x0, 0x0,
    0x0,

    /* U+1F319 "🌙" */
    0x0, 0x0, 0x0, 0x0, 0x0, 0x0, 0x0, 0x0,
    0x0, 0x0, 0x0, 0x0, 0x45, 0x30, 0x0, 0x0,
    0x0, 0x0, 0x0, 0x0, 0x0, 0x0, 0x0, 0x0,
    0x0, 0x0, 0x0, 0x0, 0x0, 0x0, 0x35, 0xbf,
    0x76, 0x0, 0x0, 0x0, 0x0, 0x0, 0x0, 0x0,
    0x0, 0x0, 0x0, 0x0, 0x0, 0x0, 0x0, 0x0,
    0x3, 0x97, 0x49, 0x87, 0x0, 0x0, 0x0, 0x0,
    0x0, 0x0, 0x0, 0x0, 0x0, 0x0, 0x0, 0x0,
    0x0, 0x0, 0x0, 0xa8, 0x0, 0x78, 0x4e, 0x0,
    0x0, 0x0, 0x0, 0x0, 0x0, 0x0, 0x0, 0x0,
    0x0, 0x0, 0x0, 0x0, 0x0, 0xa3, 0x0, 0x4,
    0xb4, 0x0, 0x0, 0x0, 0x0, 0x0, 0x0, 0x0,
    0x0, 0x0, 0x0, 0x0, 0x0, 0x0, 0x0, 0xa0,
    0x0, 0x0, 0x7c, 0x2d, 0x0, 0x0, 0x0, 0x0,
    0x0, 0x0, 0x0, 0x0, 0x0, 0x0, 0x0, 0x0,
    0x0, 0xa1, 0x0, 0x0, 0x3a, 0x69, 0x0, 0x0,
    0x0, 0x0, 0x0, 0x0, 0x0, 0x0, 0x0, 0x0,
    0x0, 0x0, 0x9, 0x9c, 0x0, 0x0, 0x1d, 0x81,
    0x0, 0x0, 0x0, 0x0, 0x0, 0x0, 0x0, 0x0,
    0x0, 0x0, 0x0, 0x0, 0x65, 0x4d, 0x0, 0x0,
    0x23, 0x7d, 0x0, 0x0, 0x0, 0x0, 0x0, 0x0,
    0x0, 0x0, 0x0, 0x0, 0x0, 0x18, 0xab, 0x0,
    0x0, 0x0, 0x41, 0x61, 0x7, 0x1, 0x0, 0x0,
    0x0, 0x0, 0x0, 0x0, 0x0, 0x0, 0x1b, 0xb0,
    0x1a, 0x0, 0x0, 0x0, 0x87, 0x1d, 0x8, 0xbb,
    0x4b, 0x3, 0x0, 0x0, 0x0, 0x0, 0xf, 0x70,
    0xa5, 0x18, 0x0, 0x0, 0x0, 0xa, 0xa5, 0x0,
    0x0, 0x87, 0x85, 0x99, 0x96, 0x9d, 0x9f, 0xa2,
    0x97, 0x40, 0x0, 0x0, 0x0, 0x0, 0x0, 0x85,
    0x37, 0x0, 0x0, 0xb, 0xb6, 0x23, 0x0, 0x0,
    0x0, 0x0, 0x0, 0x0, 0x0, 0x0, 0x0, 0x0,
    0x59, 0x77, 0x0, 0x0, 0x0, 0x0, 0x1a, 0xb6,
    0x45, 0x0, 0x0, 0x0, 0x0, 0x0, 0x0, 0x0,
    0x5, 0x7c, 0x7c, 0x0, 0x0, 0x0, 0x0, 0x0,
    0x0, 0x8, 0x80, 0xa7, 0x53, 0x17, 0x1, 0x9,
    0x2a, 0x73, 0xac, 0x42, 0x0, 0x0, 0x0, 0x0,
    0x0, 0x0, 0x0, 0x0, 0x0, 0xc, 0x55, 0x8b,
    0x9e, 0x97, 0x79, 0x32, 0x0, 0x0, 0x0, 0x0,
    0x0, 0x0,

    /* U+1F31A "🌚" */
    0x0, 0x0, 0x0, 0x0, 0x0, 0x25, 0x70, 0x90,
    0x94, 0x78, 0x31, 0x0, 0x0, 0x0, 0x0, 0x0,
    0x0, 0x0, 0x0, 0x26, 0xa0, 0x80, 0x32, 0xf,
    0xb, 0x2a, 0x73, 0xaa, 0x38, 0x0, 0x0, 0x0,
    0x0, 0x0, 0x44, 0x9e, 0x10, 0x0, 0x0, 0x0,
    0x0, 0x0, 0x0, 0x8, 0x8c, 0x62, 0x0, 0x0,
    0x0, 0x2c, 0x9b, 0x1, 0x0, 0x0, 0x0, 0x0,
    0x0, 0x0, 0x0, 0x0, 0x0, 0x83, 0x4a, 0x0,
    0x0, 0xaa, 0xa, 0x0, 0x0, 0x0, 0x0, 0x0,
    0x0, 0x0, 0x0, 0x0, 0x0, 0x1, 0xaa, 0x9,
    0x43, 0x68, 0x0, 0x0, 0x0, 0x0, 0x0, 0x0,
    0x17, 0x0, 0x0, 0x0, 0x0, 0x0, 0x41, 0x6a,
    0x91, 0x14, 0x0, 0x0, 0x46, 0xc9, 0x76, 0x3a,
    0x63, 0xe, 0xa9, 0xc1, 0x17, 0x0, 0x1, 0xa4,
    0xa0, 0x0, 0x0, 0x0, 0x71, 0x96, 0xa1, 0x27,
    0x81, 0x49, 0x58, 0xe5, 0x28, 0x0, 0x0, 0x9f,
    0xa0, 0x0, 0x0, 0x0, 0x0, 0x0, 0x0, 0x0,
    0xa8, 0x0, 0x0, 0x0, 0x0, 0x0, 0x0, 0x9f,
    0xa0, 0x0, 0x0, 0x0, 0x0, 0x0, 0x0, 0x4d,
    0xa9, 0x0, 0x0, 0x0, 0x0, 0x0, 0x0, 0xa0,
    0x92, 0x13, 0x0, 0x0, 0x0, 0x0, 0x7c, 0x21,
    0x12, 0x74, 0x1c, 0x0, 0x0, 0x0, 0x1, 0xa4,
    0x46, 0x65, 0x0, 0x0, 0x0, 0x0, 0x2b, 0x85,
    0x90, 0x50, 0x0, 0x0, 0x0, 0x0, 0x3e, 0x6d,
    0x1, 0xab, 0x9, 0x0, 0x0, 0x0, 0x0, 0x8,
    0xa5, 0x1a, 0x0, 0x0, 0x0, 0x1, 0xa9, 0xb,
    0x0, 0x31, 0x98, 0x0, 0x0, 0x0, 0x0, 0x0,
    0x0, 0x0, 0x0, 0x0, 0x0, 0x7d, 0x51, 0x0,
    0x0, 0x0, 0x4c, 0x9b, 0xc, 0x0, 0x0, 0x0,
    0x0, 0x0, 0x0, 0x5, 0x86, 0x6c, 0x0, 0x0,
    0x0, 0x0, 0x0, 0x2d, 0xa8, 0x78, 0x29, 0x7,
    0x4, 0x21, 0x6b, 0xae, 0x41, 0x0, 0x0, 0x0,
    0x0, 0x0, 0x0, 0x0, 0x0, 0x30, 0x79, 0x99,
    0x9b, 0x81, 0x3d, 0x2, 0x0, 0x0, 0x0, 0x0,

    /* U+1F31B "🌛" */
    0x0, 0x0, 0x0, 0x0, 0x0, 0x0, 0x0, 0x0,
    0x68, 0x91, 0x5f, 0xd, 0x0, 0x0, 0x0, 0x0,
    0x0, 0x0, 0x0, 0x0, 0x0, 0x0, 0x0, 0x0,
    0x8f, 0x3d, 0x46, 0xa8, 0x5b, 0x0, 0x0, 0x0,
    0x0, 0x0, 0x0, 0x0, 0x0, 0x0, 0x0, 0x0,
    0xa, 0xad, 0x0, 0x0, 0x77, 0x78, 0x0, 0x0,
    0x0, 0x0, 0x0, 0x0, 0x0, 0x0, 0x0, 0x0,
    0x0, 0x6c, 0x3f, 0x0, 0x0, 0x83, 0x4a, 0x0,
    0x0, 0x0, 0x0, 0x0, 0x0, 0x0, 0x0, 0x0,
    0x0, 0x1b, 0x84, 0x0, 0x0, 0x3, 0xb1, 0x5,
    0x0, 0x0, 0x0, 0x0, 0x0, 0x0, 0x0, 0x0,
    0x0, 0x1, 0x9e, 0x0, 0x0, 0x0, 0x59, 0x54,
    0x0, 0x0, 0x0, 0x0, 0x0, 0x0, 0x0, 0x0,
    0x0, 0x24, 0x81, 0x0, 0x0, 0x0, 0x8, 0x9c,
    0x0, 0x0, 0x0, 0x0, 0x0, 0x0, 0x0, 0x0,
    0x7, 0xa6, 0x1c, 0x6e, 0x99, 0x3, 0x0, 0xa1,
    0x0, 0x0, 0x0, 0x0, 0x0, 0x0, 0x0, 0x74,
    0xa5, 0x33, 0x0, 0x8c, 0x74, 0x1f, 0x0, 0xa0,
    0x0, 0x0, 0x0, 0x0, 0x0, 0x0, 0x0, 0xa7,
    0x1, 0x0, 0x0, 0x0, 0x0, 0x0, 0x0, 0xa0,
    0x0, 0x0, 0x0, 0x0, 0x0, 0x0, 0x0, 0x72,
    0x57, 0x0, 0x0, 0x0, 0x0, 0x0, 0x0, 0xa3,
    0x0, 0x3c, 0xf, 0x0, 0x0, 0x2, 0x43, 0xff,
    0x6a, 0x84, 0x5, 0x0, 0x0, 0x0, 0x27, 0x80,
    0x1c, 0xc9, 0x99, 0xa4, 0x9f, 0x9c, 0x67, 0x12,
    0x47, 0x25, 0x0, 0x0, 0x0, 0x0, 0x94, 0x1d,
    0x0, 0x70, 0x4f, 0x0, 0x0, 0x0, 0x0, 0x0,
    0x0, 0x0, 0x0, 0x0, 0x0, 0x48, 0x7e, 0x0,
    0x0, 0x0, 0x8a, 0x69, 0x0, 0x0, 0x0, 0x0,
    0x0, 0x0, 0x0, 0x0, 0x54, 0x99, 0x2, 0x0,
    0x0, 0x0, 0x0, 0x57, 0xa7, 0x67, 0x26, 0xa,
    0x2, 0x17, 0x55, 0xa6, 0x6e, 0x0, 0x0, 0x0,
    0x0, 0x0, 0x0, 0x0, 0x1, 0x40, 0x79, 0x94,
    0x9d, 0x89, 0x51, 0xb, 0x0, 0x0, 0x0, 0x0,

    /* U+1F31C "🌜" */
    0x0, 0x0, 0x0, 0x0, 0x0, 0x3e, 0x84, 0x93,
    0xe, 0x0, 0x0, 0x0, 0x0, 0x0, 0x0, 0x0,
    0x0, 0x0, 0x0, 0x22, 0xab, 0x6c, 0x24, 0xb9,
    0xf, 0x0, 0x0, 0x0, 0x0, 0x0, 0x0, 0x0,
    0x0, 0x0, 0x2b, 0xb1, 0x15, 0x0, 0x79, 0x47,
    0x0, 0x0, 0x0, 0x0, 0x0, 0x0, 0x0, 0x0,
    0x0, 0xb, 0xb4, 0xe, 0x0, 0x3, 0xae, 0x0,
    0x0, 0x0, 0x0, 0x0, 0x0, 0x0, 0x0, 0x0,
    0x0, 0x7e, 0x3c, 0x0, 0x0, 0x2b, 0x7c, 0x0,
    0x0, 0x0, 0x0, 0x0, 0x0, 0x0, 0x0, 0x0,
    0x4, 0xa7, 0x0, 0x0, 0x0, 0x46, 0x61, 0x0,
    0x0, 0x0, 0x0, 0x0, 0x0, 0x0, 0x0, 0x0,
    0x41, 0x64, 0x0, 0x0, 0x0, 0x24, 0x89, 0x0,
    0x0, 0x0, 0x0, 0x0, 0x0, 0x0, 0x0, 0x0,
    0x74, 0x2c, 0x0, 0x37, 0x6e, 0x0, 0xa1, 0x33,
    0x0, 0x0, 0x0, 0x0, 0x0, 0x0, 0x0, 0x0,
    0x8a, 0x15, 0x0, 0x85, 0xf0, 0x10, 0x8, 0x8a,
    0xa4, 0x2b, 0x0, 0x0, 0x0, 0x0, 0x0, 0x0,
    0x80, 0x1f, 0x0, 0x0, 0x1, 0x0, 0x0, 0x0,
    0x3c, 0x6f, 0x0, 0x0, 0x0, 0x0, 0x0, 0x0,
    0x61, 0x42, 0x0, 0x0, 0x0, 0x0, 0x0, 0x0,
    0xc0, 0x12, 0x0, 0x0, 0x0, 0x0, 0x0, 0x0,
    0x1d, 0x8b, 0x0, 0x0, 0x0, 0x0, 0x58, 0x5b,
    0xb9, 0xc9, 0x18, 0x0, 0x0, 0x1, 0x2f, 0x1b,
    0x0, 0xa1, 0x12, 0x0, 0x0, 0x0, 0xc, 0x46,
    0x2d, 0x31, 0x8d, 0xa0, 0xa1, 0xa3, 0x9f, 0x8d,
    0x0, 0x25, 0xa3, 0x1, 0x0, 0x0, 0x0, 0x0,
    0x0, 0x0, 0x0, 0x0, 0x0, 0xd, 0xb0, 0xd,
    0x0, 0x0, 0x46, 0xa0, 0xd, 0x0, 0x0, 0x0,
    0x0, 0x0, 0x0, 0x0, 0x25, 0xb0, 0x2b, 0x0,
    0x0, 0x0, 0x0, 0x2b, 0xa7, 0x7c, 0x2f, 0x9,
    0x2, 0x19, 0x40, 0x95, 0x99, 0x12, 0x0, 0x0,
    0x0, 0x0, 0x0, 0x0, 0x0, 0x2c, 0x74, 0x95,
    0x9d, 0x87, 0x65, 0x15, 0x0, 0x0, 0x0, 0x0,

    /* U+1F31D "🌝" */
    0x0, 0x0, 0x0, 0x0, 0x0, 0x25, 0x70, 0x90,
    0x94, 0x78, 0x31, 0x0, 0x0, 0x0, 0x0, 0x0,
    0x0, 0x0, 0x0, 0x26, 0xa0, 0x80, 0x32, 0xf,
    0xb, 0x2a, 0x73, 0xaa, 0x38, 0x0, 0x0, 0x0,
    0x0, 0x0, 0x44, 0x9e, 0x10, 0x0, 0x0, 0x0,
    0x0, 0x0, 0x0, 0x8, 0x8c, 0x62, 0x0, 0x0,
    0x0, 0x2c, 0x9b, 0x1, 0x0, 0x0, 0x0, 0x0,
    0x0, 0x0, 0x0, 0x0, 0x0, 0x83, 0x4a, 0x0,
    0x0, 0xaa, 0xa, 0x0, 0x0, 0x0, 0x0, 0x0,
    0x0, 0x0, 0x0, 0x0, 0x0, 0x1, 0xaa, 0x9,
    0x43, 0x68, 0x0, 0x0, 0x0, 0x0, 0x0, 0x0,
    0x17, 0x0, 0x0, 0x0, 0x0, 0x0, 0x41, 0x6a,
    0x91, 0x14, 0x0, 0x0, 0x8f, 0xc7, 0x40, 0x2,
    0x9f, 0x1e, 0xc6, 0x8a, 0x0, 0x0, 0x1, 0xa4,
    0xa0, 0x0, 0x0, 0x0, 0xc0, 0x7e, 0x76, 0x0,
    0xaf, 0x30, 0xe0, 0x61, 0x1f, 0x0, 0x0, 0x9f,
    0xa0, 0x0, 0x0, 0x0, 0x0, 0x0, 0x0, 0x0,
    0x7a, 0x2a, 0x0, 0x0, 0x0, 0x0, 0x0, 0x9f,
    0xa0, 0x0, 0x0, 0x0, 0x0, 0x0, 0x0, 0x27,
    0xb3, 0x1c, 0x0, 0x0, 0x0, 0x0, 0x0, 0xa0,
    0x92, 0x13, 0x0, 0x0, 0x0, 0x0, 0x7b, 0x29,
    0xe, 0x5e, 0x37, 0x0, 0x0, 0x0, 0x2, 0xa5,
    0x46, 0x65, 0x0, 0x0, 0x0, 0x0, 0x27, 0x81,
    0x93, 0x5d, 0x3, 0x0, 0x0, 0x0, 0x41, 0x6d,
    0x1, 0xab, 0x9, 0x0, 0x0, 0x0, 0x0, 0x0,
    0x7d, 0x44, 0x0, 0x0, 0x0, 0x1, 0xac, 0xb,
    0x0, 0x31, 0x98, 0x0, 0x0, 0x0, 0x0, 0x0,
    0x0, 0x0, 0x0, 0x0, 0x0, 0x7e, 0x51, 0x0,
    0x0, 0x0, 0x4c, 0x9b, 0xc, 0x0, 0x0, 0x0,
    0x0, 0x0, 0x0, 0x5, 0x86, 0x6c, 0x0, 0x0,
    0x0, 0x0, 0x0, 0x2d, 0xa8, 0x78, 0x29, 0x7,
    0x4, 0x21, 0x6b, 0xae, 0x41, 0x0, 0x0, 0x0,
    0x0, 0x0, 0x0, 0x0, 0x0, 0x30, 0x79, 0x99,
    0x9b, 0x81, 0x3d, 0x2, 0x0, 0x0, 0x0, 0x0,

    /* U+1F31E "🌞" */
    0x0, 0x0, 0x0, 0x0, 0x0, 0x0, 0x19, 0x13,
    0x0, 0x0, 0xf, 0x25, 0x0, 0x0, 0x0, 0x0,
    0x0, 0x0, 0x0, 0x0, 0x0, 0x0, 0x0, 0x0,
    0x59, 0xba, 0x2, 0xd, 0xc7, 0x74, 0x0, 0x0,
    0x0, 0x0, 0x0, 0x0, 0x0, 0x0, 0x0, 0x33,
    0x4, 0x0, 0x8e, 0xff, 0x8f, 0xc3, 0xff, 0xa9,
    0x0, 0x2, 0x35, 0x0, 0x0, 0x0, 0x0, 0x0,
    0x0, 0x97, 0xec, 0x9c, 0xb4, 0x7b, 0x4a, 0x47,
    0x74, 0xbb, 0x93, 0xe6, 0xae, 0x0, 0x0, 0x0,
    0x0, 0x0, 0x0, 0x42, 0xff, 0x9f, 0x7, 0x0,
    0x0, 0x0, 0x0, 0x3, 0x8b, 0xff, 0x58, 0x0,
    0x0, 0x0, 0x0, 0x0, 0x3, 0x31, 0xb0, 0x2,
    0x0, 0x0, 0x0, 0x0, 0x0, 0x0, 0x0, 0xa0,
    0x3f, 0x6, 0x0, 0x0, 0x0, 0x91, 0xf5, 0xff,
    0x2a, 0x0, 0x44, 0x1a, 0x5b, 0x29, 0x11, 0x4e,
    0x0, 0x17, 0xfb, 0xf9, 0xa5, 0x4, 0x0, 0xc,
    0xb8, 0xdd, 0x0, 0x0, 0xa1, 0x4d, 0x66, 0x49,
    0x36, 0xb8, 0x0, 0x0, 0xc5, 0xc8, 0x15, 0x0,
    0x0, 0x0, 0x8, 0xa6, 0x0, 0x0, 0x0, 0x0,
    0xf, 0xaa, 0x0, 0x0, 0x0, 0x0, 0x9c, 0x13,
    0x0, 0x0, 0x0, 0xc, 0xb6, 0xde, 0x0, 0x0,
    0x0, 0x3, 0x58, 0x3d, 0x3, 0x0, 0x0, 0x0,
    0xc6, 0xc6, 0x15, 0x0, 0x0, 0x8d, 0xf0, 0xff,
    0x2c, 0x0, 0x0, 0x69, 0x99, 0x9a, 0x7e, 0x0,
    0x0, 0x18, 0xfb, 0xf4, 0xa1, 0x3, 0x0, 0x0,
    0x1, 0x2a, 0xb2, 0x2, 0x0, 0x0, 0x0, 0x0,
    0x0, 0x0, 0x0, 0xa2, 0x3a, 0x2, 0x0, 0x0,
    0x0, 0x0, 0x0, 0x44, 0xff, 0xa2, 0x9, 0x0,
    0x0, 0x0, 0x0, 0x4, 0x8f, 0xff, 0x5b, 0x0,
    0x0, 0x0, 0x0, 0x0, 0x0, 0x98, 0xea, 0x99,
    0xb7, 0x7f, 0x4d, 0x4a, 0x78, 0xbe, 0x90, 0xe4,
    0xaf, 0x0, 0x0, 0x0, 0x0, 0x0, 0x0, 0x31,
    0x3, 0x0, 0x91, 0xff, 0x8d, 0xc2, 0xff, 0xa8,
    0x0, 0x1, 0x32, 0x0, 0x0, 0x0, 0x0, 0x0,
    0x0, 0x0, 0x0, 0x0, 0x61, 0xb3, 0x2, 0xc,
    0xc6, 0x74, 0x0, 0x0, 0x0, 0x0, 0x0, 0x0,
    0x0, 0x0, 0x0, 0x0, 0x0, 0x0, 0x1d, 0xe,
    0x0, 0x0, 0xe, 0x24, 0x0, 0x0, 0x0, 0x0,
    0x0, 0x0,

    /* U+1F31F "🌟" */
    0x0, 0x0, 0x0, 0x0, 0x0, 0x0, 0x0, 0x43,
    0x65, 0x0, 0x0, 0x0, 0x0, 0x0, 0x0, 0x0,
    0x0, 0x0, 0x0, 0x0, 0x0, 0x0, 0x6, 0xa9,
    0x89, 0x26, 0x0, 0x0, 0x0, 0x0, 0x0, 0x0,
    0x0, 0x0, 0xb, 0xbd, 0x44, 0x0, 0x65, 0x48,
    0x16, 0x95, 0x0, 0x16, 0xd0, 0x26, 0x0, 0x0,
    0x0, 0x0, 0x2, 0x90, 0xb0, 0x2, 0xa9, 0x0,
    0x0, 0x90, 0x1d, 0x75, 0xbc, 0xf, 0x0, 0x0,
    0x0, 0x0, 0x0, 0x0, 0x37, 0x68, 0x57, 0x0,
    0x0, 0x21, 0x97, 0x3a, 0x5, 0x0, 0x0, 0x0,
    0x39, 0x9d, 0x9d, 0x9e, 0x90, 0x6f, 0x3, 0x0,
    0x0, 0x0, 0x53, 0x86, 0x9c, 0x9c, 0x9b, 0x5c,
    0x6e, 0x58, 0x0, 0x0, 0x0, 0x0, 0x0, 0x0,
    0x0, 0x0, 0x0, 0x0, 0x0, 0x0, 0x2d, 0x96,
    0x0, 0x7c, 0x67, 0x0, 0x0, 0x0, 0x0, 0x0,
    0x0, 0x0, 0x0, 0x0, 0x0, 0x3b, 0x9e, 0x7,
    0x0, 0x0, 0x6a, 0x7a, 0x0, 0x0, 0x0, 0x0,
    0x0, 0x0, 0x0, 0x0, 0x4a, 0x92, 0x3, 0x0,
    0x0, 0x0, 0x0, 0x5f, 0x6a, 0x0, 0x0, 0x0,
    0x0, 0x0, 0x0, 0x33, 0x91, 0x0, 0x0, 0x0,
    0x70, 0xdb, 0x8a, 0x40, 0x60, 0x0, 0x0, 0x0,
    0x0, 0x0, 0x0, 0x25, 0x78, 0x55, 0xdf, 0x9f,
    0x3c, 0x66, 0x1, 0x73, 0x2c, 0x0, 0x0, 0x0,
    0x0, 0x0, 0x0, 0x1, 0x9d, 0x0, 0x43, 0x61,
    0x0, 0x0, 0x0, 0x9b, 0x3, 0x0, 0x1b, 0x94,
    0xa3, 0x2f, 0x0, 0x0, 0x9f, 0x0, 0x0, 0x0,
    0x0, 0x0, 0x0, 0x9d, 0xe, 0x83, 0x97, 0x1c,
    0xc, 0x7f, 0x92, 0x19, 0x8d, 0x13, 0x0, 0x0,
    0x0, 0x0, 0x0, 0xaf, 0xa5, 0x30, 0x0, 0x2b,
    0x70, 0x0, 0x1a, 0x92, 0xb8, 0x17, 0x0, 0x0,
    0x0, 0x0, 0x0, 0x0, 0x0, 0x0, 0x0, 0x74,
    0xc4, 0x0, 0x0, 0x0, 0x0, 0x0, 0x0, 0x0,
    0x0, 0x0, 0x0, 0x0, 0x0, 0x0, 0x0, 0x40,
    0x66, 0x0, 0x0, 0x0, 0x0, 0x0, 0x0, 0x0,

    /* U+1F32D "🌭" */
    0x0, 0xd, 0xbf, 0xf0, 0x8d, 0x2, 0x1, 0x0,
    0x0, 0x0, 0x0, 0x0, 0x0, 0x0, 0x0, 0x0,
    0x0, 0x0, 0x0, 0x0, 0x77, 0xff, 0xa2, 0xfd,
    0xff, 0xa5, 0x86, 0x3, 0x0, 0x0, 0x0, 0x0,
    0x0, 0x0, 0x0, 0x0, 0x0, 0x0, 0x0, 0xc4,
    0xff, 0xcc, 0x5d, 0xa8, 0x3e, 0x43, 0x9a, 0x1,
    0x0, 0x0, 0x0, 0x0, 0x0, 0x0, 0x0, 0x0,
    0x0, 0x55, 0x7c, 0x89, 0xff, 0xff, 0x59, 0xe1,
    0x12, 0x43, 0x91, 0x1, 0x0, 0x0, 0x0, 0x0,
    0x0, 0x0, 0x0, 0x0, 0x9e, 0x2, 0x0, 0x58,
    0xff, 0x73, 0xf0, 0xb3, 0x2, 0x48, 0x9e, 0xe,
    0x0, 0x0, 0x0, 0x0, 0x0, 0x0, 0x0, 0x9f,
    0x0, 0x0, 0x0, 0xcb, 0xea, 0xb5, 0xff, 0xa8,
    0x4, 0x29, 0xa7, 0x59, 0x3, 0x0, 0x0, 0x0,
    0x0, 0x0, 0x9a, 0x7, 0x0, 0x0, 0x2, 0xff,
    0x91, 0x64, 0x9b, 0xb3, 0x1b, 0x1, 0x52, 0xa7,
    0x73, 0xb, 0x0, 0x0, 0x0, 0x59, 0x4e, 0x0,
    0x0, 0x0, 0x20, 0xff, 0xff, 0xbc, 0x58, 0xf0,
    0x7c, 0x12, 0x0, 0x37, 0xa4, 0x50, 0x0, 0x0,
    0x9, 0xa8, 0x0, 0x0, 0x0, 0x0, 0x27, 0xff,
    0xff, 0xa8, 0xa6, 0xff, 0xf7, 0xa4, 0x50, 0xd,
    0x8f, 0x2d, 0x0, 0x0, 0x5d, 0x60, 0x0, 0x0,
    0x0, 0x0, 0x1, 0xb9, 0xff, 0xb9, 0x63, 0x5f,
    0x6f, 0xf3, 0xf8, 0xcd, 0xc5, 0x0, 0x0, 0x0,
    0x97, 0x36, 0x0, 0x0, 0x0, 0x0, 0x0, 0x7,
    0x95, 0xff, 0xff, 0xe9, 0x57, 0xfd, 0xff, 0xff,
    0x11, 0x0, 0x0, 0x5, 0xa1, 0x3f, 0x0, 0x0,
    0x0, 0x0, 0x0, 0x0, 0x0, 0x3f, 0xff, 0xff,
    0xef, 0xff, 0xfe, 0x17, 0x0, 0x0, 0x0, 0x4,
    0x88, 0x79, 0x5, 0x0, 0x0, 0x0, 0x0, 0x0,
    0x0, 0x6, 0xff, 0xf0, 0xdd, 0x6b, 0x0, 0x0,
    0x0, 0x0, 0x0, 0x0, 0x40, 0xaa, 0x65, 0xc,
    0x0, 0x0, 0x0, 0x0, 0x3b, 0x86, 0x0, 0x0,
    0x0, 0x0, 0x0, 0x0, 0x0, 0x0, 0x0, 0x0,
    0x0, 0x44, 0x96, 0x9f, 0x9b, 0x9e, 0xa8, 0x82,
    0x6, 0x0, 0x0, 0x0, 0x0, 0x0, 0x0, 0x0,
    0x0, 0x0, 0x0, 0x0, 0x0, 0x0, 0x0, 0x0,
    0x3, 0x0, 0x0, 0x0, 0x0, 0x0, 0x0, 0x0,

    /* U+1F32E "🌮" */
    0x0, 0x0, 0x0, 0x0, 0x0, 0x17, 0x7d, 0x8e,
    0x88, 0x87, 0x8b, 0x97, 0x38, 0x0, 0x0, 0x0,
    0x0, 0x0, 0x0, 0x0, 0x0, 0x0, 0x0, 0x6d,
    0x89, 0x19, 0x0, 0x1, 0x40, 0x26, 0x2b, 0xcd,
    0x89, 0x88, 0x91, 0x57, 0x0, 0x0, 0x0, 0x0,
    0x1, 0x8f, 0x45, 0x0, 0x0, 0xd, 0xab, 0xff,
    0xff, 0x8d, 0x7, 0x0, 0x0, 0x0, 0x51, 0x88,
    0x0, 0x0, 0x0, 0x84, 0x3d, 0xf, 0x93, 0xd4,
    0xf6, 0x1d, 0xfc, 0xc6, 0x2, 0x0, 0x0, 0x0,
    0x0, 0x0, 0x73, 0x3e, 0x0, 0x41, 0x74, 0x0,
    0xb5, 0xfb, 0x52, 0x89, 0xf5, 0xff, 0x17, 0x0,
    0x0, 0x0, 0x0, 0x0, 0x0, 0x15, 0x8c, 0x0,
    0xa7, 0x4, 0x33, 0xff, 0xf4, 0x20, 0x97, 0xff,
    0x7a, 0x0, 0x0, 0x0, 0x0, 0x0, 0x0, 0x0,
    0x7, 0x99, 0x3b, 0x68, 0xd, 0xd6, 0x9a, 0x98,
    0xff, 0xff, 0xff, 0xa, 0x3a, 0x0, 0x0, 0x0,
    0x0, 0x0, 0x0, 0x4a, 0x64, 0x8e, 0x12, 0x8d,
    0xd0, 0x2, 0x55, 0xff, 0xff, 0x8b, 0x0, 0x0,
    0x0, 0x3d, 0x0, 0x0, 0x0, 0x23, 0xac, 0x6,
    0x9e, 0x0, 0xbf, 0x81, 0x0, 0x8b, 0xff, 0xff,
    0x10, 0x3e, 0x0, 0x0, 0x0, 0x0, 0x2, 0x64,
    0x9c, 0xe, 0x0, 0x9c, 0x0, 0x9b, 0xd7, 0x7b,
    0xef, 0xff, 0xbd, 0x0, 0x3, 0x1c, 0x0, 0x1,
    0x55, 0xa6, 0x4c, 0x0, 0x0, 0x0, 0x9c, 0x0,
    0xd0, 0xf9, 0xf6, 0xff, 0xff, 0x28, 0x0, 0x3,
    0x18, 0x3e, 0xa2, 0x53, 0x1, 0x0, 0x0, 0x0,
    0x0, 0x9c, 0x0, 0xb4, 0x68, 0x29, 0xff, 0xe0,
    0x4, 0x41, 0x8, 0x8a, 0x6e, 0x2, 0x0, 0x0,
    0x0, 0x0, 0x0, 0x0, 0x9e, 0x5, 0xb8, 0xa6,
    0x8a, 0xff, 0x3c, 0x0, 0x29, 0xac, 0x2e, 0x0,
    0x0, 0x0, 0x0, 0x0, 0x0, 0x0, 0x0, 0x41,
    0x80, 0xae, 0xff, 0xff, 0xb8, 0xb, 0x78, 0x91,
    0xc, 0x0, 0x0, 0x0, 0x0, 0x0, 0x0, 0x0,
    0x0, 0x0, 0x0, 0x5c, 0xce, 0xff, 0xff, 0x9a,
    0x7c, 0x2a, 0x0, 0x0, 0x0, 0x0, 0x0, 0x0,
    0x0, 0x0, 0x0, 0x0, 0x0, 0x0, 0x0, 0x0,
    0x12, 0x5, 0x0, 0x0, 0x0, 0x0, 0x0, 0x0,
    0x0, 0x0, 0x0, 0x0, 0x0, 0x0, 0x0, 0x0,

    /* U+1F32F "🌯" */
    0x0, 0x0, 0x2, 0x45, 0x84, 0x99, 0x85, 0x46,
    0x0, 0x0, 0x0, 0x0, 0x0, 0x0, 0x0, 0x0,
    0x0, 0x25, 0xb1, 0x68, 0x1f, 0x6, 0x13, 0x6a,
    0x5d, 0x0, 0x0, 0x0, 0x0, 0x0, 0x0, 0x0,
    0x11, 0xb0, 0xf, 0x4, 0x88, 0xde, 0xdd, 0xb7,
    0xff, 0x2b, 0x0, 0x0, 0x0, 0x0, 0x0, 0x0,
    0x7a, 0x35, 0x7, 0x8b, 0xff, 0xd3, 0xe4, 0xff,
    0xfd, 0x99, 0xc, 0x0, 0x0, 0x0, 0x0, 0x0,
    0xa1, 0x0, 0xbc, 0xec, 0x7d, 0x79, 0xdd, 0xff,
    0xf4, 0x1a, 0x92, 0x0, 0x0, 0x0, 0x0, 0x0,
    0x9f, 0x0, 0xf0, 0xf1, 0xbe, 0xed, 0xd0, 0x7a,
    0xe8, 0x0, 0x47, 0x69, 0x0, 0x0, 0x0, 0x0,
    0x9a, 0x8, 0xd3, 0x72, 0xb3, 0x72, 0xe4, 0xec,
    0xfd, 0x0, 0x0, 0xa8, 0x37, 0x0, 0x0, 0x0,
    0x3e, 0x7b, 0xab, 0xff, 0xff, 0xff, 0xff, 0xff,
    0xff, 0x0, 0x0, 0x96, 0xac, 0x12, 0x0, 0x0,
    0x0, 0x73, 0xff, 0xff, 0xff, 0xed, 0xea, 0xff,
    0xff, 0x74, 0x1a, 0x95, 0x1b, 0xa0, 0x1, 0x0,
    0x0, 0x0, 0x62, 0x8b, 0x1, 0x0, 0x0, 0x0,
    0x0, 0x51, 0xff, 0x21, 0x0, 0x48, 0x78, 0x0,
    0x0, 0x0, 0x0, 0x4b, 0xa0, 0x7, 0x0, 0x3,
    0x4d, 0xd9, 0x57, 0x0, 0x0, 0x0, 0x83, 0x41,
    0x0, 0x0, 0x0, 0x0, 0x38, 0xb8, 0xdc, 0xff,
    0x5b, 0x16, 0xa4, 0x8, 0x0, 0x0, 0x3, 0xa6,
    0x0, 0x0, 0x0, 0x0, 0x0, 0x27, 0xf8, 0xff,
    0x62, 0x0, 0x2e, 0x8c, 0x0, 0x0, 0x0, 0x9e,
    0x0, 0x0, 0x0, 0x0, 0x0, 0x0, 0x1a, 0xf2,
    0xff, 0x1e, 0x0, 0x88, 0x4c, 0x0, 0x0, 0xa4,
    0x0, 0x0, 0x0, 0x0, 0x0, 0x0, 0x0, 0xf,
    0xe8, 0xff, 0x2d, 0x3, 0x88, 0x35, 0x6b, 0x5c,
    0x0, 0x0, 0x0, 0x0, 0x0, 0x0, 0x0, 0x0,
    0x7, 0xd7, 0xff, 0x17, 0x1d, 0xf4, 0x78, 0x0,
    0x0, 0x0, 0x0, 0x0, 0x0, 0x0, 0x0, 0x0,
    0x0, 0x2, 0x88, 0xbe, 0x84, 0x2b, 0x0, 0x0,

    /* U+1F337 "🌷" */
    0x0, 0x0, 0x0, 0x0, 0x11, 0x75, 0x3d, 0x40,
    0x76, 0x8, 0x0, 0x0, 0x0, 0x0, 0x8d, 0xaa,
    0xf5, 0x2c, 0xb1, 0xa7, 0x39, 0x96, 0x0, 0x0,
    0x0, 0x39, 0x75, 0x0, 0x86, 0x4d, 0xb0, 0x9,
    0x0, 0x83, 0x25, 0x0, 0x0, 0x74, 0x29, 0x0,
    0x1, 0xd3, 0x85, 0x0, 0x0, 0x2f, 0x78, 0x0,
    0x0, 0x93, 0xb, 0x0, 0x0, 0x2a, 0x88, 0x0,
    0x0, 0x0, 0x9f, 0x0, 0x0, 0x92, 0xd, 0x0,
    0x0, 0x0, 0x9d, 0xc, 0x0, 0x0, 0xa0, 0x0,
    0x0, 0x73, 0x2f, 0x0, 0x0, 0x0, 0x44, 0x43,
    0x0, 0x0, 0x9c, 0x0, 0x0, 0x2b, 0x7e, 0x0,
    0x0, 0x0, 0x0, 0x0, 0x0, 0x6, 0x9b, 0x0,
    0x0, 0x0, 0xa2, 0x18, 0x0, 0x0, 0x0, 0x0,
    0x0, 0x64, 0x4c, 0x0, 0x13, 0xe, 0x19, 0xac,
    0x2b, 0x0, 0x0, 0x0, 0x4e, 0x97, 0xf, 0x13,
    0xab, 0x93, 0x96, 0x39, 0x81, 0x9e, 0xe4, 0x9e,
    0x68, 0x6d, 0x94, 0x9a, 0x8e, 0x2e, 0x15, 0x8c,
    0x85, 0xe, 0x9d, 0x10, 0xa1, 0x45, 0x1a, 0x8a,
    0x14, 0xaf, 0xc, 0x0, 0x34, 0xc5, 0xda, 0xa9,
    0x1e, 0x0, 0x80, 0x33, 0x0, 0x2c, 0xaa, 0x17,
    0x0, 0x5a, 0xff, 0xf, 0x0, 0x32, 0xa2, 0x0,
    0x0, 0x0, 0x1a, 0xa6, 0x7c, 0xae, 0xc, 0x0,
    0x1e, 0xb3, 0x11, 0x0, 0x0, 0x0, 0x0, 0x0,
    0xcb, 0x36, 0x11, 0x67, 0xa3, 0x13, 0x0, 0x0,
    0x0, 0x0, 0x0, 0x0, 0x2a, 0x8d, 0x8d, 0x43,
    0x0, 0x0, 0x0, 0x0,

    /* U+1F339 "🌹" */
    0x0, 0x0, 0x0, 0x3, 0x38, 0x58, 0x4c, 0x25,
    0x4, 0x1, 0x0, 0x0, 0x0, 0x0, 0x50, 0xd8,
    0x7b, 0x41, 0x3f, 0x64, 0xe6, 0x9c, 0x8c, 0x3,
    0x0, 0x6b, 0x8a, 0xbd, 0x29, 0x54, 0xc6, 0x99,
    0x7d, 0x0, 0x92, 0x6f, 0x0, 0x9a, 0x9a, 0x1b,
    0xa1, 0xff, 0xf5, 0x28, 0x0, 0x5, 0x9d, 0x98,
    0x0, 0xaf, 0x53, 0x83, 0x1, 0x51, 0xc4, 0x8a,
    0x77, 0x89, 0x2b, 0xaa, 0x0, 0x52, 0x72, 0x56,
    0xaa, 0x23, 0xe, 0xa6, 0x1c, 0x0, 0x62, 0x6f,
    0x0, 0x0, 0xaf, 0x0, 0x14, 0x9b, 0x92, 0x2b,
    0x0, 0x0, 0xb7, 0xd, 0x0, 0x0, 0xb9, 0x0,
    0x0, 0x0, 0x58, 0x94, 0x0, 0x0, 0xac, 0x0,
    0x0, 0x2, 0xb9, 0x0, 0x0, 0x0, 0x0, 0x57,
    0x5d, 0x0, 0xa5, 0x0, 0x0, 0x0, 0xb7, 0x1a,
    0x0, 0x0, 0x0, 0x1, 0x9f, 0x27, 0x99, 0x0,
    0x0, 0x0, 0x30, 0xc7, 0x38, 0x0, 0x0, 0x0,
    0xbb, 0xc6, 0x38, 0x0, 0x0, 0x0, 0x0, 0x83,
    0xff, 0xda, 0xc9, 0xff, 0xff, 0x64, 0x0, 0x0,
    0x0, 0x0, 0x0, 0xc5, 0xee, 0xff, 0xff, 0xff,
    0xff, 0x3f, 0x0, 0x0, 0x0, 0x0, 0x0, 0xdc,
    0x66, 0xdf, 0xa9, 0xb5, 0xc6, 0x40, 0x0, 0x0,
    0x0, 0x0, 0x3b, 0xa1, 0x33, 0x7b, 0xa2, 0xb7,
    0x50, 0x90, 0x0, 0x0, 0x0, 0x0, 0x0, 0x0,
    0x23, 0x9, 0xa0, 0xa2, 0x5a, 0x4, 0x0, 0x0,
    0x0, 0x0, 0x0, 0x0, 0x0, 0x0, 0x80, 0x5c,
    0x0, 0x0, 0x0, 0x0,

    /* U+1F33A "🌺" */
    0x0, 0x0, 0x0, 0x86, 0xa2, 0x72, 0x51, 0x1b,
    0x9b, 0x9b, 0x9d, 0x9c, 0x7b, 0x5, 0x0, 0x0,
    0x0, 0x0, 0x0, 0x0, 0x1b, 0x9d, 0x49, 0x99,
    0xff, 0xbe, 0x19, 0x0, 0x1, 0x0, 0x47, 0x8d,
    0x1, 0x0, 0x0, 0x0, 0x0, 0x0, 0x1, 0xdb,
    0xe5, 0xdd, 0xcc, 0x15, 0x0, 0x13, 0x0, 0x0,
    0x0, 0x5a, 0x85, 0x0, 0x0, 0x0, 0x0, 0x0,
    0x24, 0xbf, 0x3e, 0xac, 0xaf, 0xf, 0x0, 0x7e,
    0x22, 0x77, 0x0, 0x0, 0xa0, 0x0, 0x0, 0x0,
    0x0, 0x0, 0xa3, 0x7b, 0x9c, 0x98, 0xfb, 0xb1,
    0x1, 0x9e, 0xda, 0x95, 0x3a, 0x1, 0x9f, 0x0,
    0x0, 0x0, 0x0, 0x0, 0xb1, 0x0, 0x0, 0x0,
    0x4, 0xcd, 0x65, 0x6a, 0xb0, 0x32, 0x0, 0xd,
    0x7e, 0xa3, 0x5, 0x0, 0x0, 0x43, 0xbc, 0x41,
    0x0, 0x0, 0x0, 0x54, 0xe5, 0x3, 0x0, 0x1,
    0x1b, 0x18, 0x0, 0x48, 0x70, 0x0, 0x21, 0xac,
    0x2, 0x0, 0x78, 0x9e, 0x62, 0x11, 0xfb, 0x2f,
    0x31, 0xe4, 0xa4, 0x2a, 0x0, 0x0, 0x9b, 0x2c,
    0x3d, 0x80, 0x0, 0x0, 0x36, 0xad, 0xee, 0xf,
    0xd, 0x0, 0x11, 0xe1, 0x8a, 0x2d, 0x0, 0x0,
    0x14, 0x8f, 0x77, 0x30, 0x0, 0x0, 0x17, 0x75,
    0x52, 0x0, 0x60, 0x4f, 0x0, 0x39, 0x67, 0x0,
    0x0, 0x0, 0x2e, 0x80, 0x85, 0x20, 0x0, 0x0,
    0x0, 0x29, 0x0, 0x22, 0xe1, 0xce, 0x46, 0x0,
    0x0, 0x0, 0x0, 0x34, 0xba, 0x19, 0x1e, 0xad,
    0x20, 0x0, 0x0, 0x1c, 0x5, 0x6e, 0x70, 0x33,
    0x79, 0x0, 0x25, 0x1, 0xf, 0xe5, 0x14, 0x0,
    0x0, 0x15, 0xad, 0x47, 0x85, 0xff, 0x6, 0x5,
    0x13, 0x8, 0x0, 0x0, 0xfa, 0xe2, 0xff, 0xff,
    0x5b, 0x0, 0x0, 0x0, 0x7c, 0xff, 0xe7, 0xf5,
    0x11, 0x0, 0x0, 0x0, 0x0, 0x0, 0xff, 0xe7,
    0x76, 0xf2, 0x8e, 0x0, 0x0, 0x0, 0xec, 0xbd,
    0x9d, 0xff, 0x66, 0x0, 0x0, 0x0, 0x0, 0xf,
    0xff, 0xff, 0xf3, 0xf8, 0xbb, 0x0, 0x0, 0x22,
    0xf8, 0xf5, 0xff, 0xff, 0xc7, 0x84, 0xc, 0xf,
    0x73, 0x93, 0x52, 0xbb, 0x93, 0xb6, 0xe9, 0x2c,
    0x0, 0x4e, 0xa3, 0x82, 0x57, 0x56, 0x0, 0x1e,
    0x84, 0x90, 0x31, 0x0, 0x0, 0x0, 0x0, 0x0,
    0x0, 0x0,

    /* U+1F33B "🌻" */
    0x0, 0x0, 0x0, 0x0, 0x0, 0x0, 0x28, 0x56,
    0x0, 0x0, 0x0, 0x0, 0x0, 0x0, 0x0, 0x0,
    0x0, 0x49, 0x5f, 0x2a, 0xaa, 0x78, 0x62, 0x48,
    0x5f, 0x0, 0x0, 0x0, 0x0, 0x0, 0x0, 0x9e,
    0x42, 0xb2, 0x13, 0x0, 0x9a, 0x5a, 0xa6, 0x0,
    0x0, 0x0, 0x0, 0x32, 0x8b, 0xb7, 0x0, 0x32,
    0x8d, 0x94, 0x4a, 0x0, 0x97, 0x91, 0x49, 0x0,
    0x0, 0xac, 0x1d, 0x0, 0x5b, 0x8e, 0x14, 0x8,
    0x66, 0x80, 0x0, 0x8, 0xbc, 0x2, 0x0, 0x36,
    0x86, 0xc, 0xa6, 0x29, 0xd3, 0xea, 0x61, 0x73,
    0x31, 0x55, 0x6b, 0x0, 0x13, 0xaa, 0x24, 0x42,
    0x5e, 0xa2, 0xff, 0xff, 0xf0, 0x20, 0x75, 0x11,
    0xa1, 0x2e, 0x1c, 0xac, 0x1e, 0x3e, 0x64, 0x8d,
    0xff, 0xff, 0xdd, 0x24, 0x70, 0xe, 0x9c, 0x3d,
    0x0, 0x34, 0x96, 0x7, 0xad, 0xc, 0x8c, 0xa3,
    0x2c, 0x82, 0x25, 0x5e, 0x68, 0x0, 0x0, 0x7d,
    0x3a, 0x11, 0x44, 0xa1, 0x33, 0x26, 0x80, 0x69,
    0x10, 0xe, 0xa5, 0x0, 0x0, 0x39, 0x91, 0xb7,
    0x0, 0x1b, 0x6e, 0x76, 0x2c, 0x0, 0x99, 0x95,
    0x54, 0x0, 0x0, 0x0, 0x0, 0xa0, 0x6b, 0xb5,
    0x13, 0x0, 0x97, 0x7f, 0xae, 0x0, 0x0, 0x0,
    0x0, 0x0, 0x0, 0x29, 0x2f, 0x10, 0xa2, 0xdd,
    0x3f, 0x1b, 0x36, 0x0, 0x0, 0x0, 0x0, 0x0,
    0x6, 0xb4, 0x9c, 0xa8, 0x5a, 0xc3, 0x9c, 0x9b,
    0x77, 0x4, 0x0, 0x0, 0x0, 0x0, 0x0, 0x96,
    0x4c, 0xa, 0xff, 0xff, 0x1b, 0xe, 0xbe, 0x1d,
    0x0, 0x0, 0x0, 0x0, 0x0, 0x4, 0x6a, 0x9a,
    0xf1, 0x7d, 0x99, 0x9c, 0x2b, 0x0, 0x0, 0x0,
    0x0, 0x0, 0x0, 0x0, 0x0, 0x0, 0x56, 0x0,
    0x0, 0x0, 0x0, 0x0, 0x0, 0x0,

    /* U+1F33C "🌼" */
    0x0, 0x0, 0x0, 0x0, 0x0, 0x0, 0x3f, 0x7f,
    0xf, 0x0, 0x42, 0x86, 0x1d, 0x0, 0x0, 0x0,
    0x0, 0x0, 0x0, 0x0, 0x0, 0x0, 0x4f, 0xaa,
    0x99, 0x2d, 0xa9, 0x5d, 0x90, 0x21, 0xaf, 0xad,
    0x3f, 0x0, 0x0, 0x0, 0x0, 0x0, 0x0, 0x0,
    0x9b, 0x6, 0x16, 0x0, 0x31, 0x9c, 0x0, 0x12,
    0x3, 0x11, 0x90, 0x0, 0x0, 0x0, 0x0, 0x0,
    0x5a, 0x86, 0xbf, 0x22, 0x3e, 0x4d, 0x0, 0x2,
    0x0, 0x85, 0x3, 0x3b, 0xba, 0x84, 0x35, 0x0,
    0x0, 0x46, 0x7e, 0x20, 0x4b, 0x32, 0x0, 0x98,
    0x8, 0x3e, 0x2f, 0x69, 0x0, 0x44, 0x39, 0x26,
    0xb4, 0x0, 0x0, 0x5f, 0x65, 0x0, 0x0, 0x0,
    0x3a, 0x55, 0xa6, 0xcd, 0xc0, 0x27, 0x22, 0x0,
    0x0, 0x0, 0xb0, 0xd, 0x7, 0xaa, 0x8, 0x43,
    0x7a, 0x34, 0x29, 0xed, 0x54, 0x59, 0x75, 0xe2,
    0xb, 0x44, 0x7f, 0x29, 0x23, 0x94, 0x0, 0xab,
    0x2c, 0x0, 0xd, 0x62, 0xd4, 0x4b, 0x6a, 0x52,
    0x0, 0x7b, 0xb5, 0x4e, 0x5, 0x0, 0x67, 0x66,
    0x0, 0x21, 0xd9, 0x40, 0x0, 0x48, 0xe0, 0x3c,
    0x4f, 0x45, 0x0, 0x3c, 0xc1, 0x2c, 0x0, 0x68,
    0xab, 0x0, 0x1, 0xb3, 0x24, 0x0, 0x2d, 0x82,
    0xd9, 0x38, 0x51, 0xb, 0x0, 0x74, 0xbd, 0x73,
    0x1c, 0x0, 0x5f, 0x70, 0x8, 0xa6, 0x3, 0x43,
    0x59, 0xf, 0x33, 0xfe, 0x44, 0x18, 0x65, 0xff,
    0xa, 0x1c, 0x67, 0x29, 0x1a, 0x95, 0x0, 0x64,
    0x66, 0x0, 0x0, 0x0, 0x3a, 0x53, 0xb4, 0xd6,
    0xcd, 0x26, 0x25, 0x0, 0x0, 0x0, 0xb1, 0x12,
    0x0, 0x49, 0x70, 0x10, 0x3c, 0x2e, 0x0, 0x99,
    0xb, 0x45, 0x32, 0x6c, 0x0, 0x3e, 0x29, 0x15,
    0xb1, 0x0, 0x0, 0x1, 0x6a, 0x98, 0xc7, 0x26,
    0x38, 0x55, 0x0, 0x0, 0x0, 0x89, 0x4, 0x41,
    0xc3, 0x95, 0x40, 0x0, 0x0, 0x0, 0x0, 0x0,
    0x9b, 0x5, 0x1d, 0x1, 0x27, 0x8d, 0x0, 0x16,
    0x7, 0xf, 0x90, 0x0, 0x0, 0x0, 0x0, 0x0,
    0x0, 0x0, 0x5a, 0xa2, 0x86, 0x1c, 0xaa, 0x70,
    0x7e, 0x10, 0x9e, 0xa6, 0x49, 0x0, 0x0, 0x0,
    0x0, 0x0, 0x0, 0x0, 0x0, 0x0, 0x4d, 0x8e,
    0x16, 0x0, 0x51, 0x97, 0x27, 0x0, 0x0, 0x0,
    0x0, 0x0,

    /* U+1F33E "🌾" */
    0x0, 0x0, 0x0, 0x0, 0x0, 0x0, 0x0, 0x0,
    0x0, 0x29, 0x7d, 0x51, 0x0, 0x0, 0x0, 0x0,
    0x0, 0x0, 0x0, 0x0, 0x0, 0x0, 0x0, 0x0,
    0x0, 0x0, 0x1, 0x84, 0xb2, 0xce, 0x1c, 0x0,
    0x0, 0x0, 0x0, 0x0, 0x0, 0x0, 0x0, 0x0,
    0x0, 0x0, 0x0, 0x0, 0x0, 0x7e, 0x62, 0xb9,
    0x21, 0x1, 0x7, 0x26, 0x10, 0x6a, 0xc, 0x0,
    0x0, 0x70, 0x85, 0x3c, 0x0, 0x0, 0x0, 0x4b,
    0x71, 0x8b, 0x41, 0x19, 0xb9, 0x78, 0xba, 0x7f,
    0x89, 0x7f, 0xd1, 0x11, 0xa2, 0x67, 0x7d, 0x8f,
    0x1, 0x0, 0xa1, 0x16, 0xa8, 0x69, 0xa8, 0x9f,
    0x81, 0x6a, 0xbe, 0x7d, 0xa3, 0x13, 0x0, 0x4,
    0xa0, 0x2d, 0x50, 0x78, 0x3a, 0x70, 0x5f, 0x44,
    0xd7, 0xcb, 0x84, 0x9a, 0x51, 0xd, 0x8, 0x68,
    0x12, 0x0, 0x0, 0xc, 0xac, 0x0, 0x9e, 0x92,
    0x32, 0x8a, 0x68, 0x92, 0x43, 0x2a, 0x6f, 0x0,
    0x0, 0x0, 0x0, 0x0, 0x0, 0x0, 0x0, 0x6c,
    0x46, 0x27, 0xff, 0x15, 0xac, 0xd8, 0x7, 0x0,
    0x8b, 0xa8, 0xaa, 0xa5, 0x0, 0x0, 0x0, 0x0,
    0x0, 0x0, 0x9, 0xa1, 0x0, 0xff, 0x1e, 0xc9,
    0x8d, 0x72, 0xa3, 0xd5, 0xb6, 0xd2, 0xcb, 0xc0,
    0xf, 0x0, 0x0, 0x0, 0x0, 0x0, 0x84, 0x27,
    0x51, 0x72, 0xd4, 0xdb, 0x6e, 0x0, 0x63, 0xa0,
    0xac, 0xda, 0x74, 0x14, 0x0, 0x0, 0x0, 0x0,
    0x0, 0x1b, 0x92, 0x2, 0xaf, 0xe1, 0xae, 0x5c,
    0x93, 0x83, 0x2c, 0xb, 0x8f, 0x72, 0xa1, 0x0,
    0x0, 0x0, 0x0, 0x0, 0x0, 0x9a, 0x16, 0x69,
    0xff, 0xd6, 0x4c, 0x8, 0x22, 0xa5, 0x37, 0x0,
    0x0, 0x13, 0x0, 0x0, 0x0, 0x0, 0x0, 0x0,
    0x28, 0x8a, 0x5, 0xff, 0x49, 0x42, 0xa3, 0xa5,
    0x39, 0x9d, 0x0, 0x0, 0x0, 0x0, 0x0, 0x0,
    0x0, 0x0, 0x0, 0x0, 0x99, 0x24, 0x29, 0x3,
    0xa1, 0x1, 0x8, 0x9a, 0xa5, 0x0, 0x0, 0x0,
    0x0, 0x0, 0x0, 0x0, 0x0, 0x0, 0x0, 0x13,
    0xa6, 0x2, 0x0, 0xa0, 0x0, 0x0, 0x0, 0x0,
    0x0, 0x0, 0x0, 0x0, 0x0, 0x0, 0x0, 0x0,
    0x0, 0x0, 0x0, 0x44, 0x9a, 0xf, 0xa6, 0x0,
    0x0, 0x0, 0x0, 0x0, 0x0, 0x0, 0x0, 0x0,
    0x0, 0x0, 0x0, 0x0, 0x0, 0x0, 0x0, 0x31,
    0x97, 0x48, 0x0, 0x0, 0x0, 0x0, 0x0, 0x0,
    0x0, 0x0, 0x0,

    /* U+1F33F "🌿" */
    0x0, 0x0, 0x0, 0x0, 0x0, 0x0, 0x0, 0x17,
    0x12, 0x0, 0x0, 0x0, 0x0, 0x1, 0x49, 0x85,
    0x9a, 0x56, 0x0, 0x0, 0x0, 0x0, 0x0, 0x0,
    0x1, 0xa1, 0xaa, 0x9, 0x0, 0x0, 0x1c, 0xab,
    0x62, 0x19, 0xd, 0x8d, 0x0, 0x0, 0x0, 0x0,
    0x0, 0x0, 0x54, 0x48, 0x2f, 0x82, 0x0, 0x9,
    0xac, 0x3a, 0x7d, 0x0, 0x3c, 0x62, 0x23, 0x5e,
    0x1a, 0x0, 0x0, 0x0, 0x8f, 0x49, 0x0, 0xa4,
    0x0, 0x75, 0x3c, 0x79, 0x0, 0x0, 0x9c, 0x10,
    0x6f, 0x66, 0x85, 0x97, 0x19, 0x0, 0x8e, 0x78,
    0x0, 0x9f, 0x0, 0xa1, 0x0, 0x0, 0x0, 0x62,
    0x6e, 0x0, 0x8f, 0x14, 0x4, 0x16, 0xab, 0x28,
    0x7c, 0x44, 0x4, 0xa3, 0x0, 0x9d, 0x11, 0x3b,
    0x9e, 0x75, 0x0, 0x0, 0x85, 0x19, 0x7a, 0x0,
    0xd, 0xb1, 0x20, 0x85, 0x37, 0x7c, 0x64, 0xe2,
    0x8e, 0x6b, 0x17, 0x0, 0x0, 0x0, 0x57, 0x4f,
    0x6e, 0xe, 0x0, 0x64, 0x49, 0x61, 0xe3, 0x43,
    0x8e, 0x31, 0xa3, 0xa5, 0xa2, 0x8f, 0x25, 0x0,
    0x8, 0xac, 0x10, 0x83, 0x0, 0x1b, 0x84, 0x1,
    0x8f, 0xb3, 0x63, 0xbb, 0x41, 0x7a, 0x49, 0x10,
    0xb5, 0x1e, 0x0, 0x4a, 0x8f, 0x2a, 0x19, 0x8,
    0x99, 0x0, 0xff, 0xf2, 0xff, 0x1e, 0x9, 0x1,
    0x0, 0x55, 0x82, 0x0, 0x0, 0x0, 0x47, 0xae,
    0x4a, 0x2d, 0x83, 0x3, 0xff, 0x16, 0x4e, 0xba,
    0xa8, 0x91, 0x9f, 0x60, 0x0, 0x0, 0x0, 0x0,
    0x0, 0x8, 0x62, 0xb8, 0x79, 0x5d, 0x55, 0x0,
    0x3d, 0x86, 0xa5, 0x8e, 0x34, 0x0, 0x0, 0x0,
    0x0, 0x0, 0x0, 0x0, 0x0, 0x1, 0x91, 0xa8,
    0x19, 0xa3, 0x6e, 0x28, 0x36, 0x3a, 0x77, 0x9a,
    0xe, 0x0, 0x0, 0x0, 0x0, 0x0, 0x0, 0x0,
    0xff, 0xc4, 0xf0, 0x17, 0x6, 0x6d, 0x45, 0x19,
    0x0, 0x25, 0xb2, 0x0, 0x0, 0x0, 0x0, 0x0,
    0x0, 0x4e, 0x87, 0x0, 0x41, 0x8e, 0x14, 0x0,
    0x0, 0x0, 0x1d, 0x9d, 0x39, 0x0, 0x0, 0x0,
    0x0, 0x19, 0x7f, 0x8b, 0x1, 0x0, 0x0, 0x1a,
    0x8c, 0x9e, 0x9e, 0xa0, 0x87, 0x14, 0x0, 0x0,
    0x0, 0x0, 0x0, 0x83, 0x3c, 0x0, 0x0, 0x0,
    0x0, 0x0, 0x0, 0x0, 0x0, 0x0, 0x0, 0x0,
    0x0, 0x0,

    /* U+1F340 "🍀" */
    0x0, 0x0, 0x0, 0x41, 0x92, 0x35, 0x0, 0x2,
    0x6b, 0x8d, 0x2b, 0x0, 0x0, 0x0, 0x0, 0x0,
    0x24, 0x86, 0xd, 0x89, 0x2f, 0x8e, 0x41, 0x10,
    0xa7, 0x13, 0x0, 0x0, 0x6, 0x8f, 0xae, 0x14,
    0x0, 0x3, 0xb6, 0x5c, 0x0, 0x0, 0x30, 0xab,
    0x8e, 0x5, 0x77, 0x3a, 0x0, 0x0, 0x0, 0x0,
    0xa0, 0x11, 0x0, 0x0, 0x0, 0x0, 0x3e, 0x77,
    0x86, 0x1b, 0x0, 0x0, 0x0, 0x0, 0x98, 0x8,
    0x0, 0x0, 0x0, 0x0, 0x19, 0x88, 0x24, 0x97,
    0x7, 0x0, 0x0, 0x0, 0x50, 0x4, 0x0, 0x0,
    0x0, 0xd, 0x9f, 0x23, 0x0, 0x34, 0xd4, 0xaa,
    0xa0, 0x50, 0x0, 0x0, 0x98, 0xa0, 0xb1, 0xd8,
    0x2f, 0x0, 0x1d, 0xa8, 0x42, 0x11, 0x0, 0x0,
    0x0, 0x0, 0x0, 0x0, 0x1b, 0x4d, 0xae, 0x1c,
    0x8b, 0x1a, 0x0, 0x0, 0x0, 0x0, 0x7a, 0xc,
    0x0, 0x0, 0x0, 0x0, 0x1d, 0x8b, 0x7c, 0x36,
    0x0, 0x0, 0x0, 0x0, 0xf4, 0x39, 0x0, 0x0,
    0x0, 0x0, 0x38, 0x7b, 0xc, 0x94, 0x76, 0x0,
    0x0, 0x16, 0xff, 0x9e, 0x0, 0x0, 0x0, 0x7f,
    0x90, 0xb, 0x0, 0x0, 0xa8, 0x0, 0x5, 0x9c,
    0xba, 0x9e, 0x4b, 0x0, 0x4, 0xa8, 0x0, 0x0,
    0x0, 0x0, 0x4c, 0xa8, 0xa4, 0x36, 0x90, 0x25,
    0x76, 0xa5, 0xa7, 0x37, 0x0, 0x0, 0x0, 0x0,
    0x0, 0x0, 0x0, 0x0, 0x77, 0x3f, 0x0, 0x0,
    0x0, 0x0, 0x0, 0x0, 0x0, 0x0, 0x0, 0x0,
    0x0, 0x0, 0x36, 0x8b, 0x0, 0x0, 0x0, 0x0,
    0x0, 0x0, 0x0, 0x0, 0x0, 0x0, 0x0, 0x0,
    0x0, 0xae, 0x3e, 0x0, 0x0, 0x0, 0x0, 0x0,
    0x0, 0x0, 0x0, 0x0, 0x0, 0x0, 0x0, 0xc,
    0x5b, 0x0, 0x0, 0x0, 0x0, 0x0,

    /* U+1F341 "🍁" */
    0x0, 0x0, 0x0, 0x0, 0x0, 0x0, 0x0, 0x38,
    0x78, 0x0, 0x0, 0x0, 0x0, 0x0, 0x0, 0x0,
    0x0, 0x0, 0x0, 0x0, 0x0, 0x0, 0x55, 0xae,
    0x82, 0x87, 0x2, 0x0, 0x0, 0x0, 0x0, 0x0,
    0x0, 0x0, 0x0, 0x0, 0x0, 0x14, 0xad, 0x38,
    0xf, 0x94, 0x4b, 0xb, 0x0, 0x0, 0x0, 0x0,
    0x0, 0x0, 0x0, 0x0, 0x1, 0xdc, 0x72, 0xc,
    0x56, 0x22, 0xe3, 0x4a, 0x0, 0x0, 0x0, 0x0,
    0x0, 0x0, 0x0, 0x0, 0xc, 0x94, 0x13, 0x1a,
    0x6e, 0x7, 0x51, 0x5c, 0x0, 0x0, 0x0, 0x0,
    0x3e, 0xb8, 0x88, 0x45, 0x63, 0xa2, 0x0, 0x1c,
    0x70, 0x0, 0x5a, 0x7d, 0x5d, 0x6b, 0xa7, 0x80,
    0x1d, 0x86, 0x22, 0x93, 0x97, 0xd7, 0x4, 0x1c,
    0x70, 0x0, 0x97, 0x91, 0xbb, 0x40, 0x38, 0x6c,
    0x0, 0xa6, 0x0, 0x16, 0x0, 0x35, 0xf, 0x1c,
    0x70, 0x0, 0x44, 0x0, 0x15, 0x1, 0x88, 0x1e,
    0x8, 0x8f, 0x64, 0x4b, 0x81, 0x5, 0x0, 0x1c,
    0x70, 0x0, 0x0, 0x50, 0x81, 0x21, 0xc2, 0x1a,
    0x8, 0xbd, 0x45, 0x0, 0x27, 0x9b, 0x1f, 0x1c,
    0x70, 0x5, 0x82, 0x58, 0x0, 0x13, 0xca, 0x2d,
    0x0, 0xa, 0xc2, 0x5c, 0x0, 0x9, 0x8d, 0x6b,
    0x90, 0x9c, 0x27, 0x0, 0x26, 0xcd, 0x33, 0x0,
    0x1, 0xc7, 0x65, 0x4, 0x47, 0x88, 0x8a, 0xca,
    0xe5, 0x96, 0x88, 0x73, 0x0, 0x36, 0xcf, 0x2c,
    0x0, 0x2b, 0x99, 0x82, 0x52, 0x3c, 0x0, 0x7a,
    0xff, 0xb, 0x27, 0x4b, 0x71, 0x9b, 0x58, 0x0,
    0x0, 0x0, 0x0, 0x19, 0x44, 0xb7, 0xa4, 0x81,
    0xac, 0xa0, 0xc8, 0x53, 0x2a, 0x0, 0x0, 0x0,
    0x0, 0x0, 0x0, 0x0, 0x0, 0x0, 0x0, 0x24,
    0x76, 0x0, 0x0, 0x0, 0x0, 0x0, 0x0, 0x0,
    0x0, 0x0, 0x0, 0x0, 0x0, 0x0, 0x0, 0x39,
    0x89, 0x0, 0x0, 0x0, 0x0, 0x0, 0x0, 0x0,
    0x0, 0x0, 0x0, 0x0, 0x0, 0x0, 0x0, 0x18,
    0x3a, 0x0, 0x0, 0x0, 0x0, 0x0, 0x0, 0x0,

    /* U+1F342 "🍂" */
    0x0, 0x0, 0x0, 0x0, 0x0, 0x0, 0x0, 0x0,
    0x0, 0x38, 0x15, 0x0, 0x0, 0x0, 0x0, 0x0,
    0x0, 0x0, 0x0, 0x0, 0x0, 0x0, 0x0, 0x0,
    0x0, 0x0, 0x0, 0x1, 0xa9, 0x4, 0x0, 0x0,
    0x0, 0x0, 0x0, 0x0, 0x0, 0x0, 0x0, 0x0,
    0x0, 0x0, 0x0, 0x0, 0x0, 0x0, 0x49, 0x58,
    0x0, 0x0, 0x5e, 0x6a, 0xa5, 0xa4, 0x73, 0x0,
    0x0, 0x0, 0x0, 0x0, 0x0, 0x7, 0x81, 0xa2,
    0x9c, 0xff, 0x63, 0x0, 0x0, 0x0, 0xe8, 0xa5,
    0x90, 0x75, 0x7a, 0x0, 0x0, 0x0, 0x0, 0x4,
    0xa9, 0x38, 0x0, 0x1f, 0x78, 0x65, 0x69, 0x0,
    0x0, 0xa2, 0x5, 0xf1, 0x4e, 0x9f, 0x15, 0x0,
    0x0, 0x0, 0x7b, 0x46, 0x0, 0x19, 0xff, 0x1e,
    0x0, 0x9c, 0x13, 0x0, 0x81, 0x61, 0x4, 0xd,
    0x57, 0x59, 0x0, 0x0, 0x47, 0x8d, 0x35, 0x9d,
    0x95, 0xff, 0x47, 0x0, 0x36, 0x6e, 0x0, 0x0,
    0x4f, 0x9b, 0xa3, 0xb2, 0x66, 0x0, 0x0, 0x88,
    0x19, 0x12, 0x6, 0x7b, 0x54, 0xab, 0x3, 0x8,
    0x96, 0x0, 0x0, 0x20, 0x0, 0x0, 0xd, 0xe,
    0x0, 0x0, 0x9b, 0xb, 0x19, 0x8f, 0xff, 0x2,
    0x3b, 0x46, 0xc, 0x90, 0x0, 0x0, 0xc6, 0xd,
    0x0, 0x0, 0x0, 0x0, 0x44, 0x68, 0x42, 0x86,
    0xba, 0xd6, 0x0, 0x0, 0x1, 0x34, 0x6f, 0x1c,
    0xa5, 0xff, 0x97, 0x81, 0x0, 0x0, 0x0, 0x27,
    0x80, 0x0, 0x52, 0x87, 0x74, 0x31, 0x4, 0xa3,
    0xbb, 0x1d, 0x94, 0x14, 0xd6, 0x6d, 0x6d, 0x52,
    0x0, 0xe, 0xa9, 0x1d, 0x48, 0xa6, 0x3, 0xa,
    0x3, 0x88, 0x41, 0x0, 0x0, 0x92, 0x4e, 0xb3,
    0x9a, 0x12, 0x9c, 0x0, 0x9c, 0x1f, 0x0, 0x41,
    0x6, 0x50, 0x87, 0x71, 0x87, 0x0, 0x0, 0x0,
    0xa2, 0x33, 0x1a, 0x92, 0x0, 0xa0, 0x0, 0x70,
    0xa5, 0xa3, 0x9c, 0xaa, 0x69, 0x2b, 0x4b, 0x2,
    0x0, 0x0, 0x0, 0x4d, 0xa2, 0x0, 0x2c, 0xa,
    0x96, 0x0, 0x0, 0x0, 0x0, 0x0, 0x0, 0x0,
    0x0, 0x0, 0x0, 0x0, 0x0, 0x0, 0x4, 0xb8,
    0x25, 0x0, 0x2, 0xa0, 0x0, 0x0, 0x0, 0x0,
    0x0, 0x0, 0x0, 0x0, 0x0, 0x0, 0x0, 0x0,
    0x0, 0x0, 0x17, 0xad, 0x79, 0x18, 0x91, 0x23,
    0x0, 0x0, 0x0, 0x0, 0x0, 0x0, 0x0, 0x0,
    0x0, 0x0, 0x0, 0x0, 0x0, 0x0, 0x0, 0x3d,
    0x87, 0x9c, 0x2e,

    /* U+1F343 "🍃" */
    0x0, 0x0, 0x0, 0x0, 0x1c, 0x75, 0x3d, 0x0,
    0x0, 0x0, 0x0, 0x0, 0x0, 0x0, 0x0, 0x53,
    0x96, 0x28, 0x2, 0x0, 0x0, 0x0, 0x0, 0x0,
    0x0, 0x0, 0x18, 0x9a, 0x0, 0x0, 0x0, 0x0,
    0x0, 0x0, 0x0, 0x0, 0x0, 0x0, 0x3d, 0x60,
    0x0, 0x0, 0x0, 0x0, 0x0, 0x0, 0x0, 0x0,
    0x0, 0x0, 0xb, 0xa8, 0x48, 0xa4, 0x9f, 0xa0,
    0xa8, 0x60, 0x0, 0x0, 0x0, 0x0, 0x0, 0x8f,
    0xff, 0x17, 0x0, 0x0, 0x2, 0x5b, 0x8e, 0x0,
    0x0, 0x0, 0x0, 0xa4, 0x24, 0x98, 0x8e, 0x38,
    0xd, 0x6, 0xb2, 0x0, 0x0, 0x0, 0x0, 0x9c,
    0x0, 0x0, 0x1e, 0x6b, 0x92, 0x98, 0x4c, 0x0,
    0x0, 0x0, 0x0, 0x46, 0x0, 0x0, 0x0, 0x0,
    0x0, 0x0, 0x0, 0x0, 0x0, 0x0, 0x0, 0x0,
    0x0, 0x1b, 0x38, 0x2d, 0x11, 0x12, 0x70, 0x1a,
    0x0, 0x0, 0x0, 0x2e, 0xa6, 0x87, 0x66, 0x74,
    0x90, 0x90, 0x7c, 0x53, 0x0, 0x0, 0x1e, 0xa4,
    0x9, 0x0, 0x0, 0x0, 0x0, 0x0, 0x52, 0x4c,
    0x0, 0x0, 0x87, 0x1f, 0x0, 0xc, 0x63, 0xa0,
    0x3e, 0x0, 0x85, 0x1d, 0x0, 0x0, 0x9f, 0x4,
    0x69, 0xa2, 0x47, 0x3, 0x0, 0xa, 0xa5, 0x0,
    0xe, 0xa3, 0xff, 0xde, 0x46, 0x0, 0x0, 0x0,
    0x2, 0x9d, 0x30, 0x0, 0x0, 0x0, 0xa, 0xaa,
    0x55, 0xa, 0x4, 0x3b, 0xa9, 0x46, 0x0, 0x0,
    0x0, 0x0, 0x0, 0x3, 0x59, 0x97, 0x9b, 0x6d,
    0x11, 0x0, 0x0, 0x0,

    /* U+1F345 "🍅" */
    0x0, 0x0, 0x0, 0x0, 0x0, 0x0, 0x0, 0x0,
    0xf, 0x57, 0x0, 0x0, 0x0, 0x0, 0x0, 0x0,
    0x0, 0x0, 0x0, 0x0, 0x0, 0x0, 0x0, 0x0,
    0x0, 0x0, 0x5b, 0x88, 0x0, 0x0, 0x0, 0x0,
    0x0, 0x0, 0x0, 0x0, 0x0, 0x0, 0x0, 0x0,
    0x0, 0x5c, 0x66, 0xa, 0x96, 0x45, 0x6b, 0x85,
    0x0, 0x0, 0x0, 0x0, 0x0, 0x0, 0x0, 0x0,
    0x0, 0x2, 0x47, 0x9e, 0xff, 0xff, 0xff, 0xcc,
    0xff, 0xa8, 0x8a, 0x5e, 0xb, 0x0, 0x0, 0x0,
    0x0, 0x0, 0x23, 0xa3, 0x52, 0x14, 0x7f, 0xff,
    0xff, 0xff, 0xff, 0x82, 0x1e, 0x37, 0x9b, 0x4a,
    0x0, 0x0, 0x0, 0x1f, 0xa3, 0xb, 0x2a, 0xe2,
    0xff, 0xff, 0xff, 0xff, 0xc3, 0xba, 0xb0, 0x9,
    0x0, 0x81, 0x4f, 0x0, 0x0, 0xa4, 0xf, 0x0,
    0x0, 0x1, 0x19, 0x14, 0x6f, 0xff, 0xad, 0x0,
    0x0, 0x0, 0x0, 0x0, 0xa3, 0x12, 0x3b, 0x6a,
    0x0, 0x47, 0x0, 0x0, 0x0, 0x0, 0x0, 0x49,
    0xa6, 0x17, 0x0, 0x0, 0x0, 0x0, 0x2e, 0x7a,
    0x81, 0x1e, 0x0, 0xa5, 0x0, 0x0, 0x0, 0x0,
    0x0, 0x0, 0x0, 0x0, 0x0, 0x0, 0x0, 0x0,
    0x0, 0xa1, 0x99, 0x6, 0x0, 0xa1, 0x0, 0x0,
    0x0, 0x0, 0x0, 0x0, 0x0, 0x0, 0x0, 0x0,
    0x0, 0x0, 0x0, 0x9f, 0x83, 0x20, 0x0, 0xa6,
    0x4, 0x0, 0x0, 0x0, 0x0, 0x0, 0x0, 0x0,
    0x0, 0x0, 0x0, 0x0, 0x0, 0xa2, 0x3f, 0x6f,
    0x0, 0x53, 0x56, 0x0, 0x0, 0x0, 0x0, 0x0,
    0x0, 0x0, 0x0, 0x0, 0x0, 0x0, 0x2f, 0x7b,
    0x1, 0xae, 0x12, 0x0, 0x0, 0x0, 0x0, 0x0,
    0x0, 0x0, 0x0, 0x0, 0x0, 0x0, 0x0, 0x0,
    0xa6, 0x17, 0x0, 0x26, 0xab, 0xa, 0x0, 0x0,
    0x0, 0x0, 0x0, 0x0, 0x0, 0x0, 0x0, 0x0,
    0x0, 0x85, 0x54, 0x0, 0x0, 0x0, 0x2f, 0xb0,
    0x30, 0x0, 0x0, 0x0, 0x0, 0x0, 0x0, 0x0,
    0x0, 0x16, 0xa0, 0x5a, 0x0, 0x0, 0x0, 0x0,
    0x0, 0xd, 0x88, 0xa3, 0x59, 0x1e, 0x5, 0x2,
    0x15, 0x49, 0x93, 0x9d, 0x23, 0x0, 0x0, 0x0,
    0x0, 0x0, 0x0, 0x0, 0x0, 0xb, 0x4a, 0x80,
    0x97, 0x9a, 0x88, 0x5a, 0x17, 0x0, 0x0, 0x0,
    0x0, 0x0,

    /* U+1F346 "🍆" */
    0x0, 0x14, 0x2d, 0x0, 0x0, 0x0, 0x0, 0x0,
    0x0, 0x0, 0x0, 0x0, 0x0, 0x0, 0x0, 0x0,
    0x0, 0x0, 0x0, 0x72, 0xd6, 0x2, 0x0, 0x0,
    0x0, 0x0, 0x0, 0x0, 0x0, 0x0, 0x0, 0x0,
    0x0, 0x0, 0x0, 0x0, 0x0, 0x32, 0xff, 0xc2,
    0x9a, 0x3a, 0x0, 0x0, 0x0, 0x0, 0x0, 0x0,
    0x0, 0x0, 0x0, 0x0, 0x0, 0x0, 0x0, 0x60,
    0xff, 0xff, 0xff, 0xff, 0xd1, 0x8f, 0x0, 0x0,
    0x0, 0x0, 0x0, 0x0, 0x0, 0x0, 0x0, 0x0,
    0x0, 0xcb, 0xff, 0xff, 0xff, 0xcd, 0xff, 0x95,
    0x0, 0x0, 0x0, 0x0, 0x0, 0x0, 0x0, 0x0,
    0x0, 0x0, 0x0, 0xe3, 0xff, 0xf2, 0xff, 0x1f,
    0x9, 0xa2, 0x35, 0x0, 0x0, 0x0, 0x0, 0x0,
    0x0, 0x0, 0x0, 0x0, 0x1, 0xff, 0xf9, 0x68,
    0xbb, 0x0, 0x0, 0x5, 0x94, 0x60, 0x0, 0x0,
    0x0, 0x0, 0x0, 0x0, 0x0, 0x0, 0x3e, 0xd5,
    0xab, 0x0, 0x0, 0x0, 0x0, 0x0, 0x0, 0x63,
    0x9f, 0x1d, 0x0, 0x0, 0x0, 0x0, 0x0, 0x0,
    0x0, 0x0, 0x9f, 0x10, 0x0, 0x0, 0x0, 0x0,
    0x0, 0x0, 0x18, 0x92, 0x97, 0x30, 0x0, 0x0,
    0x0, 0x0, 0x0, 0x0, 0x2d, 0x8a, 0x0, 0x0,
    0x0, 0x0, 0x0, 0x0, 0x0, 0x0, 0x15, 0x75,
    0xa9, 0x59, 0x0, 0x0, 0x0, 0x0, 0x0, 0x83,
    0x3f, 0x0, 0x0, 0x0, 0x0, 0x0, 0x0, 0x0,
    0x0, 0x0, 0x2, 0x60, 0xa1, 0x2, 0x0, 0x0,
    0x0, 0x4, 0xa4, 0x2b, 0x0, 0x0, 0x0, 0x0,
    0x0, 0x0, 0x0, 0x0, 0x0, 0x0, 0x56, 0x67,
    0x0, 0x0, 0x0, 0x0, 0xa, 0xa9, 0x22, 0x0,
    0x0, 0x0, 0x0, 0x0, 0x0, 0x0, 0x0, 0x0,
    0x0, 0xa0, 0x0, 0x0, 0x0, 0x0, 0x0, 0x10,
    0xa6, 0x4c, 0x0, 0x0, 0x0, 0x0, 0x0, 0x0,
    0x0, 0x0, 0x9, 0x9a, 0x0, 0x0, 0x0, 0x0,
    0x0, 0x0, 0x1, 0x7b, 0x8b, 0xe, 0x0, 0x0,
    0x0, 0x0, 0x0, 0x0, 0x81, 0x3d, 0x0, 0x0,
    0x0, 0x0, 0x0, 0x0, 0x0, 0x0, 0x31, 0xa3,
    0x84, 0x33, 0x7, 0x3, 0x2e, 0x94, 0x64, 0x0,
    0x0, 0x0, 0x0, 0x0, 0x0, 0x0, 0x0, 0x0,
    0x0, 0x0, 0x25, 0x70, 0x99, 0x9b, 0x75, 0x1d,
    0x0, 0x0,

    /* U+1F34C "🍌" */
    0x0, 0x0, 0x0, 0x0, 0x6, 0x81, 0x82, 0x12,
    0x0, 0x0, 0x0, 0x0, 0x0, 0x0, 0x0, 0x0,
    0x0, 0x0, 0x0, 0x7d, 0x39, 0x27, 0xad, 0x11,
    0x0, 0x0, 0x0, 0x0, 0x0, 0x0, 0x0, 0x0,
    0x0, 0x0, 0x9e, 0x0, 0x0, 0x25, 0x8f, 0x0,
    0x0, 0x0, 0x0, 0x0, 0x0, 0x0, 0x0, 0x0,
    0x0, 0x9d, 0x3, 0x0, 0x0, 0x97, 0x13, 0x0,
    0x0, 0x0, 0x0, 0x0, 0x0, 0x0, 0x0, 0x0,
    0x7b, 0x24, 0x0, 0x0, 0x40, 0x64, 0x0, 0x0,
    0x0, 0x0, 0x0, 0x0, 0x0, 0x0, 0x0, 0x4d,
    0x50, 0x0, 0x0, 0x5, 0x9a, 0x0, 0x0, 0x0,
    0x0, 0x0, 0x0, 0x0, 0x0, 0x0, 0x20, 0x7a,
    0x0, 0x0, 0x0, 0x9f, 0x0, 0x0, 0x0, 0x0,
    0x0, 0x0, 0x0, 0x15, 0x38, 0x15, 0x95, 0x0,
    0x0, 0x0, 0xcb, 0x94, 0x6c, 0x5, 0x0, 0x0,
    0x0, 0x65, 0x9c, 0x64, 0x89, 0xe8, 0x18, 0x1,
    0x83, 0xff, 0xff, 0xff, 0xa9, 0x0, 0x0, 0x20,
    0x9a, 0x0, 0xc, 0x97, 0xff, 0xd5, 0xa2, 0xc6,
    0x66, 0x0, 0x87, 0xff, 0x26, 0x0, 0x77, 0x2f,
    0x0, 0x9b, 0x35, 0x98, 0x4f, 0xed, 0x0, 0x9e,
    0x0, 0x0, 0xff, 0x79, 0x0, 0x9e, 0x1, 0x3c,
    0x7b, 0x53, 0x59, 0x65, 0x3d, 0x0, 0xfc, 0xa,
    0x0, 0xff, 0xe8, 0x15, 0xa4, 0x2, 0xaf, 0x16,
    0xaf, 0xe, 0xaa, 0x0, 0x2e, 0xe4, 0x4f, 0x0,
    0x8a, 0x69, 0x17, 0xa9, 0x8b, 0x4d, 0xa0, 0x35,
    0xa1, 0x2e, 0x1, 0xa7, 0x27, 0xaa, 0x0, 0x4f,
    0x5e, 0x0, 0x64, 0x4c, 0x9d, 0x87, 0xad, 0x36,
    0x0, 0x86, 0x60, 0x0, 0x4d, 0x8e, 0x3d, 0x9b,
    0x0, 0x0, 0xdb, 0xff, 0x74, 0x10, 0x3b, 0xa3,
    0x5d, 0x0, 0x0, 0x0, 0x21, 0x55, 0x18, 0x0,
    0x0, 0x2d, 0x82, 0x98, 0x96, 0x69, 0x13, 0x0,
    0x0, 0x0, 0x0, 0x0, 0x0, 0x0, 0x0,

    /* U+1F34E "🍎" */
    0x0, 0x0, 0x0, 0x0, 0x0, 0x0, 0x0, 0x0,
    0x0, 0x2, 0x52, 0x8b, 0x43, 0x0, 0x0, 0x0,
    0x0, 0x0, 0x0, 0x0, 0x0, 0x0, 0x0, 0x0,
    0x10, 0xcb, 0xff, 0xff, 0x25, 0x0, 0x0, 0x0,
    0x0, 0x0, 0x0, 0x0, 0x0, 0x0, 0x0, 0x5d,
    0x93, 0xff, 0xff, 0x8f, 0x0, 0x0, 0x0, 0x0,
    0x0, 0x0, 0x0, 0x0, 0x0, 0x0, 0x0, 0x6d,
    0xff, 0xc1, 0x5f, 0x3, 0x0, 0x0, 0x0, 0x0,
    0x0, 0x0, 0x10, 0x81, 0xc5, 0xcb, 0x9e, 0x77,
    0x77, 0x7d, 0xbb, 0xd0, 0xa6, 0x33, 0x0, 0x0,
    0x0, 0x18, 0xd8, 0xff, 0xff, 0xff, 0xff, 0xff,
    0xff, 0xff, 0xff, 0xff, 0xff, 0xfa, 0x55, 0x0,
    0x0, 0xa9, 0xff, 0xff, 0xff, 0xff, 0xff, 0xff,
    0xff, 0xff, 0xff, 0xff, 0xff, 0xff, 0xf1, 0x17,
    0x15, 0xfc, 0xff, 0xff, 0xff, 0xff, 0xff, 0xff,
    0xff, 0xff, 0xff, 0xff, 0xff, 0xff, 0xff, 0x71,
    0x4a, 0xff, 0xff, 0xff, 0xff, 0xff, 0xff, 0xff,
    0xff, 0xff, 0xff, 0xff, 0xff, 0xff, 0xff, 0xaa,
    0x5e, 0xff, 0xff, 0xff, 0xff, 0xff, 0xff, 0xff,
    0xff, 0xff, 0xff, 0xff, 0xff, 0xff, 0xff, 0xbd,
    0x51, 0xff, 0xff, 0xff, 0xff, 0xff, 0xff, 0xff,
    0xff, 0xff, 0xff, 0xff, 0xff, 0xff, 0xff, 0xb0,
    0x25, 0xff, 0xff, 0xff, 0xff, 0xff, 0xff, 0xff,
    0xff, 0xff, 0xff, 0xff, 0xff, 0xff, 0xff, 0x82,
    0x0, 0xd7, 0xff, 0xff, 0xff, 0xff, 0xff, 0xff,
    0xff, 0xff, 0xff, 0xff, 0xff, 0xff, 0xff, 0x34,
    0x0, 0x61, 0xff, 0xff, 0xff, 0xff, 0xff, 0xff,
    0xff, 0xff, 0xff, 0xff, 0xff, 0xff, 0xbf, 0x0,
    0x0, 0x1, 0xb7, 0xff, 0xff, 0xff, 0xff, 0xff,
    0xff, 0xff, 0xff, 0xff, 0xff, 0xf0, 0x27, 0x0,
    0x0, 0x0, 0xc, 0xb1, 0xff, 0xff, 0xff, 0xff,
    0xfb, 0xff, 0xff, 0xff, 0xe4, 0x38, 0x0, 0x0,
    0x0, 0x0, 0x0, 0x0, 0x40, 0x83, 0x81, 0x3e,
    0x16, 0x6f, 0x8b, 0x63, 0xc, 0x0, 0x0, 0x0,

    /* U+1F34F "🍏" */
    0x0, 0x0, 0x0, 0x0, 0x0, 0x0, 0x0, 0x0,
    0x0, 0x11, 0x66, 0x75, 0x0, 0x0, 0x0, 0x0,
    0x0, 0x0, 0x0, 0x0, 0x0, 0x0, 0x0, 0x0,
    0x4e, 0xf1, 0xff, 0x9e, 0x0, 0x0, 0x0, 0x0,
    0x0, 0x0, 0x0, 0x0, 0x0, 0x0, 0xd, 0x51,
    0xf0, 0xff, 0xf0, 0x24, 0x0, 0x0, 0x0, 0x0,
    0x0, 0x0, 0x0, 0x0, 0x0, 0x0, 0x1, 0xfe,
    0xe8, 0xad, 0x2d, 0x0, 0x0, 0x0, 0x0, 0x0,
    0x0, 0x0, 0x1d, 0x89, 0x9c, 0x9b, 0x68, 0xa3,
    0x31, 0x8d, 0x9c, 0x9d, 0x58, 0x1, 0x0, 0x0,
    0x0, 0x35, 0xa6, 0x1e, 0x0, 0x1, 0x38, 0xff,
    0x71, 0xf, 0x0, 0x2, 0x5f, 0x9a, 0x1, 0x0,
    0x5, 0xae, 0x6, 0x0, 0x0, 0xd, 0x7d, 0xe6,
    0x6d, 0x53, 0x0, 0x0, 0x0, 0x5b, 0x5f, 0x0,
    0x4a, 0x5d, 0x0, 0x0, 0x0, 0x0, 0x23, 0x45,
    0x39, 0x9, 0x0, 0x0, 0x0, 0x0, 0xa6, 0x0,
    0x85, 0x1b, 0x0, 0x0, 0x0, 0x0, 0x0, 0x0,
    0x0, 0x0, 0x0, 0x0, 0x0, 0x0, 0x9b, 0x6,
    0x9a, 0x5, 0x0, 0x0, 0x0, 0x0, 0x0, 0x0,
    0x0, 0x0, 0x0, 0x0, 0x0, 0x0, 0x86, 0x19,
    0x8e, 0x11, 0x0, 0x0, 0x0, 0x0, 0x0, 0x0,
    0x0, 0x0, 0x0, 0x0, 0x0, 0x0, 0x91, 0xe,
    0x65, 0x3f, 0x0, 0x0, 0x0, 0x0, 0x0, 0x0,
    0x0, 0x0, 0x0, 0x0, 0x0, 0x0, 0xa4, 0x0,
    0x1d, 0x98, 0x0, 0x0, 0x0, 0x0, 0x0, 0x0,
    0x0, 0x0, 0x0, 0x0, 0x0, 0x16, 0x94, 0x0,
    0x0, 0xa6, 0x20, 0x0, 0x0, 0x0, 0x0, 0x0,
    0x0, 0x0, 0x0, 0x0, 0x0, 0x87, 0x2d, 0x0,
    0x0, 0x1f, 0xa9, 0x5, 0x0, 0x0, 0x0, 0x0,
    0x0, 0x0, 0x0, 0x0, 0x42, 0x84, 0x0, 0x0,
    0x0, 0x0, 0x37, 0xaa, 0x35, 0x3, 0x1e, 0x82,
    0x4b, 0x9, 0x10, 0x73, 0x91, 0x2, 0x0, 0x0,
    0x0, 0x0, 0x0, 0x11, 0x70, 0x99, 0x7f, 0x23,
    0x56, 0x93, 0x8e, 0x3d, 0x0, 0x0, 0x0, 0x0,

    /* U+1F351 "🍑" */
    0x0, 0x0, 0x0, 0x32, 0x71, 0x88, 0x6c, 0x1b,
    0x0, 0x0, 0x0, 0x2e, 0x77, 0x87, 0x65, 0x1e,
    0x0, 0x0, 0x0, 0x0, 0x0, 0x8e, 0xff, 0xff,
    0xff, 0xf7, 0x71, 0x7, 0x9f, 0xff, 0xff, 0xff,
    0xff, 0x4c, 0x0, 0x0, 0x0, 0x0, 0x0, 0x1f,
    0xff, 0xff, 0xeb, 0xff, 0xff, 0xff, 0xff, 0xff,
    0xef, 0xff, 0xe1, 0x8, 0x0, 0x0, 0x0, 0x0,
    0x3c, 0xa7, 0x21, 0x0, 0x0, 0x0, 0xc, 0xdd,
    0x2b, 0x0, 0x0, 0x0, 0x3c, 0xae, 0x19, 0x0,
    0x0, 0x1d, 0xa5, 0x3, 0x0, 0x0, 0x0, 0x0,
    0x0, 0x11, 0xa9, 0x0, 0x0, 0x0, 0x0, 0x17,
    0xab, 0x2, 0x0, 0x93, 0x1c, 0x0, 0x0, 0x0,
    0x0, 0x0, 0x0, 0x0, 0x82, 0x2d, 0x0, 0x0,
    0x0, 0x0, 0x54, 0x59, 0x0, 0xa3, 0x0, 0x0,
    0x0, 0x0, 0x0, 0x0, 0x0, 0x0, 0x2d, 0x79,
    0x0, 0x0, 0x0, 0x0, 0x5, 0x9e, 0x9, 0x96,
    0x0, 0x0, 0x0, 0x0, 0x0, 0x0, 0x0, 0x0,
    0x0, 0xa1, 0x0, 0x0, 0x0, 0x0, 0x0, 0x9f,
    0x1, 0x9e, 0x0, 0x0, 0x0, 0x0, 0x0, 0x0,
    0x0, 0x0, 0x0, 0xa0, 0x0, 0x0, 0x0, 0x0,
    0x0, 0x9f, 0x0, 0xa4, 0x0, 0x0, 0x0, 0x0,
    0x0, 0x0, 0x0, 0x0, 0x0, 0xa0, 0x0, 0x0,
    0x0, 0x0, 0x14, 0x8f, 0x0, 0x82, 0x27, 0x0,
    0x0, 0x0, 0x0, 0x0, 0x0, 0x0, 0x0, 0xa0,
    0x0, 0x0, 0x0, 0x0, 0x68, 0x41, 0x0, 0x16,
    0x9d, 0x0, 0x0, 0x0, 0x0, 0x0, 0x0, 0x0,
    0x1d, 0x86, 0x0, 0x0, 0x0, 0x8, 0xaa, 0x0,
    0x0, 0x0, 0x68, 0x5e, 0x0, 0x0, 0x0, 0x0,
    0x0, 0x0, 0x5f, 0x46, 0x0, 0x0, 0x0, 0x95,
    0x32, 0x0, 0x0, 0x0, 0x0, 0x8c, 0x55, 0x0,
    0x0, 0x0, 0x0, 0x0, 0xa5, 0x7, 0x0, 0x1,
    0x8a, 0x57, 0x0, 0x0, 0x0, 0x0, 0x0, 0x0,
    0x77, 0x8b, 0xa, 0x0, 0x0, 0x0, 0x3c, 0x0,
    0x1f, 0xa5, 0x48, 0x0, 0x0, 0x0, 0x0, 0x0,
    0x0, 0x0, 0x0, 0x2f, 0xa2, 0x82, 0x2f, 0x6,
    0x41, 0x95, 0x92, 0x15, 0x0, 0x0, 0x0, 0x0,
    0x0, 0x0, 0x0, 0x0, 0x0, 0x0, 0x0, 0x26,
    0x73, 0x9a, 0x62, 0x15, 0x0, 0x0, 0x0, 0x0,
    0x0, 0x0,

    /* U+1F352 "🍒" */
    0x0, 0x0, 0x0, 0x6, 0x4d, 0x80, 0x98, 0x8e,
    0x74, 0x43, 0x9, 0x0, 0x0, 0x0, 0x0, 0x5c,
    0xac, 0x5b, 0x1d, 0x7, 0x14, 0x36, 0x97, 0xb2,
    0x0, 0x0, 0x42, 0x95, 0x6c, 0x0, 0x0, 0x0,
    0x0, 0x0, 0x3c, 0x9f, 0x9, 0x0, 0x0, 0xa7,
    0xff, 0xdd, 0x50, 0x23, 0x1c, 0x44, 0x9b, 0x84,
    0x5, 0x0, 0x0, 0x0, 0x0, 0x81, 0x6e, 0xd1,
    0xff, 0xb0, 0x63, 0x19, 0x0, 0x0, 0x0, 0x0,
    0x0, 0x0, 0x3, 0xa1, 0x1, 0xc, 0x81, 0x82,
    0x6, 0x0, 0x0, 0x0, 0x0, 0x0, 0x0, 0x0,
    0x50, 0x49, 0x0, 0x0, 0x38, 0xa6, 0x7, 0x0,
    0x0, 0x0, 0x0, 0x0, 0x0, 0x7, 0x8e, 0x0,
    0x0, 0x0, 0x2d, 0x90, 0x0, 0x0, 0x0, 0x0,
    0x0, 0x0, 0x0, 0x99, 0x0, 0x0, 0x0, 0x4,
    0xac, 0x70, 0xa, 0x0, 0x0, 0x0, 0x19, 0x8b,
    0xff, 0xa3, 0x5d, 0x3b, 0xa9, 0x74, 0xda, 0x98,
    0x54, 0x0, 0x20, 0xaf, 0x22, 0x95, 0x5, 0x54,
    0xff, 0x5, 0x7e, 0xcd, 0x21, 0x89, 0x2f, 0xa0,
    0x13, 0x4a, 0xde, 0x96, 0x2, 0x65, 0x4b, 0x18,
    0x58, 0x23, 0x13, 0x90, 0xa1, 0x0, 0x0, 0x3,
    0x2, 0x0, 0xf, 0x94, 0x0, 0x0, 0x0, 0x0,
    0x9e, 0xa2, 0x0, 0x0, 0x0, 0x0, 0x0, 0x16,
    0x8c, 0x0, 0x0, 0x0, 0x39, 0x72, 0x95, 0x22,
    0x0, 0x0, 0x0, 0x0, 0xad, 0x95, 0x0, 0x0,
    0x23, 0xac, 0xc, 0x12, 0xaf, 0x45, 0x4, 0x10,
    0x77, 0x81, 0x6f, 0xa6, 0x9f, 0x8b, 0x10, 0x0,
    0x0, 0x9, 0x66, 0x9a, 0x91, 0x3e, 0x0, 0x0,
    0x0, 0x0, 0x0, 0x0, 0x0,

    /* U+1F353 "🍓" */
    0x0, 0x7, 0x74, 0x0, 0x0, 0x0, 0x0, 0x0,
    0x0, 0x0, 0x0, 0x0, 0x0, 0x0, 0x0, 0x0,
    0x0, 0x2e, 0xf0, 0x0, 0x0, 0x0, 0x20, 0x50,
    0x5c, 0x40, 0x0, 0x0, 0x0, 0x0, 0x0, 0x0,
    0x0, 0x1a, 0xff, 0x33, 0x38, 0xc3, 0xff, 0xff,
    0xff, 0xff, 0x94, 0x33, 0x0, 0x0, 0x0, 0x0,
    0x0, 0x0, 0xa6, 0xf5, 0xfc, 0xff, 0xff, 0xff,
    0x89, 0x1, 0x15, 0x83, 0x8e, 0x4, 0x0, 0x0,
    0x0, 0x0, 0x5d, 0xff, 0xff, 0xff, 0xff, 0xff,
    0xf5, 0x5e, 0x1a, 0x44, 0x45, 0x90, 0x0, 0x0,
    0x0, 0x13, 0xea, 0xff, 0xff, 0xff, 0xff, 0xff,
    0xff, 0xc8, 0x8, 0x3f, 0x0, 0x7d, 0x37, 0x0,
    0x0, 0x7e, 0xff, 0xff, 0xff, 0xff, 0xff, 0xd1,
    0x7, 0x0, 0x0, 0x0, 0x0, 0x13, 0x94, 0x0,
    0x0, 0xe4, 0xff, 0xff, 0xff, 0xff, 0xff, 0xfa,
    0x1, 0x4a, 0x17, 0x0, 0x15, 0x0, 0xa5, 0x0,
    0x20, 0xff, 0xf3, 0xf9, 0xff, 0x90, 0xb7, 0xcc,
    0x5, 0x26, 0x27, 0x0, 0x8e, 0x0, 0x9f, 0x0,
    0x19, 0xff, 0x1a, 0xc1, 0xf5, 0x12, 0x15, 0x18,
    0x0, 0x0, 0x0, 0x0, 0x0, 0x0, 0xa2, 0x0,
    0x0, 0x7f, 0x22, 0x21, 0x57, 0x0, 0x19, 0x57,
    0x0, 0x15, 0x2a, 0x0, 0x0, 0x0, 0xa3, 0x0,
    0x0, 0x3c, 0x74, 0x0, 0x7a, 0x4, 0x0, 0x0,
    0x0, 0x8, 0x4a, 0x0, 0x6e, 0x13, 0x9c, 0x5,
    0x0, 0x0, 0xac, 0x1e, 0x20, 0x3, 0x68, 0xb,
    0x0, 0x0, 0x0, 0x0, 0x17, 0x8, 0x73, 0x25,
    0x0, 0x0, 0x17, 0xb4, 0x27, 0x0, 0x45, 0x21,
    0x0, 0x0, 0x9, 0x0, 0x0, 0x0, 0x67, 0x33,
    0x0, 0x0, 0x0, 0x10, 0x98, 0x8b, 0x33, 0x2,
    0x0, 0x0, 0x74, 0x27, 0x0, 0x0, 0x99, 0xd,
    0x0, 0x0, 0x0, 0x0, 0x0, 0x23, 0x72, 0xa1,
    0xa5, 0x72, 0x30, 0x5, 0x10, 0x70, 0x73, 0x0,
    0x0, 0x0, 0x0, 0x0, 0x0, 0x0, 0x0, 0x0,
    0x2, 0x36, 0x76, 0x9a, 0x89, 0x3f, 0x0, 0x0,

    /* U+1F354 "🍔" */
    0x0, 0x0, 0x0, 0x0, 0x8, 0x47, 0x7c, 0x91,
    0x93, 0x80, 0x4f, 0xe, 0x0, 0x0, 0x0, 0x0,
    0x0, 0x0, 0x4, 0x78, 0xa7, 0x5f, 0x24, 0xa,
    0x7, 0x1f, 0x56, 0xa0, 0x8a, 0xb, 0x0, 0x0,
    0x0, 0x5, 0xa2, 0x47, 0x0, 0x0, 0x10, 0x3a,
    0x0, 0x45, 0x0, 0x0, 0x32, 0xac, 0x10, 0x0,
    0x0, 0x7b, 0x3a, 0x0, 0x42, 0x0, 0xb, 0x0,
    0xe, 0x1, 0x3, 0x44, 0x0, 0x23, 0x92, 0x0,
    0x0, 0xa3, 0x0, 0x0, 0x0, 0x0, 0x41, 0x0,
    0x39, 0x0, 0x0, 0x0, 0x0, 0x0, 0x96, 0xc,
    0x1, 0x9c, 0x0, 0x0, 0x0, 0x0, 0x0, 0x0,
    0x0, 0x0, 0x0, 0x0, 0x0, 0x0, 0x82, 0x1e,
    0x0, 0xbb, 0x1a, 0x0, 0x0, 0x0, 0x0, 0x0,
    0x0, 0x0, 0x0, 0x0, 0x0, 0xc, 0xf2, 0x9a,
    0x8b, 0x57, 0xa1, 0x72, 0x22, 0x0, 0x0, 0x0,
    0x0, 0x0, 0x0, 0x1a, 0x64, 0xa6, 0x56, 0xa6,
    0x75, 0x8b, 0x1a, 0x2e, 0x79, 0x99, 0x99, 0x9a,
    0x9a, 0x98, 0x99, 0x7f, 0x39, 0x0, 0x6c, 0x38,
    0x4, 0xca, 0xff, 0x43, 0x1c, 0x1e, 0x0, 0x0,
    0x5, 0x24, 0xe, 0x0, 0x77, 0xff, 0xff, 0xc,
    0x62, 0x80, 0x65, 0xff, 0xff, 0xff, 0xf7, 0xff,
    0xff, 0xff, 0xff, 0xff, 0xff, 0x3a, 0xe3, 0x19,
    0x4, 0xff, 0xff, 0x8b, 0x2d, 0x5e, 0x7b, 0x8c,
    0x8d, 0x7a, 0x53, 0x19, 0xa3, 0xff, 0xff, 0x0,
    0x0, 0xff, 0xff, 0xff, 0xff, 0xa3, 0x3, 0x0,
    0x0, 0x0, 0x74, 0xff, 0xff, 0xf8, 0xf3, 0x0,
    0x0, 0x9a, 0x3b, 0x95, 0xf6, 0xff, 0xff, 0xad,
    0x4f, 0xff, 0xff, 0xfa, 0xab, 0x2e, 0xa8, 0x0,
    0x0, 0x26, 0xa6, 0x13, 0xb, 0x43, 0x6d, 0xad,
    0xfb, 0x7f, 0x47, 0xd, 0xa, 0x9b, 0x3f, 0x0,
    0x0, 0x0, 0x1f, 0x9c, 0x89, 0x40, 0x1f, 0x7,
    0x4, 0x1c, 0x3a, 0x7f, 0xa4, 0x30, 0x0, 0x0,
    0x0, 0x0, 0x0, 0x0, 0x19, 0x5e, 0x89, 0x9b,
    0x9c, 0x8d, 0x65, 0x23, 0x0, 0x0, 0x0, 0x0,

    /* U+1F355 "🍕" */
    0x0, 0x0, 0x0, 0x0, 0x0, 0x0, 0x3, 0x3b,
    0x72, 0x90, 0x99, 0x7b, 0x1d, 0x0, 0x0, 0x0,
    0x0, 0x0, 0x14, 0x84, 0xa9, 0x6d, 0x33, 0xf,
    0x5, 0x23, 0xa7, 0x6, 0x0, 0x0, 0x0, 0x5e,
    0xa9, 0x2e, 0x0, 0x0, 0x0, 0x0, 0x0, 0x3,
    0x74, 0x21, 0x0, 0x0, 0x86, 0x6f, 0x0, 0x0,
    0x0, 0x29, 0x5f, 0x86, 0xa0, 0xb5, 0xd8, 0x1,
    0x0, 0x72, 0x60, 0x0, 0x0, 0x1, 0x8b, 0x6b,
    0x29, 0x11, 0x86, 0x83, 0x87, 0x0, 0x1e, 0x9b,
    0x0, 0x0, 0x4, 0x8d, 0x42, 0x0, 0x0, 0x59,
    0xff, 0xff, 0xc4, 0x0, 0x7b, 0x2c, 0x0, 0x47,
    0xa0, 0x3b, 0x0, 0x0, 0x0, 0x19, 0xc0, 0xa9,
    0x9f, 0x0, 0x9e, 0x1, 0x25, 0xae, 0xd, 0xb6,
    0xae, 0x7, 0x6c, 0xb9, 0x21, 0x0, 0x90, 0x7,
    0x7d, 0x39, 0x8d, 0x9c, 0x92, 0xff, 0xff, 0x28,
    0xce, 0xff, 0x5e, 0x52, 0xff, 0x32, 0x9, 0x81,
    0xdc, 0x7f, 0x61, 0xde, 0x66, 0x0, 0x20, 0x51,
    0x3, 0xb5, 0xff, 0x7a, 0x0, 0x0, 0x0, 0x5c,
    0x8b, 0x4b, 0x84, 0x59, 0x9e, 0x0, 0x0, 0x35,
    0xb5, 0xb0, 0x0, 0x0, 0x0, 0x0, 0x4a, 0x9d,
    0x40, 0xde, 0xae, 0x0, 0x5, 0x90, 0x29, 0x97,
    0x0, 0x0, 0x0, 0x0, 0x0, 0x35, 0xab, 0xa9,
    0x0, 0x8, 0x1d, 0xfb, 0x65, 0x97, 0x0, 0x0,
    0x0, 0x0, 0x0, 0x0, 0x1e, 0xf4, 0x0, 0xbf,
    0x8c, 0x22, 0x0, 0x97, 0x0, 0x0, 0x0, 0x0,
    0x0, 0x0, 0x0, 0x94, 0x0, 0xd0, 0x3a, 0x8d,
    0x82, 0xb5, 0x0, 0x0, 0x0, 0x0, 0x0, 0x0,
    0x0, 0x92, 0x23, 0xa6, 0x9a, 0x8e, 0x35, 0xbb,
    0x0, 0x0, 0x0, 0x0, 0x0, 0x0, 0x0, 0x33,
    0x99, 0x1d, 0x0, 0x24, 0x88, 0x58,

    /* U+1F356 "🍖" */
    0x0, 0x1, 0x90, 0x9e, 0x15, 0x0, 0x0, 0x0,
    0x0, 0x0, 0x0, 0x0, 0x0, 0x0, 0x0, 0x0,
    0x1c, 0x96, 0x6b, 0x40, 0x56, 0x0, 0x0, 0x0,
    0x0, 0x0, 0x0, 0x0, 0x0, 0x0, 0x0, 0x0,
    0x91, 0x19, 0x1, 0x20, 0x91, 0x2, 0x3d, 0x63,
    0x44, 0x2, 0x0, 0x0, 0x0, 0x0, 0x0, 0x0,
    0x69, 0x98, 0x3e, 0x0, 0xb2, 0xea, 0xff, 0xff,
    0xff, 0xce, 0x15, 0x0, 0x0, 0x0, 0x0, 0x0,
    0x0, 0x1c, 0x99, 0xa6, 0xff, 0xff, 0xff, 0xff,
    0xff, 0xff, 0xa7, 0x0, 0x0, 0x0, 0x0, 0x0,
    0x0, 0x0, 0x46, 0xff, 0xff, 0xff, 0xff, 0xff,
    0xff, 0xff, 0xff, 0x7e, 0x6, 0x0, 0x0, 0x0,
    0x0, 0x0, 0xbe, 0xff, 0xff, 0xff, 0xff, 0xff,
    0xff, 0xff, 0xff, 0xff, 0xe1, 0x45, 0x0, 0x0,
    0x0, 0x3, 0xf9, 0xff, 0xff, 0xff, 0xff, 0xff,
    0xda, 0x66, 0x25, 0x18, 0x49, 0xc9, 0x40, 0x0,
    0x0, 0x18, 0xff, 0xff, 0xff, 0xff, 0xff, 0xac,
    0x19, 0x89, 0xb8, 0x40, 0xe4, 0x45, 0xb6, 0x0,
    0x0, 0x4, 0xea, 0xff, 0xff, 0xff, 0xc2, 0x2b,
    0xdd, 0xff, 0xff, 0x81, 0xff, 0xb1, 0x9c, 0x7,
    0x0, 0x0, 0x46, 0xf9, 0xff, 0xfe, 0x3a, 0xde,
    0xff, 0xff, 0xff, 0xff, 0xff, 0x93, 0xa1, 0x1,
    0x0, 0x0, 0x0, 0x33, 0xe6, 0xc3, 0x11, 0xa0,
    0xbe, 0xff, 0x8, 0x4e, 0x87, 0x3, 0xa1, 0x0,
    0x0, 0x0, 0x0, 0x0, 0x53, 0x9f, 0x33, 0xc3,
    0xdc, 0xff, 0x7f, 0x0, 0x53, 0xc4, 0x97, 0x1,
    0x0, 0x0, 0x0, 0x0, 0x3, 0xaa, 0x30, 0xee,
    0xff, 0xff, 0xc9, 0x2f, 0x0, 0x4, 0x7a, 0x3c,
    0x0, 0x0, 0x0, 0x0, 0x0, 0x44, 0x7e, 0x17,
    0x5c, 0x56, 0x14, 0xbc, 0x0, 0x44, 0xaa, 0x1f,
    0x0, 0x0, 0x0, 0x0, 0x0, 0x0, 0x3a, 0xa9,
    0xa0, 0xa6, 0xa9, 0xe4, 0x2, 0xa1, 0x26, 0x0,
    0x0, 0x0, 0x0, 0x0, 0x0, 0x0, 0x0, 0x0,
    0x4, 0x0, 0x0, 0x4e, 0x9d, 0x3e, 0x0, 0x0,

    /* U+1F357 "🍗" */
    0x0, 0x0, 0x64, 0x65, 0x0, 0x0, 0x0, 0x0,
    0x0, 0x0, 0x0, 0x0, 0x0, 0x0, 0x0, 0x0,
    0x0, 0x1d, 0x94, 0x6c, 0x42, 0x0, 0x0, 0x0,
    0x0, 0x0, 0x0, 0x0, 0x0, 0x0, 0x0, 0x0,
    0x22, 0xab, 0x2f, 0x6, 0xa5, 0x0, 0x0, 0x0,
    0x0, 0x0, 0x0, 0x0, 0x0, 0x0, 0x0, 0x0,
    0x9b, 0x18, 0x0, 0x0, 0x7e, 0x35, 0x0, 0x0,
    0x0, 0x0, 0x0, 0x0, 0x0, 0x0, 0x0, 0x0,
    0x31, 0xa9, 0x39, 0x0, 0x20, 0xd0, 0xd, 0x0,
    0x0, 0x0, 0x0, 0x0, 0x0, 0x0, 0x0, 0x0,
    0x0, 0x9, 0x75, 0xa0, 0xc6, 0xff, 0xce, 0x31,
    0x0, 0x0, 0x0, 0x0, 0x0, 0x0, 0x0, 0x0,
    0x0, 0x0, 0x0, 0x17, 0xc8, 0xff, 0xff, 0xfe,
    0xba, 0x4f, 0x4, 0x0, 0x0, 0x0, 0x0, 0x0,
    0x0, 0x0, 0x0, 0x0, 0x1d, 0xf8, 0xff, 0xff,
    0xff, 0xff, 0xec, 0x97, 0x32, 0x0, 0x0, 0x0,
    0x0, 0x0, 0x0, 0x0, 0x0, 0xa7, 0xff, 0xba,
    0xff, 0xff, 0xff, 0xff, 0xff, 0xa7, 0xd, 0x0,
    0x0, 0x0, 0x0, 0x0, 0x0, 0x5d, 0xff, 0x86,
    0xfd, 0xff, 0xff, 0xff, 0xff, 0xff, 0xcd, 0x9,
    0x0, 0x0, 0x0, 0x0, 0x0, 0x27, 0xff, 0xff,
    0xff, 0xff, 0xff, 0xff, 0xff, 0xff, 0xff, 0x7d,
    0x0, 0x0, 0x0, 0x0, 0x0, 0x1, 0xf2, 0xff,
    0xc8, 0xff, 0xff, 0xff, 0xff, 0xff, 0xff, 0xd3,
    0x0, 0x0, 0x0, 0x0, 0x0, 0x0, 0xab, 0xff,
    0x7e, 0xff, 0xff, 0xff, 0xff, 0xff, 0xff, 0xf4,
    0x0, 0x0, 0x0, 0x0, 0x0, 0x0, 0x44, 0xff,
    0xff, 0xf3, 0xe5, 0xff, 0xff, 0xff, 0xff, 0xe0,
    0x0, 0x0, 0x0, 0x0, 0x0, 0x0, 0x0, 0xac,
    0xff, 0xf2, 0x68, 0xfc, 0xff, 0xff, 0xff, 0x88,
    0x0, 0x0, 0x0, 0x0, 0x0, 0x0, 0x0, 0x9,
    0xad, 0xff, 0xff, 0xff, 0xff, 0xff, 0xbe, 0x9,
    0x0, 0x0, 0x0, 0x0, 0x0, 0x0, 0x0, 0x0,
    0x0, 0x35, 0x7e, 0x9b, 0x8e, 0x4f, 0x2, 0x0,

    /* U+1F35F "🍟" */
    0x0, 0x0, 0x0, 0x0, 0x1, 0x81, 0x74, 0x61,
    0x0, 0x7, 0x0, 0x0, 0x0, 0x0, 0x0, 0x0,
    0x1a, 0x80, 0x8e, 0x79, 0x0, 0x96, 0x9b, 0xb7,
    0x78, 0x4e, 0xb, 0x0, 0x0, 0x32, 0x3e, 0x75,
    0x5c, 0xa0, 0x4, 0x81, 0x62, 0x74, 0x0, 0xb5,
    0x9a, 0x6a, 0x44, 0x7a, 0x85, 0x7d, 0xd, 0xbe,
    0x22, 0x5f, 0x70, 0xa4, 0x9, 0xf3, 0x12, 0x6e,
    0x8, 0x7b, 0x63, 0x85, 0xae, 0xa3, 0xae, 0x8a,
    0x98, 0x9a, 0x91, 0xf4, 0x50, 0x25, 0x0, 0x77,
    0x13, 0xff, 0x19, 0x90, 0x85, 0x2, 0xa0, 0x48,
    0x8c, 0x82, 0x79, 0x0, 0x0, 0x27, 0x56, 0xf9,
    0x0, 0x7d, 0x7c, 0x23, 0xc4, 0x5, 0xba, 0x48,
    0x79, 0x0, 0x0, 0x0, 0xaf, 0xa1, 0x20, 0x92,
    0x5f, 0x48, 0x96, 0x31, 0xab, 0x4b, 0x89, 0x0,
    0x0, 0x0, 0xff, 0xff, 0xa6, 0xa6, 0x4b, 0x67,
    0x73, 0x77, 0xe0, 0xff, 0x57, 0x0, 0x0, 0x0,
    0x63, 0xff, 0xff, 0xff, 0x79, 0xc4, 0x8a, 0xff,
    0xf9, 0xff, 0x26, 0x0, 0x0, 0x0, 0x34, 0xff,
    0xff, 0xff, 0xff, 0xff, 0xff, 0xff, 0x73, 0xf4,
    0x2, 0x0, 0x0, 0x0, 0x8, 0xfb, 0xff, 0xff,
    0xff, 0xff, 0xff, 0xff, 0x67, 0xc7, 0x0, 0x0,
    0x0, 0x0, 0x0, 0xd4, 0xff, 0xff, 0xff, 0xff,
    0xff, 0xff, 0x6b, 0x97, 0x0, 0x0, 0x0, 0x0,
    0x0, 0xa5, 0xff, 0xff, 0xff, 0xff, 0xff, 0xec,
    0x82, 0x68, 0x0, 0x0, 0x0, 0x0, 0x0, 0x75,
    0xff, 0xff, 0xff, 0xff, 0xff, 0xc1, 0xac, 0x38,
    0x0, 0x0, 0x0, 0x0, 0x0, 0x43, 0xff, 0xff,
    0xff, 0xff, 0xb9, 0x6a, 0xf1, 0xb, 0x0, 0x0,
    0x0, 0x0, 0x0, 0x1, 0x7d, 0xc2, 0xd6, 0xda,
    0xd3, 0xb8, 0x58, 0x0, 0x0, 0x0,

    /* U+1F363 "🍣" */
    0x0, 0x0, 0x0, 0x0, 0x6, 0x47, 0x92, 0xdc,
    0x8e, 0x75, 0x3d, 0x4, 0x0, 0x0, 0x0, 0x0,
    0x0, 0x0, 0x0, 0x50, 0xa5, 0x8d, 0xb8, 0x20,
    0x16, 0x8f, 0xff, 0xff, 0x76, 0x5, 0x0, 0x0,
    0x0, 0x0, 0x4b, 0x89, 0x2f, 0x89, 0x1, 0x22,
    0xab, 0x49, 0x1, 0x0, 0x40, 0xad, 0x16, 0x0,
    0x0, 0x0, 0xaa, 0x9, 0x9a, 0x11, 0x19, 0xa7,
    0xd, 0x0, 0x12, 0x83, 0xa0, 0xb8, 0xec, 0x6,
    0x0, 0x0, 0xab, 0xc7, 0xca, 0x7d, 0x8c, 0xb3,
    0x7d, 0x3f, 0xa6, 0x23, 0x0, 0x0, 0x44, 0x72,
    0x0, 0x0, 0x28, 0xd4, 0x0, 0x45, 0x15, 0x2f,
    0x3e, 0xab, 0x6f, 0x0, 0x2d, 0x9c, 0xa0, 0xfb,
    0x0, 0x0, 0x2f, 0xff, 0xa3, 0xa9, 0x9a, 0x67,
    0x3d, 0x0, 0x4c, 0xb7, 0xae, 0xd, 0x0, 0xa0,
    0x29, 0xce, 0x94, 0xff, 0xff, 0xff, 0xff, 0xff,
    0xfa, 0xab, 0x2e, 0x15, 0x9e, 0x67, 0xf, 0xaf,
    0xca, 0xd1, 0x4c, 0xed, 0xff, 0xff, 0xff, 0xff,
    0xff, 0xff, 0xfb, 0x89, 0x6, 0x80, 0xdf, 0x3c,
    0xb7, 0xff, 0xb2, 0x5d, 0x51, 0xfd, 0xff, 0xff,
    0xff, 0xff, 0xff, 0xff, 0xf9, 0xa3, 0x3, 0x0,
    0x5a, 0x68, 0x7a, 0xcf, 0xff, 0xff, 0xff, 0xff,
    0xff, 0xff, 0xff, 0xff, 0xff, 0xa9, 0x0, 0x0,
    0x38, 0x67, 0x48, 0x1, 0x57, 0xb1, 0xff, 0xff,
    0xff, 0xff, 0xff, 0xff, 0xff, 0xe9, 0x0, 0x0,
    0x3, 0xa2, 0x47, 0x0, 0x21, 0x15, 0x41, 0xcf,
    0xff, 0xff, 0xff, 0xfd, 0xa8, 0x8d, 0x0, 0x0,
    0x0, 0x3, 0x76, 0x96, 0x1c, 0x25, 0x0, 0x1,
    0x4a, 0x88, 0x75, 0x29, 0x6, 0x99, 0x0, 0x0,
    0x0, 0x0, 0x0, 0x1e, 0x9a, 0x7b, 0xc, 0x0,
    0x0, 0x0, 0x0, 0x1, 0x8b, 0x4b, 0x0, 0x0,
    0x0, 0x0, 0x0, 0x0, 0x0, 0x32, 0x9f, 0x8b,
    0x2e, 0x3, 0x35, 0xa7, 0x4c, 0x0, 0x0, 0x0,
    0x0, 0x0, 0x0, 0x0, 0x0, 0x0, 0x0, 0x1f,
    0x78, 0x9f, 0x7a, 0x11, 0x0, 0x0, 0x0, 0x0,

    /* U+1F364 "🍤" */
    0x0, 0x0, 0x0, 0x0, 0x0, 0x0, 0x0, 0x0,
    0x0, 0x18, 0x81, 0x81, 0xa3, 0x80, 0x5c, 0x13,
    0x0, 0x0, 0x0, 0x0, 0x0, 0x0, 0x0, 0x0,
    0x0, 0x0, 0x0, 0x0, 0x41, 0xb4, 0x22, 0x21,
    0x0, 0x2c, 0x44, 0xa8, 0x6, 0x0, 0x0, 0x0,
    0x0, 0x0, 0x0, 0x0, 0x0, 0x0, 0x0, 0x5,
    0xa5, 0x5, 0x0, 0x0, 0x0, 0x0, 0x0, 0x4b,
    0xb7, 0x2c, 0x0, 0x0, 0x0, 0x0, 0x47, 0xa6,
    0x56, 0x69, 0x1, 0x34, 0x6c, 0x0, 0x0, 0x0,
    0x0, 0x0, 0x0, 0x0, 0x1b, 0x8d, 0x0, 0x0,
    0x0, 0x4a, 0xd5, 0xd5, 0xff, 0xfb, 0x40, 0x8c,
    0x10, 0x0, 0x0, 0x0, 0x0, 0x0, 0x1, 0x91,
    0x0, 0x8a, 0x69, 0x0, 0x29, 0xff, 0xff, 0x7e,
    0xf2, 0x80, 0x5a, 0x36, 0x6d, 0x0, 0x0, 0x0,
    0x0, 0x0, 0x0, 0x26, 0x0, 0x1, 0xbf, 0x0,
    0x14, 0xfb, 0x86, 0xd4, 0xad, 0x8b, 0x4d, 0x11,
    0x86, 0x0, 0x0, 0x0, 0x0, 0x0, 0x0, 0x0,
    0x0, 0x0, 0x9c, 0x54, 0x0, 0x8c, 0xcb, 0xa9,
    0xf6, 0xcb, 0x35, 0x0, 0x7f, 0x94, 0x4f, 0x7,
    0x8, 0x0, 0x0, 0x0, 0x43, 0x5, 0x0, 0xa5,
    0x0, 0x3, 0xad, 0xf1, 0xff, 0xff, 0x30, 0x0,
    0x0, 0x6, 0x61, 0x92, 0x9d, 0xb, 0x0, 0x0,
    0x82, 0x11, 0x3e, 0x73, 0x0, 0x0, 0x1, 0xa6,
    0xff, 0xff, 0xeb, 0x3b, 0x0, 0x0, 0x0, 0x0,
    0x79, 0x33, 0x0, 0x0, 0x0, 0x0, 0x11, 0x89,
    0x0, 0x0, 0x0, 0x4e, 0xff, 0xff, 0xff, 0xf0,
    0x6d, 0x76, 0x32, 0xa0, 0xe0, 0x2, 0x0, 0x0,
    0x0, 0x0, 0x82, 0x4a, 0x0, 0x0, 0x0, 0x9,
    0xe8, 0xff, 0xff, 0xff, 0x6d, 0x30, 0x79, 0x2a,
    0xe, 0x0, 0x0, 0x0, 0x0, 0x0, 0xb8, 0x0,
    0x0, 0x0, 0x0, 0x0, 0x6c, 0xff, 0xff, 0xff,
    0x44, 0x0, 0x0, 0x0, 0x1, 0x12, 0x0, 0x0,
    0x1b, 0x87, 0x81, 0x0, 0x0, 0x0, 0x0, 0x0,
    0x0, 0xa9, 0xff, 0xf8, 0x1b, 0xc, 0x3, 0x0,
    0x7d, 0x30, 0x0, 0x0, 0x91, 0x3f, 0x0, 0x0,
    0x0, 0x0, 0x0, 0x0, 0x0, 0x5, 0x9e, 0x73,
    0x0, 0x32, 0x7d, 0x0, 0x0, 0x0, 0x27, 0x5f,
    0xa1, 0x0, 0x0, 0x0, 0x0, 0x0, 0x0, 0x0,
    0x0, 0x0, 0x0, 0xa8, 0x83, 0x2c, 0x2d, 0x15,
    0x3d, 0x5b, 0xaf, 0x44, 0x3, 0x0, 0x0, 0x0,
    0x0, 0x0, 0x0, 0x0, 0x0, 0x0, 0x0, 0x0,
    0x15, 0x73, 0x72, 0x8f, 0x59, 0x59, 0x6, 0x0,
    0x0, 0x0, 0x0, 0x0,

    /* U+1F36B "🍫" */
    0x0, 0x0, 0x0, 0x0, 0x1, 0x70, 0x1c, 0x0,
    0x0, 0x0, 0x0, 0x0, 0x0, 0x0, 0x0, 0x0,
    0x0, 0x0, 0x0, 0x0, 0x0, 0x97, 0xff, 0xdb,
    0x1c, 0x0, 0x0, 0x0, 0x0, 0x0, 0x0, 0x0,
    0x0, 0x0, 0x0, 0x0, 0x0, 0x93, 0xff, 0xf3,
    0xdf, 0xdc, 0x1c, 0x0, 0x0, 0x0, 0x0, 0x0,
    0x0, 0x0, 0x0, 0x0, 0x0, 0x8f, 0xff, 0xb6,
    0x46, 0xdf, 0xff, 0xdc, 0x1d, 0x0, 0x0, 0x0,
    0x0, 0x0, 0x0, 0x0, 0x0, 0x8c, 0xff, 0xff,
    0xff, 0xed, 0xfa, 0xc9, 0xe5, 0xdd, 0x41, 0x1b,
    0x0, 0x0, 0x0, 0x0, 0x0, 0x82, 0xff, 0xc1,
    0x7a, 0xff, 0xff, 0x94, 0x64, 0xfc, 0xff, 0x92,
    0xab, 0x7, 0x0, 0x0, 0x0, 0x0, 0x95, 0xff,
    0x84, 0xde, 0xff, 0xfe, 0xff, 0xfd, 0xea, 0x5f,
    0x0, 0x6e, 0x3b, 0x0, 0x0, 0x0, 0x0, 0x2,
    0x9e, 0xff, 0xf4, 0x8b, 0x80, 0xff, 0xdf, 0x4f,
    0x0, 0x1e, 0xa1, 0xf2, 0x16, 0x0, 0x0, 0x0,
    0x0, 0x2, 0x9e, 0xff, 0xa4, 0xfc, 0xf0, 0xc,
    0x0, 0x5f, 0x95, 0x22, 0x1c, 0xb0, 0x15, 0x0,
    0x0, 0x0, 0x0, 0x2, 0x9e, 0xff, 0xff, 0x8d,
    0x0, 0x0, 0x9a, 0x6, 0x0, 0x0, 0x1d, 0xb0,
    0x15, 0x0, 0x0, 0x0, 0x0, 0x2, 0xa6, 0x7e,
    0x1e, 0x54, 0x89, 0xb7, 0x0, 0x0, 0x0, 0x0,
    0x1d, 0xb1, 0xa, 0x0, 0x0, 0x0, 0x0, 0x19,
    0xe2, 0xe3, 0x4f, 0x1b, 0x0, 0x0, 0x0, 0x0,
    0x0, 0x18, 0xb1, 0xb, 0x0, 0x0, 0x0, 0x0,
    0x0, 0x34, 0x8f, 0x50, 0x0, 0x0, 0x0, 0x0,
    0x0, 0x16, 0xaf, 0x18, 0x0, 0x0, 0x0, 0x0,
    0x0, 0x0, 0x0, 0x0, 0x8f, 0x50, 0x0, 0x0,
    0x0, 0x14, 0xaf, 0x1b, 0x0, 0x0, 0x0, 0x0,
    0x0, 0x0, 0x0, 0x0, 0x0, 0x0, 0x90, 0x50,
    0x0, 0x12, 0xaf, 0x1e, 0x0, 0x0, 0x0, 0x0,
    0x0, 0x0, 0x0, 0x0, 0x0, 0x0, 0x0, 0x1,
    0x90, 0x63, 0xaf, 0x20, 0x0, 0x0, 0x0, 0x0,
    0x0, 0x0, 0x0, 0x0, 0x0, 0x0, 0x0, 0x0,
    0x0, 0x1, 0x75, 0x23, 0x0, 0x0, 0x0, 0x0,
    0x0,

    /* U+1F36D "🍭" */
    0x0, 0x0, 0x0, 0xb, 0x57, 0x89, 0x93, 0x73,
    0x26, 0x0, 0x0, 0x0, 0x0, 0x0, 0x0, 0x0,
    0x0, 0x0, 0x0, 0x56, 0xa3, 0x4a, 0x12, 0x7,
    0x2d, 0x85, 0x97, 0xb, 0x0, 0x0, 0x0, 0x0,
    0x0, 0x0, 0x0, 0x66, 0x71, 0x0, 0x2f, 0x84,
    0x90, 0x55, 0x2, 0x30, 0xb7, 0x8, 0x0, 0x0,
    0x0, 0x0, 0x0, 0x26, 0x91, 0x0, 0x75, 0x86,
    0x1c, 0xb, 0x54, 0xa1, 0x4, 0x5e, 0x8b, 0x0,
    0x0, 0x0, 0x0, 0x0, 0x95, 0x14, 0x35, 0x7c,
    0x0, 0x0, 0x1, 0x0, 0x43, 0x71, 0x5, 0xe8,
    0xc, 0x0, 0x0, 0x0, 0x0, 0xa2, 0x0, 0x9e,
    0xb, 0x38, 0xab, 0xa5, 0x5e, 0x0, 0xa2, 0x0,
    0xcd, 0x4a, 0x0, 0x0, 0x0, 0x0, 0x9f, 0x0,
    0xa1, 0x0, 0xa9, 0xa, 0x5f, 0xa7, 0x0, 0xa0,
    0x0, 0xd9, 0x64, 0x0, 0x0, 0x0, 0x0, 0xa0,
    0x0, 0xa1, 0x0, 0xa1, 0x1e, 0xca, 0x59, 0x2c,
    0x8c, 0x1b, 0xfb, 0x57, 0x0, 0x0, 0x0, 0x0,
    0xa3, 0x2, 0x72, 0x3c, 0x7a, 0x62, 0x15, 0x3f,
    0xb9, 0x12, 0xa0, 0xd5, 0x22, 0x0, 0x0, 0x0,
    0x0, 0x56, 0x5f, 0x8, 0xaa, 0x28, 0x4f, 0x88,
    0x66, 0x1c, 0x99, 0x89, 0xad, 0x0, 0x0, 0x0,
    0x0, 0x0, 0x1, 0xa5, 0x2a, 0xb, 0x87, 0x9e,
    0x9d, 0xa2, 0xa0, 0x3b, 0xff, 0x78, 0x0, 0x0,
    0x0, 0x0, 0x0, 0x0, 0xd, 0xa5, 0x5c, 0x2,
    0x0, 0x0, 0x0, 0x27, 0xa1, 0xf8, 0xf9, 0x4d,
    0x0, 0x0, 0x0, 0x0, 0x0, 0x0, 0x1, 0x55,
    0xa0, 0x9c, 0x9a, 0x9a, 0x82, 0x14, 0x8, 0xba,
    0xf9, 0x4e, 0x0, 0x0, 0x0, 0x0, 0x0, 0x0,
    0x0, 0x0, 0x0, 0x0, 0x0, 0x0, 0x0, 0x0,
    0x9, 0xbe, 0xfa, 0x50, 0x0, 0x0, 0x0, 0x0,
    0x0, 0x0, 0x0, 0x0, 0x0, 0x0, 0x0, 0x0,
    0x0, 0x0, 0xb, 0xc2, 0xfa, 0x52, 0x0, 0x0,
    0x0, 0x0, 0x0, 0x0, 0x0, 0x0, 0x0, 0x0,
    0x0, 0x0, 0x0, 0x0, 0xc, 0xc5, 0xfa, 0x24,
    0x0, 0x0, 0x0, 0x0, 0x0, 0x0, 0x0, 0x0,
    0x0, 0x0, 0x0, 0x0, 0x0, 0x0, 0xe, 0x5d,
    0x0,

    /* U+1F36E "🍮" */
    0x0, 0x0, 0x0, 0x0, 0x0, 0x0, 0x0, 0x8,
    0x22, 0x28, 0xd, 0x0, 0x0, 0x0, 0x0, 0x0,
    0x0, 0x0, 0x0, 0x0, 0x0, 0x0, 0x0, 0x4,
    0x6a, 0xc8, 0xff, 0xff, 0xff, 0xff, 0xdb, 0x82,
    0x11, 0x0, 0x0, 0x0, 0x0, 0x0, 0x0, 0x0,
    0x0, 0x0, 0xb3, 0xff, 0xff, 0xff, 0xff, 0xff,
    0xff, 0xe7, 0x68, 0xd9, 0x10, 0x0, 0x0, 0x0,
    0x0, 0x0, 0x0, 0x0, 0x1f, 0xff, 0xff, 0xff,
    0xff, 0xff, 0xff, 0xff, 0xff, 0x80, 0xe8, 0x6e,
    0x0, 0x0, 0x0, 0x0, 0x0, 0x0, 0x0, 0x45,
    0xff, 0xff, 0xff, 0xff, 0xff, 0xff, 0xff, 0xb5,
    0x76, 0xff, 0x93, 0x0, 0x0, 0x0, 0x0, 0x0,
    0x3, 0x7b, 0xff, 0x4b, 0x72, 0xcf, 0xff, 0xff,
    0xff, 0xff, 0xe0, 0x89, 0x1a, 0xff, 0x90, 0xc,
    0x0, 0x0, 0x0, 0x98, 0x3f, 0x99, 0xc, 0x0,
    0x0, 0xb, 0x25, 0x2a, 0x11, 0x0, 0x0, 0x0,
    0x9e, 0x26, 0xa9, 0x5, 0x0, 0x58, 0x5c, 0x0,
    0xa6, 0x8, 0x7a, 0x0, 0x0, 0x0, 0x0, 0x0,
    0x0, 0x0, 0x0, 0x92, 0xb, 0x3e, 0x74, 0x0,
    0xa4, 0x2, 0x6, 0x9f, 0x39, 0x69, 0x0, 0x0,
    0x0, 0x0, 0x0, 0x0, 0x0, 0x0, 0x63, 0x3b,
    0x0, 0xa6, 0x0, 0x9f, 0x0, 0x23, 0x7f, 0x34,
    0x98, 0x7, 0x0, 0x0, 0x0, 0x0, 0x0, 0x0,
    0x0, 0x3c, 0x5f, 0x0, 0x9e, 0x0, 0x9c, 0x0,
    0x5, 0xad, 0xa, 0x3a, 0x27, 0x0, 0x0, 0x0,
    0x0, 0x0, 0x0, 0x0, 0x90, 0x28, 0x0, 0x9c,
    0x0, 0x9a, 0xc, 0x0, 0x2b, 0xaf, 0x5e, 0x10,
    0x0, 0x0, 0x0, 0x0, 0x6, 0x45, 0xa8, 0x51,
    0x0, 0x3, 0xa2, 0x0, 0x37, 0x83, 0x0, 0x0,
    0x3, 0x50, 0x98, 0xac, 0xa8, 0xa4, 0xac, 0x9f,
    0x64, 0xd, 0x0, 0x0, 0x6f, 0x4c, 0x0, 0x0,
    0x71, 0x7f, 0x1, 0x0, 0x0, 0x0, 0x0, 0x0,
    0x0, 0x0, 0x0, 0x0, 0x0, 0x0, 0x6b, 0x86,
    0x0, 0x0, 0x0, 0x0, 0x51, 0xb0, 0x55, 0xd,
    0x0, 0x0, 0x0, 0x0, 0x0, 0x0, 0x9, 0x4c,
    0xae, 0x61, 0x0, 0x0, 0x0, 0x0, 0x0, 0x0,
    0x7, 0x53, 0x9f, 0xa1, 0xa6, 0x9d, 0x9c, 0xa5,
    0xa1, 0xa2, 0x5b, 0xb, 0x0, 0x0, 0x0, 0x0,
    0x0, 0x0, 0x0, 0x0, 0x0, 0x0, 0x0, 0x0,
    0x4, 0x5, 0x0, 0x0, 0x0, 0x0, 0x0, 0x0,
    0x0, 0x0, 0x0,

    /* U+1F36F "🍯" */
    0x0, 0x0, 0x0, 0x0, 0x0, 0x0, 0x0, 0x0,
    0x0, 0x12, 0x83, 0x23, 0x0, 0x0, 0x0, 0x0,
    0x0, 0x0, 0x0, 0x0, 0x0, 0x0, 0x88, 0x28,
    0xa2, 0x12, 0x0, 0x0, 0x0, 0x0, 0x0, 0x0,
    0x0, 0x0, 0x26, 0xa8, 0x1d, 0x97, 0x28, 0x0,
    0x6, 0x4f, 0x87, 0xa8, 0xb6, 0xb4, 0xc2, 0xc5,
    0x6e, 0xb7, 0x35, 0x0, 0xe, 0xde, 0xf6, 0x84,
    0x40, 0x2a, 0x47, 0xc6, 0x62, 0xff, 0xf1, 0x24,
    0x0, 0xb, 0xdd, 0x87, 0x0, 0x3e, 0x56, 0xbe,
    0x72, 0xff, 0xff, 0xef, 0x1a, 0x0, 0x3a, 0xfb,
    0xac, 0xf, 0xff, 0xff, 0xff, 0xff, 0xff, 0xff,
    0xff, 0x4a, 0x0, 0xbc, 0xff, 0xd3, 0x8, 0xff,
    0xff, 0xff, 0xff, 0xff, 0xff, 0xff, 0xc1, 0x0,
    0xff, 0xff, 0xbc, 0x0, 0xe8, 0xff, 0xff, 0xff,
    0xff, 0xff, 0xff, 0xff, 0x0, 0xff, 0xff, 0xb9,
    0x0, 0xd3, 0xff, 0xff, 0xff, 0xff, 0xff, 0xff,
    0xff, 0x0, 0xff, 0xff, 0xea, 0x21, 0xf3, 0xff,
    0xff, 0xff, 0xff, 0xff, 0xff, 0xff, 0x0, 0x83,
    0x9b, 0xab, 0xd5, 0xed, 0xf8, 0xf8, 0xee, 0xd6,
    0xac, 0x9d, 0x82, 0x0, 0x21, 0xff, 0x52, 0x17,
    0x2, 0x0, 0x0, 0x1, 0x13, 0x4a, 0xff, 0x2c,
    0x0, 0x0, 0xff, 0xff, 0xff, 0xfd, 0xeb, 0xe8,
    0xfc, 0xff, 0xff, 0xff, 0x0, 0x0, 0x0, 0x2f,
    0x8b, 0x42, 0x64, 0x73, 0x73, 0x67, 0x47, 0x91,
    0x31, 0x0, 0x0, 0x0, 0x0, 0x98, 0x6b, 0x40,
    0x2e, 0x2e, 0x40, 0x6b, 0x9a, 0x0, 0x0, 0x0,
    0x0, 0x0, 0xc, 0x7b, 0xbb, 0xd6, 0xd6, 0xbb,
    0x7b, 0xc, 0x0, 0x0, 0x0,

    /* U+1F370 "🍰" */
    0x0, 0x0, 0x0, 0x0, 0x0, 0x0, 0x0, 0x33,
    0x5c, 0x6, 0x0, 0x0, 0x0, 0x0, 0x0, 0x0,
    0x0, 0x0, 0x0, 0x0, 0x0, 0x0, 0x4a, 0xfa,
    0xff, 0xb4, 0x1, 0x0, 0x0, 0x0, 0x0, 0x0,
    0x0, 0x0, 0x0, 0x0, 0x0, 0x3, 0xdf, 0xb1,
    0xe5, 0xca, 0xd4, 0x4b, 0x0, 0x0, 0x0, 0x0,
    0x0, 0x0, 0x0, 0x0, 0x0, 0x60, 0xff, 0xfd,
    0xbb, 0xff, 0x9b, 0x80, 0xba, 0x25, 0x0, 0x0,
    0x0, 0x0, 0x0, 0x0, 0x29, 0xc8, 0xed, 0xe1,
    0xff, 0xc7, 0xff, 0x30, 0x27, 0x7e, 0x9a, 0xd,
    0x0, 0x0, 0x0, 0x1d, 0xa8, 0xa, 0x78, 0xd8,
    0xe3, 0xb7, 0x31, 0x8e, 0xa2, 0x1d, 0x54, 0x4e,
    0x0, 0x0, 0x8, 0xa9, 0x10, 0x0, 0x0, 0x0,
    0x0, 0x0, 0x0, 0x1, 0x65, 0xf2, 0xf9, 0x13,
    0x0, 0x0, 0x90, 0x29, 0x0, 0x0, 0x0, 0x0,
    0x15, 0x52, 0x93, 0xb0, 0x81, 0x2a, 0xa1, 0x0,
    0x0, 0x62, 0x53, 0x21, 0x46, 0x75, 0x8d, 0x8d,
    0x81, 0x4e, 0x18, 0x33, 0x45, 0x0, 0xa1, 0x0,
    0x1c, 0xe1, 0x81, 0x66, 0x43, 0x20, 0x2c, 0x5b,
    0x8a, 0x9f, 0x9e, 0x72, 0xc0, 0x0, 0xa1, 0x0,
    0x1d, 0xe8, 0x94, 0x95, 0x93, 0x91, 0x6b, 0x3e,
    0x10, 0x15, 0x53, 0x8d, 0xff, 0x8, 0xa2, 0x0,
    0x10, 0x9c, 0x1, 0xc, 0x2c, 0x50, 0x80, 0xbf,
    0xf3, 0x96, 0x4d, 0x34, 0x90, 0x11, 0xa2, 0x2,
    0x3, 0xff, 0x9c, 0x91, 0x74, 0x52, 0xd0, 0xff,
    0xba, 0xa, 0xf4, 0xff, 0xff, 0x1a, 0x5c, 0x53,
    0x0, 0x9e, 0x15, 0xb8, 0xe0, 0x8f, 0x4a, 0x7c,
    0x9e, 0xb5, 0xc0, 0x47, 0x85, 0x23, 0x61, 0x5a,
    0x0, 0xff, 0xe3, 0xff, 0xff, 0xce, 0x54, 0x2b,
    0x3, 0x7, 0x3b, 0x7e, 0xe2, 0xb2, 0x6a, 0x0,
    0x0, 0x9f, 0x2, 0x13, 0x29, 0x46, 0x70, 0x98,
    0xa0, 0x9e, 0x67, 0x26, 0x0, 0x0, 0x0, 0x0,
    0x0, 0x82, 0x97, 0x8f, 0x77, 0x59, 0x38, 0xc,
    0x0, 0x0, 0x0, 0x0, 0x0, 0x0, 0x0, 0x0,

    /* U+1F371 "🍱" */
    0x52, 0xaa, 0xa0, 0xa0, 0xa0, 0xa0, 0xa0, 0xa0,
    0xa0, 0xa0, 0xa0, 0xa0, 0xa0, 0xa0, 0xa0, 0xa0,
    0xaa, 0x54, 0x6f, 0x2f, 0x55, 0x68, 0x68, 0x68,
    0x59, 0x20, 0xac, 0xe8, 0xb8, 0x24, 0x4d, 0x61,
    0x61, 0x59, 0x30, 0x71, 0x7a, 0x24, 0xbd, 0xab,
    0x97, 0x9f, 0xc9, 0x7f, 0x78, 0x6d, 0x7f, 0x8c,
    0x61, 0x36, 0x88, 0x7d, 0x25, 0x7c, 0x86, 0x19,
    0x80, 0x0, 0x0, 0x0, 0x99, 0x77, 0x9b, 0x9a,
    0xaf, 0x82, 0x60, 0x75, 0xe3, 0x8d, 0x1a, 0x87,
    0x91, 0xe, 0xac, 0x0, 0x0, 0x0, 0xa7, 0x71,
    0xbb, 0xc6, 0xcc, 0x7c, 0x66, 0xa6, 0x96, 0x90,
    0xf, 0x92, 0x9c, 0x3, 0x95, 0x30, 0xe5, 0xa,
    0x89, 0x51, 0x8e, 0x79, 0xb0, 0x57, 0x7d, 0xbd,
    0xb8, 0xa8, 0x9, 0x9d, 0x9f, 0x7, 0xab, 0xd,
    0x45, 0x1, 0xa9, 0x26, 0xa3, 0x8c, 0x78, 0x47,
    0x66, 0x9d, 0x98, 0x8f, 0x12, 0xa1, 0xa0, 0x12,
    0xb1, 0x0, 0x0, 0x0, 0x8f, 0x78, 0x96, 0xa6,
    0x9b, 0x7d, 0xd2, 0xa0, 0x9d, 0xff, 0x2f, 0xa1,
    0x9f, 0x1d, 0xd1, 0x3a, 0x38, 0x3c, 0xb5, 0x83,
    0x6e, 0x7b, 0x4c, 0x96, 0xeb, 0xbb, 0x85, 0xff,
    0x3b, 0xa0, 0x9f, 0x20, 0xd4, 0xd4, 0xd4, 0xd4,
    0xb6, 0x55, 0xb0, 0xc5, 0xdc, 0x51, 0xaa, 0xaf,
    0xa4, 0xf0, 0x3a, 0xa0, 0xe3, 0x88, 0x88, 0x88,
    0x88, 0x88, 0x88, 0x88, 0x88, 0x88, 0x88, 0x88,
    0x88, 0x88, 0x88, 0x88, 0x88, 0xd3, 0xad, 0x18,
    0x18, 0x18, 0x18, 0x18, 0x18, 0x18, 0x18, 0x18,
    0x18, 0x18, 0x18, 0x18, 0x18, 0x18, 0x18, 0xa8,
    0x8e, 0x11, 0x0, 0x0, 0x0, 0x0, 0x0, 0x0,
    0x0, 0x0, 0x0, 0x0, 0x0, 0x0, 0x0, 0x0,
    0xc, 0x8f, 0x63, 0x3b, 0x0, 0x0, 0x0, 0x0,
    0x0, 0x0, 0x0, 0x0, 0x0, 0x0, 0x0, 0x0,
    0x0, 0x0, 0x33, 0x65, 0x33, 0xb5, 0xa0, 0xa0,
    0xa0, 0xa0, 0xa0, 0xa0, 0xa0, 0xa0, 0xa0, 0xa0,
    0xa0, 0xa0, 0xa0, 0xa0, 0xb2, 0x36,

    /* U+1F372 "🍲" */
    0x0, 0x0, 0x0, 0x0, 0x0, 0x0, 0x0, 0x0,
    0x0, 0x0, 0x0, 0x20, 0x6a, 0x4, 0x0, 0x0,
    0x0, 0x0, 0x0, 0x0, 0x0, 0x0, 0x0, 0x0,
    0x0, 0x0, 0x0, 0x0, 0x0, 0x0, 0x23, 0x9b,
    0x86, 0x75, 0x0, 0x0, 0x0, 0x0, 0x0, 0x0,
    0x0, 0x0, 0x0, 0x0, 0x0, 0x0, 0x0, 0x0,
    0x16, 0x98, 0x88, 0x1c, 0x2e, 0x84, 0x0, 0x0,
    0x0, 0x0, 0x0, 0x0, 0x0, 0x0, 0x0, 0x0,
    0x0, 0x0, 0x0, 0x0, 0xa8, 0x18, 0x12, 0x7a,
    0x9e, 0xe, 0x0, 0x0, 0x0, 0x0, 0x0, 0x0,
    0x0, 0x0, 0x0, 0x0, 0x0, 0x4, 0x3f, 0x79,
    0xff, 0x60, 0xff, 0xcd, 0x7e, 0x48, 0xd, 0x0,
    0x0, 0x0, 0x0, 0x0, 0x0, 0x0, 0x0, 0xa,
    0x7a, 0xa8, 0x69, 0x2c, 0x60, 0xe2, 0x3c, 0x2b,
    0x33, 0x5c, 0x9d, 0x92, 0x1c, 0x0, 0x0, 0x0,
    0xc, 0xa9, 0xa9, 0xae, 0x37, 0x39, 0x95, 0xa9,
    0x8a, 0x72, 0x67, 0x7d, 0x9d, 0xb1, 0x78, 0x2b,
    0x9c, 0xa9, 0xb0, 0x24, 0x72, 0x33, 0x4, 0x4,
    0x77, 0x79, 0xe, 0x1a, 0x51, 0x6b, 0x75, 0x62,
    0x3a, 0x6, 0x35, 0xab, 0x21, 0x8, 0x12, 0x96,
    0x94, 0x15, 0x0, 0x0, 0xa6, 0x4a, 0xc7, 0xb9,
    0xf0, 0xfd, 0xd0, 0xff, 0xf0, 0xe9, 0x94, 0x3f,
    0x78, 0x0, 0x2, 0xa8, 0x27, 0xa8, 0x65, 0x0,
    0x75, 0xfb, 0xf5, 0x55, 0x7e, 0xe9, 0x78, 0xfc,
    0x4a, 0xc5, 0xff, 0xd9, 0x1f, 0x4b, 0xab, 0x3f,
    0x0, 0x0, 0x86, 0x30, 0x0, 0x34, 0x99, 0xdc,
    0xfc, 0xff, 0xff, 0xff, 0xf3, 0xc1, 0x70, 0xb,
    0x10, 0xa3, 0x1, 0x0, 0x0, 0x0, 0x25, 0x7f,
    0x0, 0x0, 0x0, 0x0, 0x1, 0x14, 0x1d, 0x9,
    0x0, 0x0, 0x0, 0x0, 0x57, 0x4f, 0x0, 0x0,
    0x0, 0x0, 0x0, 0xa6, 0x0, 0x0, 0x0, 0x0,
    0x0, 0x0, 0x0, 0x0, 0x0, 0x0, 0x0, 0x0,
    0x98, 0xd, 0x0, 0x0, 0x0, 0x0, 0x0, 0x92,
    0x17, 0x0, 0x0, 0x0, 0x0, 0x0, 0x0, 0x0,
    0x0, 0x0, 0x0, 0x3, 0xa3, 0x0, 0x0, 0x0,
    0x0, 0x0, 0x0, 0x2c, 0x9a, 0x1, 0x0, 0x0,
    0x0, 0x0, 0x0, 0x0, 0x0, 0x0, 0x0, 0x78,
    0x4f, 0x0, 0x0, 0x0, 0x0, 0x0, 0x0, 0x0,
    0x4e, 0xac, 0x5d, 0x26, 0x8, 0x0, 0x0, 0x5,
    0x1f, 0x52, 0xa3, 0x6b, 0x0, 0x0, 0x0, 0x0,
    0x0, 0x0, 0x0, 0x0, 0x0, 0x6, 0x46, 0x78,
    0x94, 0x9b, 0x9b, 0x96, 0x7d, 0x4f, 0xc, 0x0,
    0x0, 0x0, 0x0, 0x0,

    /* U+1F373 "🍳" */
    0x0, 0x0, 0x0, 0x8, 0x5a, 0x98, 0xa9, 0x90,
    0x48, 0x1, 0x0, 0x0, 0x0, 0x0, 0x0, 0x0,
    0x3e, 0xe2, 0xff, 0xff, 0xff, 0xff, 0xff, 0xcb,
    0x21, 0x0, 0x0, 0x0, 0x0, 0x3a, 0xf9, 0xff,
    0xff, 0xc1, 0x36, 0x41, 0xcd, 0xff, 0xe5, 0x1a,
    0x0, 0x0, 0x4, 0xda, 0xff, 0xff, 0xee, 0x11,
    0x0, 0x0, 0x11, 0xda, 0xff, 0xab, 0x0, 0x0,
    0x4c, 0xff, 0xff, 0xff, 0x78, 0x1f, 0x7d, 0x41,
    0x0, 0x5b, 0xff, 0xfe, 0x19, 0x0, 0x86, 0xff,
    0xff, 0xd1, 0x7, 0x9f, 0xa5, 0xfc, 0x23, 0xc,
    0xfe, 0xff, 0x52, 0x0, 0x95, 0xff, 0xfe, 0x31,
    0x0, 0xa6, 0xf6, 0xff, 0x30, 0x0, 0xed, 0xff,
    0x61, 0x0, 0x7b, 0xff, 0xdd, 0x0, 0x0, 0x3a,
    0xa9, 0x69, 0x0, 0xe, 0xff, 0xff, 0x46, 0x0,
    0x33, 0xff, 0xe8, 0x0, 0x0, 0x0, 0x0, 0x0,
    0x0, 0x69, 0xff, 0xf4, 0xa, 0x0, 0x0, 0xb6,
    0xff, 0x8d, 0x19, 0x25, 0x7, 0x0, 0x3f, 0xff,
    0xff, 0x83, 0x0, 0x0, 0x0, 0x17, 0xde, 0xff,
    0xff, 0xff, 0xfa, 0xe6, 0xff, 0xff, 0xff, 0x5,
    0x0, 0x0, 0x0, 0x0, 0x14, 0xa6, 0xfe, 0xff,
    0xff, 0xff, 0xff, 0xff, 0xf4, 0x1b, 0x0, 0x0,
    0x0, 0x0, 0x0, 0x0, 0x17, 0x51, 0x62, 0x49,
    0xd, 0x67, 0xff, 0xb9, 0x1, 0x0, 0x0, 0x0,
    0x0, 0x0, 0x0, 0x0, 0x0, 0x0, 0x0, 0x0,
    0xb3, 0xff, 0x6c, 0x0, 0x0, 0x0, 0x0, 0x0,
    0x0, 0x0, 0x0, 0x0, 0x0, 0x0, 0x17, 0xdc,
    0xaf, 0x27, 0x0, 0x0, 0x0, 0x0, 0x0, 0x0,
    0x0, 0x0, 0x0, 0x0, 0x0, 0x4f, 0xc5, 0xaf,
    0x0, 0x0, 0x0, 0x0, 0x0, 0x0, 0x0, 0x0,
    0x0, 0x0, 0x0, 0x0, 0x64, 0x10,

    /* U+1F377 "🍷" */
    0x0, 0x9, 0x66, 0x90, 0x95, 0x7b, 0x26, 0x0,
    0x0, 0x0, 0x98, 0x99, 0x1a, 0x9, 0x51, 0xde,
    0x6, 0x0, 0x9, 0xaa, 0x60, 0x8e, 0x96, 0x76,
    0x70, 0x53, 0x0, 0x4e, 0x5c, 0x0, 0x0, 0x0,
    0x0, 0x9, 0x9a, 0x0, 0x8c, 0x19, 0x0, 0x0,
    0x0, 0x0, 0x0, 0xa0, 0x0, 0xa0, 0x0, 0x0,
    0x0, 0x0, 0x0, 0xa, 0x95, 0x8, 0x9f, 0x57,
    0x1a, 0x0, 0x9, 0x9d, 0xe8, 0x82, 0x1c, 0xa1,
    0x75, 0xec, 0xab, 0xdf, 0xff, 0xcc, 0x99, 0x9,
    0x60, 0x65, 0xda, 0xff, 0xff, 0xf9, 0x5f, 0x9e,
    0x0, 0x1, 0x99, 0x6e, 0x65, 0x6c, 0x5f, 0xab,
    0x1b, 0x0, 0x0, 0x0, 0x4d, 0xab, 0xff, 0x6a,
    0xc, 0x0, 0x0, 0x0, 0x0, 0x0, 0x2c, 0xec,
    0x0, 0x0, 0x0, 0x0, 0x0, 0x0, 0x0, 0x2c,
    0xec, 0x0, 0x0, 0x0, 0x0, 0x0, 0x10, 0x63,
    0xf0, 0xff, 0x95, 0x27, 0x0, 0x0, 0x12, 0xc0,
    0x48, 0x48, 0x69, 0x3f, 0x99, 0x4d, 0x0, 0x13,
    0xc6, 0x3a, 0x5, 0x1, 0x1d, 0x97, 0x50, 0x0,
    0x0, 0x19, 0x6f, 0x91, 0x97, 0x7d, 0x35, 0x0,
    0x0,

    /* U+1F378 "🍸" */
    0x0, 0x0, 0x0, 0x0, 0x0, 0x0, 0x0, 0x1,
    0x0, 0x0, 0x0, 0x0, 0xb, 0x11, 0x0, 0x48,
    0x91, 0x99, 0x94, 0x95, 0x8f, 0x8c, 0x94, 0x94,
    0x97, 0xb0, 0xed, 0xe, 0xc9, 0x64, 0x14, 0x40,
    0x6c, 0x81, 0x8b, 0x8d, 0x88, 0x74, 0x6a, 0xc1,
    0x49, 0xff, 0x61, 0xff, 0xfb, 0xae, 0x51, 0x1f,
    0x9, 0x4, 0x19, 0x60, 0xff, 0xff, 0xff, 0xd6,
    0x0, 0x3a, 0xb7, 0x4a, 0x66, 0x76, 0x83, 0x99,
    0x9c, 0xff, 0x5f, 0x89, 0x7c, 0x0, 0x0, 0x0,
    0x3b, 0xa3, 0x5, 0x0, 0x4c, 0xff, 0xff, 0xc,
    0x63, 0x7c, 0x0, 0x0, 0x0, 0x0, 0x0, 0x3c,
    0xa2, 0x5, 0xa5, 0xff, 0xb6, 0x62, 0x7d, 0x0,
    0x0, 0x0, 0x0, 0x0, 0x0, 0x0, 0x3c, 0x9f,
    0x57, 0x8b, 0x79, 0x7e, 0x0, 0x0, 0x0, 0x0,
    0x0, 0x0, 0x0, 0x0, 0x0, 0x48, 0x80, 0x35,
    0x90, 0x0, 0x0, 0x0, 0x0, 0x0, 0x0, 0x0,
    0x0, 0x0, 0x0, 0x0, 0x9a, 0xa6, 0x7, 0x0,
    0x0, 0x0, 0x0, 0x0, 0x0, 0x0, 0x0, 0x0,
    0x0, 0x0, 0x72, 0xcc, 0x0, 0x0, 0x0, 0x0,
    0x0, 0x0, 0x0, 0x0, 0x0, 0x0, 0x0, 0x0,
    0x70, 0xd0, 0x0, 0x0, 0x0, 0x0, 0x0, 0x0,
    0x0, 0x0, 0x0, 0x0, 0x0, 0x0, 0x76, 0xc3,
    0x0, 0x0, 0x0, 0x0, 0x0, 0x0, 0x0, 0x0,
    0x0, 0x0, 0x0, 0x8, 0xac, 0x98, 0x27, 0x0,
    0x0, 0x0, 0x0, 0x0, 0x0, 0x0, 0x0, 0x20,
    0x88, 0x96, 0x2d, 0xd, 0x82, 0x91, 0x43, 0x0,
    0x0, 0x0, 0x0, 0x0, 0x0, 0x8c, 0x63, 0x19,
    0x3, 0x0, 0xe, 0x3b, 0xbd, 0x0, 0x0, 0x0,
    0x0, 0x0, 0x0, 0x4, 0x50, 0x87, 0x9a, 0x9c,
    0x90, 0x64, 0x13, 0x0, 0x0, 0x0,

    /* U+1F379 "🍹" */
    0x4e, 0xd, 0x0, 0x0, 0x0, 0x0, 0x0, 0x0,
    0x0, 0x0, 0x0, 0xbd, 0xff, 0x66, 0x57, 0x5,
    0x0, 0x0, 0x0, 0x0, 0xb, 0x3, 0x14, 0xff,
    0x68, 0xbf, 0xa6, 0x4, 0x0, 0x4f, 0xb5, 0xaa,
    0x15, 0x6b, 0x85, 0xcd, 0xff, 0x83, 0x27, 0x20,
    0xb7, 0x1, 0x0, 0x0, 0x4d, 0x88, 0xff, 0xff,
    0xd0, 0xd8, 0xff, 0xff, 0x1c, 0x0, 0x0, 0x3,
    0x9d, 0xaf, 0x12, 0x0, 0x0, 0xb3, 0x5e, 0x46,
    0x0, 0x0, 0x0, 0x0, 0xa6, 0x0, 0x3, 0x3f,
    0x8c, 0x1b, 0x88, 0x0, 0x0, 0x0, 0x18, 0x8c,
    0xc1, 0xfe, 0xff, 0xff, 0x86, 0xa6, 0x0, 0x0,
    0x0, 0x5a, 0x5f, 0xac, 0xec, 0xff, 0xff, 0xd5,
    0x8c, 0x17, 0x0, 0x0, 0x78, 0x60, 0x7d, 0xff,
    0xff, 0xff, 0xf4, 0x6c, 0x33, 0x0, 0x0, 0x57,
    0x63, 0xc0, 0xb9, 0xff, 0xff, 0xbc, 0x93, 0x16,
    0x0, 0x0, 0x6, 0xac, 0x55, 0xb7, 0xd5, 0xa0,
    0x68, 0x87, 0x0, 0x0, 0x0, 0x0, 0xd, 0x87,
    0xb6, 0xef, 0xa1, 0x6a, 0x1, 0x0, 0x0, 0x0,
    0x0, 0x0, 0x0, 0x48, 0xff, 0x4, 0x0, 0x0,
    0x0, 0x0, 0x0, 0x0, 0x0, 0x32, 0xdb, 0xff,
    0x9d, 0x1a, 0x0, 0x0, 0x0, 0x0, 0x0, 0x51,
    0xa3, 0x49, 0x40, 0x4f, 0xc7, 0x13, 0x0, 0x0,
    0x0, 0x0, 0xa, 0x6d, 0x9b, 0xa1, 0x94, 0x54,
    0x0, 0x0, 0x0,

    /* U+1F37A "🍺" */
    0x0, 0x0, 0x0, 0x0, 0x27, 0x89, 0x8f, 0x3d,
    0x0, 0x0, 0x0, 0x0, 0x0, 0x0, 0x0, 0x0,
    0x18, 0x6b, 0xa3, 0x21, 0xd, 0x5e, 0x58, 0x0,
    0x0, 0x0, 0x0, 0x0, 0x0, 0x13, 0xae, 0x47,
    0x2, 0x0, 0x0, 0x0, 0x72, 0x4d, 0x4, 0x0,
    0x0, 0x0, 0x0, 0x74, 0x4a, 0x0, 0x0, 0x0,
    0x0, 0x0, 0xf, 0x54, 0x94, 0x0, 0x0, 0x0,
    0x0, 0xaa, 0x0, 0x0, 0x0, 0x0, 0x0, 0x0,
    0x0, 0xe, 0xa2, 0x0, 0x0, 0x0, 0x0, 0xf8,
    0x9f, 0x7, 0x0, 0x42, 0x63, 0x78, 0xa2, 0xce,
    0x78, 0x0, 0x0, 0x0, 0x0, 0xa0, 0x49, 0xb2,
    0xac, 0xff, 0xff, 0xff, 0xdb, 0x35, 0xf6, 0xa5,
    0x3c, 0x0, 0x0, 0xa1, 0x0, 0xff, 0xff, 0xff,
    0xf9, 0xa0, 0xd0, 0x33, 0xe8, 0x3e, 0xa3, 0x21,
    0x0, 0xa1, 0x0, 0xd8, 0xff, 0xf4, 0x9a, 0xff,
    0xd0, 0x30, 0x77, 0xb2, 0x30, 0x76, 0x0, 0xa0,
    0x0, 0xd0, 0xb8, 0xe6, 0x5c, 0xfc, 0xd0, 0x2e,
    0x66, 0xb4, 0x23, 0x7c, 0x0, 0xa0, 0x0, 0xc8,
    0x7c, 0xff, 0xfb, 0x86, 0xd0, 0x2b, 0xf3, 0x5e,
    0x6a, 0x43, 0x0, 0xa0, 0x0, 0xc8, 0x7c, 0xff,
    0xff, 0xbb, 0xd0, 0x28, 0x96, 0x45, 0x9b, 0x0,
    0x0, 0xa0, 0x0, 0xc9, 0x7a, 0xff, 0xff, 0xff,
    0xd0, 0x26, 0xfe, 0x7c, 0x2, 0x0, 0x0, 0x9c,
    0x0, 0xd4, 0x6e, 0xfc, 0xff, 0xff, 0xcc, 0x17,
    0x81, 0x0, 0x0, 0x0, 0x0, 0x9e, 0x0, 0x40,
    0xaf, 0xcd, 0xcd, 0xac, 0x3a, 0x0, 0x97, 0x0,
    0x0, 0x0, 0x0, 0xa9, 0x8d, 0x3f, 0x11, 0x1,
    0x3, 0x1a, 0x4f, 0xa6, 0x72, 0x0, 0x0, 0x0,
    0x0, 0x0, 0x2b, 0x68, 0x8f, 0x9e, 0x9b, 0x88,
    0x5b, 0x1a, 0x0, 0x0, 0x0, 0x0,

    /* U+1F37B "🍻" */
    0x0, 0x0, 0x0, 0x0, 0x0, 0x0, 0x35, 0x8,
    0x2f, 0x30, 0x0, 0x0, 0x0, 0x0, 0x0, 0x0,
    0x0, 0x0, 0x0, 0x0, 0x0, 0x0, 0x0, 0x0,
    0x0, 0x19, 0x82, 0x53, 0x28, 0x9, 0x5f, 0x5a,
    0x10, 0x0, 0x0, 0x0, 0x0, 0x0, 0x0, 0x0,
    0x0, 0x0, 0x0, 0x59, 0x7d, 0x51, 0x18, 0x73,
    0xb3, 0x4a, 0x50, 0x97, 0x8a, 0x0, 0x0, 0x0,
    0x0, 0x0, 0x0, 0x0, 0x0, 0x8, 0x8, 0x43,
    0x57, 0xc3, 0x37, 0x8, 0x0, 0x0, 0x0, 0xa3,
    0x0, 0x0, 0x0, 0x0, 0x0, 0x0, 0x0, 0x77,
    0x9b, 0x95, 0x5c, 0x63, 0xdc, 0x3b, 0x0, 0x0,
    0x2b, 0x6a, 0xfa, 0x5d, 0x6a, 0xa, 0x0, 0x0,
    0x0, 0x0, 0xa1, 0x0, 0x0, 0x0, 0x0, 0x9,
    0xa7, 0xa2, 0x93, 0xff, 0xd9, 0xb6, 0x42, 0x31,
    0x8d, 0x0, 0x0, 0x35, 0x6b, 0xff, 0xb0, 0x99,
    0x95, 0x12, 0x0, 0x0, 0x22, 0xff, 0xff, 0xdf,
    0x56, 0xd6, 0x98, 0x58, 0x3a, 0x24, 0x7e, 0x54,
    0xcb, 0x12, 0x1b, 0x51, 0x64, 0x21, 0x7d, 0x88,
    0xff, 0xd2, 0xc4, 0x2c, 0x8f, 0x30, 0x59, 0x7c,
    0x78, 0x66, 0x51, 0xc6, 0x6f, 0xff, 0xff, 0x3d,
    0xe9, 0x40, 0xff, 0xff, 0xff, 0xff, 0x74, 0x8b,
    0x23, 0x73, 0x80, 0x81, 0x7f, 0x27, 0x79, 0x9f,
    0xc3, 0xff, 0xe, 0xff, 0x47, 0x93, 0xff, 0xe6,
    0xee, 0xbe, 0x49, 0xcf, 0x48, 0x5f, 0x80, 0x7e,
    0x5d, 0x46, 0xcf, 0xff, 0xe4, 0x53, 0xc0, 0xa1,
    0x3c, 0xe9, 0xe0, 0xde, 0xe9, 0x12, 0xf1, 0x71,
    0x1, 0x91, 0x5e, 0xfb, 0x19, 0xf9, 0xd8, 0xff,
    0xff, 0x66, 0xb3, 0x6b, 0x9a, 0xff, 0xf9, 0xf5,
    0x3c, 0x4a, 0x7d, 0x0, 0x22, 0x86, 0xf8, 0x2f,
    0xff, 0xc7, 0xff, 0xff, 0x28, 0x9c, 0x84, 0x46,
    0xf0, 0xb1, 0x42, 0x0, 0x3, 0xa5, 0x0, 0x0,
    0x35, 0x9c, 0x1e, 0x74, 0x91, 0xc9, 0xe6, 0x23,
    0x7b, 0x83, 0x0, 0x0, 0x0, 0x0, 0xb, 0x9a,
    0x41, 0x0, 0x0, 0x9f, 0x44, 0x26, 0x12, 0x0,
    0x0, 0x7, 0x4c, 0x5e, 0x8e, 0x1f, 0x15, 0x39,
    0x85, 0xa9, 0x35, 0x0, 0x0, 0x0, 0x28, 0xc1,
    0xff, 0xff, 0xe5, 0xb4, 0x6a, 0x37, 0x7d, 0x17,
    0x80, 0x91, 0x73, 0x2d, 0x0, 0x0, 0x0, 0x0,
    0x0, 0x0, 0x0, 0x1f, 0x5d, 0x87, 0x9d, 0xa2,
    0x7e, 0x12, 0x0, 0x0, 0x0, 0x0, 0x0, 0x0,
    0x0, 0x0, 0x0,

    /* U+1F37C "🍼" */
    0x0, 0x0, 0x0, 0x0, 0x0, 0x0, 0x0, 0x0,
    0x0, 0x0, 0x0, 0x0, 0x0, 0x0, 0x68, 0x77,
    0x0, 0x0, 0x0, 0x0, 0x0, 0x0, 0x0, 0x0,
    0x0, 0x0, 0x0, 0x0, 0x37, 0x9b, 0x95, 0x73,
    0x97, 0x15, 0x0, 0x0, 0x0, 0x0, 0x0, 0x0,
    0x0, 0x0, 0x8, 0xa2, 0xeb, 0xb1, 0xf, 0x1f,
    0x50, 0x8f, 0x0, 0x0, 0x0, 0x0, 0x0, 0x0,
    0x0, 0x0, 0x0, 0x96, 0xa5, 0x89, 0xcc, 0x4,
    0x0, 0x8a, 0x19, 0x0, 0x0, 0x0, 0x0, 0x0,
    0x0, 0x3, 0x88, 0xa1, 0xff, 0x7f, 0xbf, 0xb9,
    0xa8, 0x8, 0x95, 0x18, 0x0, 0x0, 0x0, 0x0,
    0x0, 0x2, 0x99, 0x41, 0x0, 0x45, 0xf6, 0x6a,
    0xa8, 0xb1, 0xec, 0x82, 0x0, 0x0, 0x0, 0x0,
    0x0, 0x1, 0x94, 0x49, 0x31, 0x62, 0x0, 0x84,
    0xf1, 0x57, 0xc3, 0x86, 0x77, 0x0, 0x0, 0x0,
    0x0, 0x1f, 0xa3, 0x47, 0x14, 0xb6, 0x9, 0x0,
    0x0, 0x87, 0xff, 0x68, 0xe5, 0x24, 0x0, 0x0,
    0x0, 0x67, 0x9b, 0x17, 0x0, 0x29, 0x1f, 0x0,
    0x0, 0x0, 0x0, 0x4d, 0xff, 0x41, 0x0, 0x0,
    0x0, 0x67, 0x70, 0x0, 0x0, 0x0, 0x0, 0x0,
    0x0, 0x0, 0x0, 0x0, 0x0, 0xa1, 0x0, 0x0,
    0x0, 0x0, 0xa4, 0x0, 0x0, 0x0, 0x0, 0x0,
    0x0, 0x0, 0x0, 0x0, 0x0, 0x7f, 0x53, 0x0,
    0x0, 0x0, 0x0, 0xa2, 0x0, 0x0, 0x0, 0x0,
    0x0, 0x0, 0x0, 0x0, 0x0, 0x88, 0x62, 0x0,
    0x0, 0x0, 0x0, 0x0, 0x8a, 0x26, 0x0, 0x0,
    0x0, 0x0, 0x0, 0x0, 0x0, 0x87, 0x4e, 0x0,
    0x0, 0x0, 0x0, 0x0, 0x0, 0x10, 0xa9, 0x5,
    0x0, 0x0, 0x0, 0x0, 0x0, 0x59, 0x5e, 0x0,
    0x0, 0x0, 0x0, 0x0, 0x0, 0x0, 0x0, 0x38,
    0x9f, 0x7, 0x0, 0x0, 0x0, 0x1a, 0x9f, 0x0,
    0x0, 0x0, 0x0, 0x0, 0x0, 0x0, 0x0, 0x0,
    0x0, 0x34, 0xad, 0x48, 0x4, 0x29, 0xae, 0x1a,
    0x0, 0x0, 0x0, 0x0, 0x0, 0x0, 0x0, 0x0,
    0x0, 0x0, 0x0, 0x6, 0x64, 0x9c, 0x7d, 0x11,
    0x0, 0x0, 0x0, 0x0, 0x0, 0x0, 0x0, 0x0,
    0x0,

    /* U+1F37E "🍾" */
    0x0, 0x39, 0x4c, 0x0, 0x73, 0x0, 0x12, 0x0,
    0x0, 0x0, 0x0, 0x0, 0x0, 0x0, 0x0, 0x0,
    0x26, 0xf8, 0xe3, 0xe, 0x24, 0x3, 0x49, 0x0,
    0x0, 0x0, 0x0, 0x0, 0x0, 0x0, 0x0, 0x0,
    0x11, 0x98, 0xd6, 0xf, 0x73, 0x89, 0x0, 0x0,
    0x0, 0x0, 0x0, 0x0, 0x0, 0x0, 0x0, 0x0,
    0x0, 0x0, 0x0, 0x47, 0x6d, 0x71, 0x0, 0x0,
    0x0, 0x0, 0x0, 0x0, 0x0, 0x0, 0x0, 0x0,
    0x61, 0x18, 0x33, 0x58, 0x0, 0x8d, 0xb, 0x0,
    0x0, 0x0, 0x0, 0x0, 0x0, 0x0, 0x0, 0x0,
    0x0, 0x0, 0x6d, 0x71, 0xa8, 0xff, 0xbe, 0x4,
    0x0, 0x0, 0x0, 0x0, 0x0, 0x0, 0x0, 0x0,
    0x0, 0x0, 0x0, 0x0, 0x21, 0xeb, 0xff, 0x92,
    0xb, 0x0, 0x0, 0x0, 0x0, 0x0, 0x0, 0x0,
    0x0, 0x0, 0x0, 0x0, 0x0, 0x22, 0x9b, 0xc,
    0x7c, 0x5a, 0xa, 0x0, 0x0, 0x0, 0x0, 0x0,
    0x0, 0x0, 0x0, 0x0, 0x0, 0x0, 0x57, 0x2e,
    0x0, 0x27, 0xcf, 0x70, 0x0, 0x0, 0x0, 0x0,
    0x0, 0x0, 0x0, 0x0, 0x0, 0x0, 0x2, 0x87,
    0x7, 0x3f, 0xac, 0xff, 0x91, 0x0, 0x0, 0x0,
    0x0, 0x0, 0x0, 0x0, 0x0, 0x0, 0x0, 0x84,
    0xf1, 0xff, 0xff, 0xfd, 0x68, 0x74, 0x0, 0x0,
    0x0, 0x0, 0x0, 0x0, 0x0, 0x0, 0x0, 0x38,
    0xff, 0xff, 0xff, 0x7d, 0x0, 0x41, 0x69, 0x0,
    0x0, 0x0, 0x0, 0x0, 0x0, 0x0, 0x0, 0x0,
    0xa3, 0xff, 0xbb, 0x0, 0x0, 0x0, 0x4f, 0x58,
    0x0, 0x0, 0x0, 0x0, 0x0, 0x0, 0x0, 0x0,
    0x7, 0xc4, 0xff, 0x78, 0x0, 0x0, 0x3, 0xc5,
    0x0, 0x0, 0x0, 0x0, 0x0, 0x0, 0x0, 0x0,
    0x0, 0x13, 0xda, 0xfe, 0x5c, 0x0, 0x81, 0x97,
    0x0, 0x0, 0x0, 0x0, 0x0, 0x0, 0x0, 0x0,
    0x0, 0x0, 0x24, 0xeb, 0xfa, 0xb1, 0xbd, 0xb,
    0x0, 0x0, 0x0, 0x0, 0x0, 0x0, 0x0, 0x0,
    0x0, 0x0, 0x0, 0x34, 0x9d, 0x5b, 0x3, 0x0,

    /* U+1F381 "🎁" */
    0x0, 0x0, 0x11, 0x66, 0x52, 0x5, 0x0, 0x0,
    0x0, 0x0, 0xd, 0x5c, 0x61, 0xc, 0x0, 0x0,
    0x0, 0x0, 0x9d, 0x47, 0x51, 0xa8, 0x21, 0x0,
    0x0, 0x41, 0xb2, 0x4b, 0x43, 0x93, 0x0, 0x0,
    0x0, 0x0, 0x9c, 0x0, 0x0, 0xc, 0xd4, 0xa0,
    0xb4, 0xe0, 0x5, 0x0, 0x0, 0x96, 0x0, 0x0,
    0x0, 0x0, 0x9e, 0x0, 0x0, 0x0, 0x82, 0x0,
    0x2, 0x9e, 0x0, 0x0, 0x0, 0x96, 0x0, 0x0,
    0x5a, 0xcd, 0xbd, 0x0, 0x36, 0x7c, 0xd2, 0x4,
    0xb, 0xfb, 0x7c, 0x3a, 0x0, 0xbd, 0xd6, 0x2d,
    0xb1, 0x84, 0xfd, 0xf, 0x33, 0x98, 0xff, 0xff,
    0xff, 0xff, 0x8d, 0x2f, 0x11, 0xf9, 0xac, 0x6a,
    0xa0, 0x0, 0x33, 0xff, 0xc2, 0xff, 0x62, 0x0,
    0x8, 0x96, 0xff, 0xdc, 0xf7, 0x2b, 0x38, 0x68,
    0x9f, 0x9b, 0x24, 0x90, 0x0, 0xb2, 0x73, 0xbb,
    0xc5, 0x80, 0xa3, 0x14, 0x84, 0x39, 0xd0, 0x56,
    0x38, 0xb2, 0xa3, 0xf3, 0x29, 0xa0, 0x0, 0x9b,
    0xe, 0x0, 0x90, 0x66, 0xff, 0x95, 0xc3, 0x0,
    0x38, 0x78, 0x0, 0xbb, 0x7c, 0xff, 0x4a, 0x99,
    0x22, 0x7f, 0xff, 0x6c, 0xaa, 0x0, 0xa0, 0x0,
    0x38, 0x78, 0x0, 0xa4, 0x0, 0x90, 0x56, 0xff,
    0xae, 0x3f, 0xa0, 0x0, 0xa0, 0x0, 0xa0, 0x0,
    0x38, 0x78, 0x0, 0xa4, 0x0, 0x8c, 0x0, 0x98,
    0x8, 0x0, 0xa0, 0x0, 0xa0, 0x0, 0xa0, 0x0,
    0x38, 0x7c, 0x0, 0xa4, 0x0, 0x8c, 0x0, 0x98,
    0x8, 0x0, 0xa0, 0x0, 0xa0, 0x0, 0xa4, 0x0,
    0x12, 0x9b, 0x98, 0xc7, 0x0, 0x8c, 0x0, 0x98,
    0x8, 0x0, 0xa0, 0x0, 0xe1, 0xa8, 0x84, 0x0,
    0x0, 0x0, 0x1e, 0x99, 0x97, 0xb0, 0x0, 0x98,
    0x8, 0x2, 0xf2, 0xb3, 0x82, 0xe, 0x0, 0x0,
    0x0, 0x0, 0x0, 0x0, 0x15, 0x82, 0x95, 0xc8,
    0x70, 0xbb, 0x6b, 0x8, 0x0, 0x0, 0x0, 0x0,
    0x0, 0x0, 0x0, 0x0, 0x0, 0x0, 0xe, 0x83,
    0x5f, 0x4, 0x0, 0x0, 0x0, 0x0, 0x0, 0x0,

    /* U+1F382 "🎂" */
    0x0, 0x0, 0x0, 0x0, 0x4, 0x0, 0x0, 0x0,
    0x0, 0x4, 0x0, 0x0, 0x0, 0x0, 0x0, 0x0,
    0x0, 0x0, 0x7b, 0xb, 0x0, 0x12, 0x0, 0x86,
    0x0, 0x0, 0x0, 0x0, 0x0, 0x0, 0x0, 0x0,
    0xc7, 0x41, 0x2e, 0x82, 0x0, 0xef, 0x19, 0x0,
    0x0, 0x0, 0x0, 0x0, 0x0, 0x0, 0x3c, 0x9,
    0x4a, 0x94, 0x0, 0x46, 0x0, 0x0, 0x0, 0x0,
    0x0, 0x0, 0x0, 0x0, 0xc0, 0x3f, 0x31, 0x69,
    0x0, 0xec, 0x1b, 0x0, 0x0, 0x0, 0x0, 0x0,
    0x0, 0x0, 0xdf, 0x8a, 0xb3, 0xff, 0x4a, 0xff,
    0x1c, 0x0, 0x0, 0x0, 0x0, 0x7, 0x77, 0x99,
    0xff, 0x78, 0x7d, 0xd0, 0x38, 0xff, 0xb5, 0x79,
    0x7, 0x0, 0x9, 0xb3, 0x3c, 0x0, 0x81, 0x25,
    0x57, 0xac, 0x0, 0x9d, 0xd, 0x3a, 0xb2, 0x9,
    0x71, 0x49, 0x3b, 0xd8, 0x3a, 0x0, 0x10, 0x2a,
    0x0, 0xd, 0xa6, 0x30, 0x46, 0x73, 0x9c, 0x6,
    0x7f, 0xdb, 0x81, 0x0, 0x75, 0xa8, 0x2, 0x45,
    0xe4, 0x6b, 0x4, 0x9e, 0x9c, 0x2, 0x31, 0x81,
    0x30, 0x0, 0xb3, 0xd1, 0x29, 0xd, 0x77, 0x24,
    0x0, 0x9e, 0x94, 0x4e, 0x0, 0x0, 0x0, 0x0,
    0x53, 0x7e, 0x6, 0x0, 0x0, 0x0, 0x48, 0x98,
    0x81, 0xf0, 0x12, 0x0, 0x67, 0x73, 0x0, 0x0,
    0x6f, 0x68, 0x0, 0xf, 0xed, 0x87, 0x53, 0xff,
    0xc8, 0x8d, 0xfb, 0xf8, 0x25, 0x22, 0xf7, 0xfb,
    0x8e, 0xc6, 0xff, 0x59, 0xa, 0xda, 0xff, 0xff,
    0xff, 0xff, 0xf9, 0xf9, 0xff, 0xff, 0xff, 0xff,
    0xde, 0xc, 0x0, 0x15, 0xa1, 0xf7, 0xff, 0xff,
    0xff, 0xff, 0xff, 0xff, 0xf8, 0xa4, 0x17, 0x0,
    0x0, 0x0, 0x0, 0xd, 0x40, 0x65, 0x75, 0x75,
    0x66, 0x41, 0xe, 0x0, 0x0, 0x0,

    /* U+1F388 "🎈" */
    0x0, 0x0, 0xb, 0x62, 0x90, 0x8d, 0x58, 0x4,
    0x0, 0x0, 0x0, 0x0, 0x39, 0xae, 0x47, 0xf,
    0x13, 0x53, 0xaf, 0x21, 0x0, 0x0, 0x1c, 0xa7,
    0x6, 0x0, 0x4, 0x9e, 0x6, 0x11, 0xac, 0x6,
    0x0, 0x90, 0x1d, 0x0, 0x0, 0x0, 0xa, 0x30,
    0x38, 0x44, 0x66, 0x0, 0xa2, 0x0, 0x0, 0x0,
    0x0, 0x0, 0xd, 0xb5, 0x1, 0xa1, 0x0, 0x9f,
    0x0, 0x0, 0x0, 0x0, 0x0, 0x0, 0x8b, 0x7,
    0x9f, 0x0, 0xa1, 0x0, 0x0, 0x0, 0x0, 0x0,
    0x0, 0x0, 0x0, 0xa5, 0x0, 0xa1, 0x7, 0x0,
    0x0, 0x0, 0x0, 0x0, 0x0, 0x0, 0xad, 0x0,
    0x53, 0x69, 0x0, 0x0, 0x0, 0x0, 0x0, 0x0,
    0x3, 0xa0, 0x0, 0x1, 0xaa, 0x17, 0x0, 0x0,
    0x0, 0x0, 0x0, 0x3e, 0x69, 0x0, 0x0, 0x18,
    0xab, 0xd, 0x0, 0x0, 0x0, 0x0, 0xa4, 0x11,
    0x0, 0x0, 0x0, 0x26, 0xaf, 0x48, 0x2, 0x1,
    0x73, 0x66, 0x0, 0x0, 0x0, 0x0, 0x0, 0x6,
    0x66, 0xdf, 0xe3, 0xa9, 0x0, 0x0, 0x0, 0x0,
    0x0, 0x0, 0x0, 0x0, 0xa1, 0x60, 0xbf, 0x0,
    0x0, 0x0, 0x0, 0x0, 0x0, 0x0, 0x0, 0x3a,
    0xe1, 0x1b, 0x0, 0x0, 0x0, 0x0, 0x0, 0x0,
    0x0, 0x0, 0x0, 0xa2, 0x28, 0x97, 0xa4, 0xe,
    0x0, 0x0, 0x0, 0x0, 0x0, 0x0, 0x5b, 0x7c,
    0xb, 0x37, 0x28,

    /* U+1F389 "🎉" */
    0x0, 0x0, 0x0, 0x0, 0x0, 0x0, 0x0, 0x1,
    0x0, 0x0, 0x0, 0xc, 0x3d, 0x0, 0x0, 0x0,
    0x0, 0x0, 0x3e, 0x0, 0x0, 0xf, 0x96, 0xa2,
    0x8, 0x0, 0x3, 0x38, 0x43, 0x0, 0x47, 0x0,
    0x0, 0x0, 0x79, 0x0, 0x0, 0x9b, 0x37, 0x0,
    0x0, 0x3a, 0x77, 0x0, 0x0, 0x0, 0x70, 0x3d,
    0x34, 0x3a, 0x0, 0x0, 0x0, 0xba, 0x2f, 0x9e,
    0x60, 0x2, 0x3, 0x0, 0x0, 0x0, 0x1a, 0x84,
    0x9, 0x37, 0x0, 0x0, 0x0, 0xb0, 0xc6, 0x4,
    0xaf, 0x0, 0x6a, 0xa4, 0x74, 0x5, 0x9, 0x97,
    0x0, 0x0, 0x2a, 0x99, 0x0, 0x21, 0xff, 0xa9,
    0x8d, 0x0, 0xa6, 0x0, 0x42, 0xa9, 0xae, 0x3c,
    0x0, 0x0, 0x0, 0xc, 0x59, 0x9d, 0xff, 0x40,
    0x0, 0x0, 0x97, 0x14, 0x5, 0x26, 0x0, 0x0,
    0x0, 0x0, 0x0, 0x77, 0x83, 0x1, 0xa3, 0x72,
    0x98, 0x1a, 0xa1, 0x24, 0x3, 0x79, 0x0, 0x0,
    0x0, 0x0, 0x0, 0xff, 0x12, 0xa, 0x9b, 0x9,
    0xd0, 0xff, 0x38, 0x4, 0x9, 0x0, 0x22, 0x8a,
    0x0, 0x0, 0x31, 0xff, 0x12, 0x73, 0x31, 0x70,
    0x29, 0x80, 0x30, 0x3d, 0x63, 0x6, 0xa3, 0x1a,
    0x0, 0x0, 0xa1, 0x69, 0x65, 0x0, 0x0, 0x25,
    0x0, 0x39, 0xad, 0x0, 0x0, 0x47, 0x50, 0x0,
    0x0, 0x11, 0xff, 0x15, 0xb5, 0x22, 0x0, 0x94,
    0xa0, 0x8f, 0xff, 0x90, 0x7, 0x92, 0xc, 0x0,
    0x0, 0x77, 0x62, 0x9c, 0x17, 0xb4, 0x6a, 0x11,
    0x3, 0x65, 0x60, 0x43, 0xa3, 0x60, 0x1, 0xe,
    0x2, 0xff, 0x30, 0x46, 0xa1, 0x22, 0x5c, 0xff,
    0xff, 0x78, 0x1, 0x0, 0x3, 0x0, 0x9, 0x92,
    0x49, 0x6a, 0xac, 0x3d, 0x56, 0xff, 0xd4, 0x3f,
    0x0, 0x0, 0x0, 0x17, 0x8b, 0x0, 0x0, 0x4,
    0x9c, 0x19, 0x69, 0xff, 0x87, 0x17, 0x0, 0x0,
    0x0, 0x0, 0x0, 0x0, 0x1b, 0x0, 0x26, 0x93,
    0x4d, 0x95, 0x49, 0x2, 0x0, 0x0, 0x0, 0x0,
    0x0, 0x0, 0x0, 0x0, 0x0, 0x0, 0x0, 0x4,

    /* U+1F38A "🎊" */
    0x0, 0x0, 0x28, 0x83, 0x93, 0x65, 0xc, 0x0,
    0x0, 0x0, 0x20, 0x78, 0x96, 0x6a, 0xb, 0x0,
    0x0, 0x51, 0x88, 0x18, 0x37, 0xd, 0xcd, 0x3d,
    0x0, 0x6b, 0x8b, 0x2f, 0x80, 0x41, 0xb1, 0x11,
    0xc, 0x9f, 0x0, 0x0, 0x2, 0x36, 0xac, 0xe3,
    0x1e, 0xdc, 0x6b, 0xf, 0x7, 0x0, 0x26, 0x8e,
    0x40, 0x5f, 0x0, 0x13, 0xb1, 0xff, 0xff, 0x98,
    0xf, 0xd3, 0xff, 0xe8, 0x58, 0x0, 0x0, 0xa0,
    0x39, 0x75, 0x12, 0xd7, 0xff, 0xff, 0xaa, 0x5,
    0x96, 0x1f, 0xd9, 0xff, 0xff, 0x73, 0x0, 0xaf,
    0x6, 0xb1, 0x9b, 0xff, 0xf7, 0x73, 0x55, 0x1b,
    0x0, 0x0, 0x61, 0xa8, 0xff, 0xfd, 0x66, 0x83,
    0x0, 0x47, 0xd6, 0x9b, 0x2e, 0x3a, 0x3e, 0xd6,
    0x10, 0x0, 0xbc, 0x14, 0x52, 0xbe, 0xba, 0xd,
    0x0, 0x0, 0x14, 0xbe, 0x15, 0xa8, 0x0, 0xa9,
    0x51, 0x0, 0xb7, 0xa8, 0x30, 0x0, 0x1, 0x0,
    0x0, 0x31, 0xb4, 0x3a, 0x20, 0x9c, 0x0, 0xcf,
    0x32, 0x25, 0x24, 0xff, 0x1e, 0x0, 0x79, 0x2e,
    0x0, 0x49, 0x7f, 0x0, 0x47, 0x77, 0x50, 0x96,
    0x2, 0x7c, 0x0, 0xef, 0xc4, 0x21, 0x0, 0x0,
    0x0, 0xa, 0xbc, 0x0, 0x8b, 0x3a, 0x98, 0x23,
    0x0, 0x0, 0x0, 0xbe, 0x28, 0xc7, 0x1a, 0x0,
    0x0, 0xa7, 0x43, 0x7, 0xc3, 0x1, 0x7b, 0x52,
    0x0, 0x2e, 0x60, 0xa3, 0x1c, 0x36, 0x9e, 0x0,
    0x0, 0x3d, 0x0, 0x80, 0x62, 0x7c, 0xe, 0xbb,
    0x15, 0x2e, 0x18, 0x65, 0x62, 0x9, 0x93, 0x0,
    0x9c, 0x2, 0x3b, 0xbb, 0x1, 0x12, 0x0, 0x31,
    0x95, 0x0, 0x0, 0x11, 0xbf, 0x2, 0x0, 0x0,
    0x1, 0x3a, 0xc5, 0x15, 0x39, 0x3e, 0x0, 0x3f,
    0x9e, 0x0, 0x0, 0x0, 0x76, 0x79, 0x0, 0x0,
    0x37, 0xc1, 0x19, 0x0, 0x12, 0x47, 0x0, 0x7c,
    0x12, 0x66, 0x17, 0x0, 0x1, 0x98, 0x3d, 0x0,
    0x7, 0x6, 0x0, 0x0, 0x0, 0x0, 0x0, 0x0,
    0x0, 0x30, 0x1f, 0x0, 0x0, 0x0, 0x0, 0x0,

    /* U+1F396 "🎖" */
    0x0, 0x5e, 0x9f, 0xaf, 0xdc, 0xdc, 0xdc, 0xa0,
    0x9c, 0x35, 0x0, 0x0, 0xaa, 0x0, 0x44, 0xff,
    0xff, 0xff, 0x0, 0x7, 0xa3, 0x0, 0x0, 0xa0,
    0x0, 0x44, 0xff, 0xff, 0xff, 0x0, 0x0, 0xa0,
    0x0, 0x0, 0xa0, 0x0, 0x44, 0xff, 0xff, 0xff,
    0x0, 0x0, 0xa0, 0x0, 0x0, 0xa4, 0x0, 0x44,
    0xff, 0xff, 0xff, 0x0, 0x3, 0xa1, 0x0, 0x0,
    0x76, 0x63, 0x44, 0xff, 0xff, 0xff, 0x3, 0x9a,
    0x3d, 0x0, 0x0, 0x0, 0x71, 0xb1, 0xff, 0xff,
    0xff, 0x9d, 0x3c, 0x0, 0x0, 0x0, 0x0, 0x0,
    0x70, 0xff, 0xff, 0xde, 0x32, 0x0, 0x0, 0x0,
    0x0, 0x0, 0x0, 0x2, 0x96, 0xc9, 0x33, 0x0,
    0x0, 0x0, 0x0, 0x0, 0x0, 0x0, 0x54, 0x49,
    0x6d, 0x94, 0x0, 0x0, 0x0, 0x0, 0x6c, 0xb4,
    0x91, 0x7c, 0x1, 0x64, 0x4e, 0x91, 0x91, 0xbd,
    0x0, 0x7a, 0x85, 0x6b, 0x4f, 0x3, 0x20, 0xe,
    0x5f, 0x7e, 0xd6, 0x1, 0x1, 0x87, 0x46, 0x1b,
    0x37, 0xd7, 0x21, 0x24, 0xa4, 0x16, 0x0, 0x0,
    0x0, 0x9b, 0x0, 0x32, 0x19, 0x29, 0x83, 0x17,
    0x0, 0x0, 0x0, 0x0, 0x8f, 0x48, 0x3b, 0x2,
    0x66, 0x82, 0x29, 0x0, 0x0, 0x0, 0x7, 0xa0,
    0x9a, 0x9c, 0x9c, 0x63, 0xb2, 0x5b, 0x0, 0x0,
    0x0, 0x8, 0xd7, 0x6f, 0x5, 0x0, 0x40, 0xb2,
    0x5e, 0x0, 0x0,

    /* U+1F3A0 "🎠" */
    0x0, 0x0, 0x0, 0x0, 0x0, 0x0, 0x0, 0x90,
    0xae, 0xb, 0x0, 0x0, 0x0, 0x0, 0x0, 0x0,
    0x0, 0x37, 0x75, 0x0, 0x0, 0x0, 0x0, 0x0,
    0xab, 0xf8, 0x14, 0x0, 0x0, 0x0, 0x0, 0x0,
    0x0, 0x0, 0x51, 0x7f, 0xff, 0xed, 0xb4, 0x33,
    0x0, 0xd3, 0x9f, 0x14, 0x0, 0x0, 0x0, 0x0,
    0x0, 0x0, 0x0, 0x9f, 0xab, 0x90, 0x5f, 0xfa,
    0x86, 0x0, 0xaa, 0xee, 0x14, 0x0, 0x0, 0x0,
    0x0, 0x0, 0x0, 0x0, 0x93, 0x54, 0x67, 0x0,
    0x76, 0xfc, 0x29, 0xdc, 0xaa, 0x14, 0x0, 0x0,
    0x0, 0x0, 0x0, 0x0, 0x0, 0x8e, 0x0, 0x6b,
    0x5a, 0x4, 0xd3, 0x6c, 0xa7, 0xfc, 0x14, 0x0,
    0x0, 0x0, 0x0, 0x0, 0x0, 0x0, 0x8c, 0x1f,
    0xa3, 0xcd, 0x1a, 0x51, 0x74, 0xc0, 0x8e, 0x14,
    0x4, 0x0, 0x0, 0x0, 0x0, 0x0, 0x0, 0x9c,
    0xb4, 0xa9, 0x88, 0x5, 0x14, 0xf4, 0xff, 0xff,
    0xfc, 0xe8, 0x7e, 0x6b, 0x4f, 0x3, 0x0, 0x0,
    0x13, 0x39, 0xb, 0x8e, 0x39, 0xdd, 0xf7, 0xff,
    0xff, 0xff, 0xc2, 0x2e, 0x9b, 0xff, 0x83, 0x0,
    0x0, 0x0, 0x0, 0x24, 0xe0, 0xe0, 0x4c, 0x9d,
    0xdf, 0xff, 0x99, 0x8c, 0x3b, 0x3f, 0xff, 0xa2,
    0x8, 0x0, 0x0, 0x0, 0x1c, 0xc7, 0x7, 0x0,
    0x96, 0x59, 0x3a, 0x6e, 0x9c, 0x0, 0x58, 0xc5,
    0x8b, 0x7e, 0x0, 0x0, 0x7b, 0xff, 0xde, 0x0,
    0x0, 0x89, 0x62, 0xa5, 0x96, 0x7e, 0x0, 0x6c,
    0x50, 0xc0, 0xda, 0x15, 0xb, 0xff, 0x3f, 0x83,
    0x8c, 0x8d, 0x79, 0xff, 0xff, 0x96, 0xff, 0x63,
    0x6, 0x73, 0x3c, 0x0, 0x0, 0x7a, 0x97, 0x99,
    0xd, 0x0, 0x0, 0x0, 0xa0, 0xb9, 0x14, 0x29,
    0xff, 0xff, 0x61, 0x89, 0x0, 0x0, 0x5d, 0xb7,
    0xb2, 0x0, 0x0, 0x0, 0x0, 0xe3, 0xca, 0x14,
    0x0, 0x5, 0xff, 0xe7, 0x57, 0x8b, 0x0, 0x1a,
    0xf9, 0x3e, 0x0, 0x0, 0x0, 0x0, 0xa0, 0xd1,
    0x14, 0x0, 0x0, 0x23, 0xff, 0xac, 0xa5, 0x0,
    0x0, 0x16, 0x0, 0x0, 0x0, 0x0, 0x0, 0x74,
    0x9c, 0xc, 0x0, 0x0, 0x0, 0x6, 0x47, 0x42,
    0x0,

    /* U+1F3A2 "🎢" */
    0x0, 0x0, 0x0, 0x0, 0x0, 0x0, 0x0, 0x0,
    0x0, 0x0, 0x0, 0x0, 0x0, 0x17, 0x0, 0x0,
    0x4e, 0x1f, 0x0, 0x0, 0x0, 0x0, 0x0, 0x0,
    0x0, 0x0, 0x0, 0x0, 0x0, 0x0, 0x35, 0xd6,
    0x30, 0x57, 0xe2, 0x74, 0x0, 0x0, 0x0, 0x0,
    0x0, 0x0, 0x0, 0x0, 0x0, 0x86, 0xe, 0x4a,
    0x9d, 0x92, 0xc1, 0x58, 0x63, 0x8d, 0x0, 0x0,
    0x0, 0x0, 0x0, 0x0, 0x0, 0x0, 0x0, 0xd1,
    0xcb, 0x93, 0x50, 0x9a, 0xff, 0x7a, 0x94, 0xa8,
    0x0, 0x0, 0x0, 0x0, 0x0, 0x0, 0x91, 0x29,
    0x8b, 0x61, 0x58, 0xff, 0x8a, 0x94, 0xd0, 0xff,
    0x70, 0xa0, 0x0, 0x0, 0x0, 0x0, 0x0, 0x0,
    0xb4, 0xd7, 0x8e, 0x99, 0x87, 0xd0, 0x70, 0x11,
    0x1, 0xd9, 0x75, 0xa9, 0x0, 0x0, 0x0, 0x0,
    0x0, 0x44, 0x92, 0x56, 0xff, 0xc1, 0xa6, 0x9,
    0x12, 0x83, 0xff, 0x8a, 0xde, 0x2c, 0x0, 0x0,
    0x0, 0x0, 0x0, 0x8a, 0x73, 0x7d, 0xb3, 0x43,
    0xb0, 0x8a, 0xdd, 0x2c, 0xa0, 0xb, 0xa1, 0x0,
    0x0, 0x0, 0x0, 0x0, 0x0, 0xf4, 0xd3, 0xa9,
    0x19, 0x21, 0xc7, 0x9d, 0x59, 0x0, 0x7c, 0x40,
    0x8c, 0x0, 0x0, 0x0, 0x0, 0x0, 0x0, 0x2f,
    0xba, 0x11, 0x25, 0xff, 0x72, 0x85, 0x1c, 0x0,
    0x7c, 0x40, 0x8c, 0x0, 0x0, 0x0, 0x0, 0x0,
    0xd, 0xfa, 0x40, 0x32, 0xbe, 0x21, 0x8c, 0xa0,
    0x0, 0x0, 0x7c, 0x40, 0x8c, 0x0, 0x0, 0x0,
    0x0, 0x0, 0xa1, 0x33, 0xc3, 0xff, 0x16, 0x14,
    0x8c, 0xa0, 0x0, 0x0, 0x7c, 0x40, 0x8c, 0x0,
    0x0, 0x0, 0x0, 0x72, 0x4e, 0x7, 0xae, 0xb9,
    0x0, 0x14, 0x8c, 0xa0, 0x0, 0x0, 0x7c, 0x40,
    0x8c, 0x0, 0x0, 0x0, 0x38, 0xc5, 0x0, 0x99,
    0x34, 0xa1, 0x0, 0x14, 0x8c, 0xa0, 0x0, 0x0,
    0x7c, 0x40, 0x8c, 0x0, 0x0, 0x6, 0xaf, 0x80,
    0xc7, 0xff, 0x34, 0x70, 0x0, 0x14, 0x8c, 0xa0,
    0x0, 0x0, 0x7c, 0x40, 0x8c, 0x0, 0x0, 0x7e,
    0x39, 0x6, 0xbb, 0xaa, 0x4c, 0x54, 0x0, 0x14,
    0x8c, 0xa0, 0x0, 0x0, 0x7c, 0x40, 0x8c, 0x0,
    0xa, 0x9d, 0xa0, 0xa0, 0x40, 0x66, 0x98, 0x35,
    0x0, 0xc, 0x9c, 0x89, 0x0, 0x0, 0x4f, 0x98,
    0x59, 0x0,

    /* U+1F3A3 "🎣" */
    0x0, 0x0, 0x0, 0x0, 0x0, 0x0, 0x0, 0x0,
    0x0, 0xa, 0x58, 0x78, 0x78, 0x53, 0x4, 0x0,
    0x0, 0x0, 0x0, 0x0, 0x0, 0x0, 0x0, 0x0,
    0x0, 0x42, 0x7b, 0x59, 0x66, 0x5c, 0x40, 0x8d,
    0x9, 0x0, 0x0, 0x0, 0x0, 0x0, 0x0, 0x0,
    0x0, 0xe, 0xe4, 0x87, 0x48, 0xe, 0x19, 0x83,
    0x35, 0x6f, 0x0, 0x0, 0x0, 0x0, 0x0, 0x0,
    0x0, 0x0, 0x7a, 0x19, 0x0, 0x0, 0x0, 0x0,
    0x4, 0x79, 0x7a, 0x0, 0x0, 0x0, 0x0, 0x0,
    0x0, 0x0, 0x0, 0x80, 0x0, 0x0, 0x0, 0x0,
    0x0, 0x0, 0x77, 0x73, 0x3, 0x0, 0x0, 0x0,
    0x0, 0x0, 0x0, 0x0, 0x78, 0x0, 0x0, 0x0,
    0x0, 0x0, 0x0, 0x78, 0x74, 0x3, 0x0, 0x0,
    0x0, 0x0, 0x0, 0x0, 0x15, 0x80, 0x0, 0x0,
    0x0, 0x0, 0x0, 0x2, 0x78, 0x7b, 0x0, 0x0,
    0x0, 0x0, 0x74, 0xa5, 0x9f, 0xff, 0x74, 0x0,
    0x0, 0x0, 0x0, 0x0, 0x3a, 0x43, 0x7d, 0x0,
    0x1, 0x5b, 0xaa, 0x5b, 0x3d, 0x3f, 0xa7, 0xc9,
    0x0, 0x0, 0x0, 0x0, 0x0, 0x7e, 0x33, 0x4f,
    0x0, 0x9, 0xaf, 0x1, 0x0, 0x11, 0x11, 0x0,
    0xa0, 0x0, 0x0, 0x0, 0x0, 0x56, 0xcc, 0xd9,
    0x3, 0x0, 0x0, 0x8e, 0x1c, 0x0, 0x93, 0x1d,
    0x2a, 0x85, 0x0, 0x0, 0xe, 0x47, 0xb3, 0x0,
    0xa2, 0x0, 0x0, 0x0, 0x26, 0x80, 0x0, 0x90,
    0x5, 0xae, 0x23, 0x0, 0x0, 0xa6, 0xff, 0xff,
    0x29, 0x7d, 0x0, 0x0, 0x4, 0x5f, 0x9c, 0x0,
    0x2b, 0xb8, 0x60, 0x11, 0xa8, 0x90, 0xfc, 0xff,
    0x9a, 0x87, 0x22, 0x0, 0x0, 0x95, 0x75, 0xb,
    0xac, 0xbd, 0x3c, 0x0, 0x1, 0x46, 0x1b, 0xff,
    0xff, 0x2f, 0xa3, 0x0, 0x0, 0x0, 0x3b, 0x92,
    0xa8, 0xa1, 0x0, 0x0, 0x0, 0x0, 0x0, 0x13,
    0xff, 0x26, 0x5e, 0x4e, 0x0, 0x0, 0x0, 0x0,
    0x0, 0x41, 0x50, 0x0, 0x0, 0x0, 0x0, 0x0,
    0x0, 0xaf, 0xd, 0xaf, 0x1, 0x0, 0x0, 0x0,
    0x0, 0x0, 0x0, 0x0, 0x0, 0x0, 0x0, 0x0,
    0x0, 0x0, 0x3c, 0x97, 0x36, 0x0, 0x0, 0x0,
    0x0,

    /* U+1F3A5 "🎥" */
    0x0, 0x0, 0x0, 0x0, 0x1f, 0x5b, 0x62, 0x2f,
    0x0, 0x0, 0x0, 0x0, 0x0, 0x0, 0x0, 0x0,
    0x0, 0x0, 0x0, 0x6, 0x93, 0x93, 0x48, 0x41,
    0x7b, 0xa7, 0x17, 0x0, 0x0, 0x0, 0x0, 0x0,
    0x0, 0x0, 0x0, 0x0, 0x84, 0x4a, 0x71, 0x75,
    0x75, 0x80, 0x2f, 0xb2, 0x4, 0x0, 0x0, 0x0,
    0x0, 0x0, 0x0, 0x0, 0x22, 0x91, 0x72, 0x50,
    0xa5, 0xa5, 0x50, 0x8b, 0x58, 0x5b, 0x76, 0x93,
    0x93, 0x79, 0x4, 0x0, 0x0, 0x5c, 0x4c, 0x73,
    0xac, 0xf, 0x3, 0xbe, 0x5b, 0x2f, 0xff, 0x54,
    0x7a, 0x76, 0x4a, 0x8c, 0x0, 0x0, 0x5a, 0x4e,
    0x73, 0xa4, 0x36, 0x22, 0xc0, 0x60, 0x33, 0xff,
    0x82, 0x2d, 0x39, 0x7f, 0x97, 0xb, 0x0, 0x1d,
    0x98, 0x6b, 0x46, 0x97, 0x9f, 0x3d, 0x87, 0x71,
    0xe1, 0x8f, 0x7, 0xc, 0x91, 0x88, 0x18, 0x0,
    0x0, 0x89, 0x56, 0x65, 0x75, 0x76, 0x78, 0x33,
    0xaf, 0xaf, 0x37, 0xa1, 0xa2, 0x32, 0xb0, 0x0,
    0x1f, 0x68, 0x5d, 0x74, 0x9c, 0x5e, 0x8d, 0xcd,
    0xd1, 0x53, 0x71, 0xfc, 0x9d, 0x8e, 0xb5, 0x31,
    0x0, 0xb4, 0x3b, 0xff, 0x45, 0x12, 0xd8, 0xb6,
    0x7c, 0x5c, 0x5c, 0x5c, 0x6b, 0xa6, 0xc6, 0x85,
    0x7, 0x3d, 0xa0, 0x0, 0xa3, 0xab, 0x57, 0xa3,
    0x0, 0x0, 0x0, 0x0, 0x0, 0x0, 0x0, 0x0,
    0xf5, 0xa2, 0xab, 0xa0, 0x0, 0xa0, 0x56, 0x9c,
    0xda, 0x0, 0x2, 0x0, 0x0, 0x0, 0x0, 0x0,
    0x0, 0xc6, 0x34, 0xa0, 0xa0, 0x0, 0xa0, 0x40,
    0x50, 0xd0, 0x1c, 0x6f, 0xab, 0xfc, 0xfc, 0xfc,
    0xca, 0x0, 0xce, 0x76, 0x9b, 0xa0, 0x0, 0xa0,
    0x40, 0x50, 0xd0, 0x1b, 0x62, 0xbc, 0xff, 0xff,
    0xff, 0xdb, 0x0, 0xa0, 0x0, 0x0, 0xa0, 0x0,
    0xa0, 0x9d, 0xbd, 0xc7, 0x3, 0x15, 0xf, 0x24,
    0x24, 0x24, 0x13, 0x0, 0xa0, 0x0, 0x0, 0xaa,
    0x0, 0xe4, 0x7d, 0x0, 0x8d, 0x6, 0x0, 0x0,
    0x0, 0x0, 0x0, 0x0, 0x1e, 0x99, 0x0, 0x0,
    0x61, 0xa3, 0xde, 0x3, 0x0, 0x31, 0x99, 0xa0,
    0xa0, 0xa0, 0xa0, 0xa0, 0xa0, 0x92, 0x1b, 0x0,
    0x0,

    /* U+1F3A7 "🎧" */
    0x0, 0x0, 0x0, 0x0, 0x1d, 0x65, 0x8c, 0x99,
    0x87, 0x54, 0xf, 0x0, 0x0, 0x0, 0x0, 0x0,
    0x0, 0x13, 0x99, 0x8e, 0x3e, 0x13, 0x6, 0x19,
    0x51, 0x9f, 0x7c, 0x3, 0x0, 0x0, 0x0, 0x1e,
    0xae, 0x1f, 0x0, 0x35, 0x75, 0x86, 0x6a, 0x20,
    0x0, 0x41, 0xa4, 0x5, 0x0, 0x3, 0xad, 0x12,
    0x12, 0xa0, 0x74, 0x2d, 0x1b, 0x38, 0x8a, 0x84,
    0x1, 0x37, 0x8b, 0x0, 0x60, 0x50, 0x3, 0xa4,
    0x19, 0x0, 0x0, 0x0, 0x0, 0x0, 0x3d, 0x81,
    0x0, 0x8b, 0x24, 0xa3, 0x2, 0x5e, 0x46, 0x0,
    0x0, 0x0, 0x0, 0x0, 0x0, 0x0, 0x83, 0x22,
    0x2c, 0x7a, 0x9f, 0x0, 0x9b, 0x0, 0x0, 0x0,
    0x0, 0x0, 0x0, 0x0, 0x0, 0x27, 0x76, 0x0,
    0x9e, 0xa3, 0x1, 0x97, 0x0, 0x0, 0x0, 0x0,
    0x0, 0x0, 0x0, 0x0, 0x1, 0x9a, 0x0, 0xa4,
    0x95, 0xdb, 0x3e, 0x0, 0x0, 0x0, 0x0, 0x0,
    0x0, 0x0, 0x0, 0x0, 0x6b, 0xf6, 0x53, 0x2c,
    0x68, 0xbe, 0xb7, 0xfe, 0x10, 0x0, 0x0, 0x0,
    0xb1, 0xe5, 0xde, 0x54, 0x9d, 0x0, 0x22, 0xf1,
    0xe3, 0x9, 0xda, 0xb3, 0x0, 0x0, 0x1b, 0xff,
    0x85, 0x6a, 0xc2, 0xd7, 0x0, 0x12, 0xff, 0x93,
    0xb, 0xbd, 0xff, 0x0, 0x0, 0x83, 0xff, 0x7e,
    0x6c, 0x38, 0xff, 0x0, 0x99, 0x9a, 0x78, 0x24,
    0xa2, 0xff, 0x8, 0x0, 0xe8, 0xff, 0x5c, 0x88,
    0x16, 0xf4, 0x2d, 0xec, 0xba, 0x45, 0x5d, 0x73,
    0xff, 0x28, 0x0, 0xff, 0xff, 0x22, 0xa6, 0x1,
    0xff, 0x6b, 0x5e, 0xe5, 0x8, 0x9b, 0x37, 0xff,
    0x3b, 0x0, 0xff, 0xda, 0x13, 0x98, 0x2b, 0xf4,
    0x19, 0x0, 0x41, 0x9a, 0x94, 0x2d, 0xff, 0x25,
    0x0, 0xff, 0x73, 0x85, 0x6b, 0xac, 0xe, 0x0,
    0x0, 0x0, 0x2a, 0x8d, 0xc7, 0x6c, 0x0, 0x0,
    0x3d, 0x91, 0xd4, 0x6a, 0xb, 0x0, 0x0,

    /* U+1F3AC "🎬" */
    0x0, 0x0, 0x0, 0x0, 0x0, 0x0, 0x0, 0x0,
    0x0, 0x0, 0x0, 0xd, 0x32, 0x59, 0x80, 0x15,
    0x0, 0x0, 0x0, 0x0, 0x3, 0x23, 0x4c, 0x72,
    0x94, 0xfc, 0xac, 0xa2, 0xff, 0x7b, 0x64, 0x44,
    0x57, 0x95, 0x96, 0xb0, 0xff, 0x75, 0x9d, 0xcd,
    0x18, 0x20, 0xae, 0x37, 0x1f, 0xca, 0xba, 0x6d,
    0xab, 0xa0, 0x7a, 0x2, 0x4a, 0xb0, 0x42, 0x78,
    0xff, 0x9f, 0x9d, 0xc5, 0x7c, 0x56, 0x2f, 0x9,
    0xaa, 0x96, 0xff, 0xff, 0xbc, 0xc7, 0x9d, 0x66,
    0x3f, 0x28, 0x27, 0x27, 0x27, 0x27, 0x27, 0x19,
    0xa6, 0x9f, 0xbf, 0xe2, 0x6f, 0xda, 0xa6, 0x79,
    0xff, 0x83, 0x97, 0xfc, 0x70, 0xbf, 0xd3, 0x9a,
    0x83, 0x68, 0xbb, 0x18, 0x71, 0x99, 0x18, 0xbd,
    0x4e, 0x2b, 0xcc, 0x28, 0x56, 0xb5, 0x16, 0x95,
    0x41, 0xff, 0xff, 0xff, 0xff, 0xff, 0xff, 0xff,
    0xff, 0xff, 0xff, 0xff, 0xff, 0xff, 0xff, 0x60,
    0x0, 0xe3, 0xff, 0xff, 0xff, 0xff, 0xff, 0xff,
    0xff, 0xff, 0xff, 0xff, 0xff, 0xff, 0xff, 0x13,
    0x0, 0xe3, 0xdc, 0x5f, 0x5f, 0x5f, 0x5f, 0x5f,
    0x5f, 0x5f, 0x5f, 0x5f, 0x5f, 0xb2, 0xff, 0x13,
    0x0, 0xe3, 0xff, 0xff, 0xff, 0xff, 0xff, 0xff,
    0xff, 0xff, 0xff, 0xff, 0xff, 0xff, 0xff, 0x13,
    0x0, 0xe3, 0xff, 0xff, 0xff, 0xff, 0xff, 0xff,
    0xff, 0xff, 0xff, 0xff, 0xff, 0xff, 0xff, 0x13,
    0x0, 0xe3, 0xe6, 0x5f, 0x5f, 0x50, 0x5c, 0x5f,
    0x5f, 0x5f, 0x46, 0x5f, 0x5f, 0xbc, 0xff, 0x13,
    0x0, 0xe3, 0xff, 0xff, 0xff, 0xaf, 0xeb, 0xff,
    0xff, 0xff, 0x77, 0xff, 0xff, 0xff, 0xff, 0x13,
    0x0, 0xe3, 0xff, 0xff, 0xff, 0xaf, 0xeb, 0xff,
    0xff, 0xff, 0x77, 0xff, 0xff, 0xff, 0xff, 0x13,
    0x0, 0xe3, 0xff, 0xff, 0xff, 0xfc, 0xff, 0xff,
    0xff, 0xff, 0xf9, 0xff, 0xff, 0xff, 0xff, 0x13,
    0x0, 0x8e, 0x9f, 0x9f, 0x9f, 0x9f, 0x9f, 0x9f,
    0x9f, 0x9f, 0x9f, 0x9f, 0x9f, 0x9f, 0x9f, 0xc,

    /* U+1F3AE "🎮" */
    0x0, 0x0, 0x0, 0x22, 0x8c, 0x7b, 0x0, 0x0,
    0x0, 0x0, 0x0, 0x0, 0x61, 0x93, 0x2c, 0x0,
    0x0, 0x0, 0x0, 0x0, 0x0, 0xd5, 0xff, 0xf2,
    0x9e, 0x9f, 0xa0, 0xa0, 0xa0, 0x9e, 0xe7, 0xff,
    0xe8, 0x2, 0x0, 0x0, 0x0, 0x0, 0x6d, 0x94,
    0x27, 0x0, 0x0, 0x0, 0x0, 0x0, 0x0, 0x0,
    0x0, 0x27, 0x94, 0x7f, 0x0, 0x0, 0x0, 0x30,
    0x81, 0x0, 0x36, 0x4f, 0x0, 0x0, 0x0, 0x0,
    0x0, 0x0, 0x40, 0x85, 0x0, 0x83, 0x39, 0x0,
    0x0, 0x94, 0x11, 0x1e, 0xe0, 0xe9, 0x38, 0x0,
    0x0, 0x0, 0x0, 0x67, 0x57, 0x23, 0x89, 0x10,
    0x9c, 0x0, 0x0, 0xa3, 0x0, 0x0, 0x44, 0x60,
    0x0, 0x2c, 0x5, 0x3, 0x2f, 0x2, 0x48, 0x71,
    0xc, 0x0, 0xa6, 0x0, 0x1e, 0x85, 0x0, 0x0,
    0x0, 0x0, 0x5e, 0x95, 0x8f, 0x8a, 0x8b, 0x7e,
    0x5, 0xe, 0x0, 0x0, 0x83, 0x22, 0x4e, 0x54,
    0x0, 0x0, 0x0, 0x0, 0x41, 0xb6, 0x6d, 0x66,
    0xb6, 0x5b, 0x0, 0x0, 0x0, 0x0, 0x53, 0x51,
    0x75, 0x2b, 0xe, 0x0, 0x0, 0x0, 0x0, 0x0,
    0x0, 0x0, 0x0, 0x0, 0x0, 0x0, 0x0, 0x0,
    0x2b, 0x76, 0x91, 0xe, 0x93, 0x0, 0x1, 0xa4,
    0x9d, 0x9d, 0x9e, 0x9e, 0x9d, 0x9e, 0xa6, 0x4,
    0x78, 0x0, 0xc, 0x91, 0x99, 0x5, 0x96, 0x0,
    0x4d, 0x66, 0x0, 0x0, 0x0, 0x0, 0x0, 0x0,
    0x64, 0x4f, 0x8e, 0x19, 0x2, 0x9c, 0x76, 0x2f,
    0xb, 0x7, 0xb0, 0x7, 0x0, 0x0, 0x0, 0x0,
    0x0, 0x0, 0x7, 0xb1, 0x14, 0xb, 0x2d, 0x79,
    0x11, 0xa2, 0x9e, 0xad, 0x37, 0x0, 0x0, 0x0,
    0x0, 0x0, 0x0, 0x0, 0x0, 0x39, 0xad, 0x9f,
    0xa4, 0x12,

    /* U+1F3AF "🎯" */
    0x0, 0x0, 0x0, 0x0, 0x0, 0x6, 0x4e, 0x86,
    0x9a, 0x87, 0x4e, 0x6, 0x0, 0x0, 0x0, 0x0,
    0x0, 0x0, 0x0, 0x0, 0x0, 0x1, 0x6a, 0xa1,
    0x54, 0x19, 0x5, 0x18, 0x52, 0x9f, 0x6c, 0x2,
    0x0, 0x0, 0x0, 0x0, 0x0, 0x0, 0xb, 0x9e,
    0x45, 0x4, 0x4c, 0x88, 0x92, 0x6d, 0x1a, 0x0,
    0x43, 0xa0, 0xc, 0x0, 0x0, 0x0, 0x0, 0x2,
    0xa0, 0x21, 0x2e, 0xae, 0x5d, 0x19, 0xd, 0x37,
    0x97, 0x77, 0x0, 0x26, 0xff, 0xd8, 0x57, 0x0,
    0x0, 0x73, 0x3d, 0x29, 0xa6, 0xa, 0x0, 0x0,
    0x2, 0x0, 0x0, 0x56, 0x87, 0x99, 0xff, 0xff,
    0xcd, 0x56, 0xa, 0x9d, 0x1, 0xaa, 0xc, 0x1a,
    0x9a, 0xa2, 0x9d, 0xa6, 0x49, 0x0, 0x9b, 0xff,
    0xff, 0xff, 0xff, 0x2f, 0x4d, 0x55, 0x41, 0x65,
    0xf, 0xaf, 0x1a, 0x0, 0x0, 0x2, 0x87, 0x65,
    0xce, 0xff, 0xff, 0xff, 0xff, 0x3b, 0x7e, 0x21,
    0x84, 0x1c, 0x71, 0x38, 0x0, 0x41, 0x9b, 0x55,
    0x99, 0xff, 0x29, 0xac, 0x3e, 0x6b, 0x9e, 0x0,
    0x8f, 0x11, 0x9a, 0x5, 0x97, 0x8, 0x0, 0xc8,
    0xff, 0xff, 0x15, 0x9f, 0x0, 0x92, 0xd, 0xd,
    0x92, 0x0, 0x7e, 0x21, 0x86, 0x1b, 0x75, 0x33,
    0x0, 0x67, 0xcf, 0x41, 0x0, 0xa8, 0x0, 0xa1,
    0x1, 0x1e, 0x81, 0x0, 0x4e, 0x55, 0x48, 0x62,
    0x14, 0xac, 0x10, 0x0, 0x0, 0x0, 0x77, 0x59,
    0x6, 0xa4, 0x0, 0x54, 0x4f, 0x0, 0xb, 0x9f,
    0x2, 0xaf, 0xa, 0x23, 0xa0, 0x9b, 0x91, 0xa8,
    0x5a, 0x0, 0x74, 0x45, 0x0, 0x9f, 0xb, 0x0,
    0x0, 0x74, 0x3f, 0x30, 0xa3, 0x7, 0x0, 0x5,
    0xe, 0x0, 0x0, 0x4c, 0x8f, 0x0, 0x3c, 0x76,
    0x0, 0x0, 0x0, 0x3, 0xa3, 0x20, 0x35, 0xad,
    0x54, 0x13, 0x8, 0x31, 0x92, 0x82, 0x1, 0x1e,
    0xa4, 0x3, 0x0, 0x0, 0x0, 0x0, 0xd, 0xa0,
    0x3e, 0x6, 0x55, 0x91, 0x9b, 0x77, 0x21, 0x0,
    0x3b, 0xa1, 0xe, 0x0, 0x0, 0x0, 0x0, 0x0,
    0x0, 0x3, 0x71, 0x9c, 0x4c, 0x11, 0x0, 0xf,
    0x4a, 0x9b, 0x73, 0x3, 0x0, 0x0, 0x0, 0x0,
    0x0, 0x0, 0x0, 0x0, 0x0, 0x9, 0x56, 0x8f,
    0x9f, 0x8f, 0x57, 0x9, 0x0, 0x0, 0x0, 0x0,
    0x0, 0x0,

    /* U+1F3B0 "🎰" */
    0x0, 0x0, 0x0, 0x0, 0x0, 0x0, 0x8, 0x7e,
    0x8b, 0x14, 0x0, 0x0, 0x0, 0x0, 0x0, 0x0,
    0x0, 0x0, 0x0, 0x0, 0x0, 0x0, 0x0, 0x0,
    0x79, 0xff, 0xff, 0xab, 0x0, 0x0, 0x0, 0x0,
    0x0, 0x0, 0x0, 0x0, 0x0, 0x0, 0x0, 0x8,
    0x72, 0xa6, 0x8b, 0x6c, 0x68, 0x82, 0xa6, 0x8b,
    0x1a, 0x0, 0x0, 0x0, 0x0, 0x0, 0x0, 0x0,
    0x25, 0xad, 0x3d, 0x35, 0x8b, 0xaa, 0xe9, 0x91,
    0x3f, 0x24, 0xa8, 0x50, 0x0, 0x0, 0x0, 0x0,
    0x0, 0x14, 0xac, 0x10, 0xc4, 0x9e, 0x20, 0x5,
    0x9c, 0x19, 0x81, 0xdb, 0x8, 0x98, 0x3f, 0x0,
    0x0, 0x0, 0x0, 0x8d, 0x20, 0x91, 0x67, 0xae,
    0x37, 0x4, 0x9c, 0xd, 0xa6, 0x72, 0x9f, 0x7,
    0xb0, 0x0, 0x0, 0x0, 0x0, 0x9c, 0x32, 0x81,
    0x0, 0x7, 0x92, 0x71, 0xb7, 0xad, 0x26, 0x0,
    0x69, 0x49, 0x86, 0x1e, 0x0, 0x0, 0x0, 0x98,
    0xab, 0xaf, 0xa0, 0xa0, 0xc3, 0xff, 0xff, 0xd9,
    0xa0, 0xa0, 0xa6, 0xc3, 0x69, 0x36, 0x2d, 0x8,
    0x0, 0x98, 0xa0, 0x0, 0x1, 0x0, 0x5c, 0x1,
    0x0, 0x5c, 0x0, 0x1, 0x0, 0xa0, 0x68, 0x41,
    0xfc, 0x65, 0x0, 0x98, 0xa0, 0x5f, 0xd9, 0x7b,
    0x5c, 0xbe, 0xe1, 0x81, 0x66, 0xdb, 0x71, 0xa0,
    0x68, 0x38, 0xce, 0x9, 0x0, 0x98, 0xa0, 0x5,
    0x9e, 0x30, 0x5c, 0x9, 0xbf, 0x5c, 0x5, 0xaa,
    0x24, 0xa0, 0x68, 0x38, 0xa0, 0x0, 0x0, 0x98,
    0xa0, 0x0, 0x61, 0x7, 0x5c, 0xc, 0x5b, 0x5c,
    0x0, 0x66, 0x2, 0xa0, 0x68, 0x6c, 0xae, 0x0,
    0x0, 0x98, 0xa0, 0x70, 0x70, 0x70, 0xc3, 0x70,
    0x70, 0xc3, 0x70, 0x70, 0x70, 0xaa, 0x68, 0x98,
    0x43, 0x0, 0x32, 0x7f, 0x1e, 0x30, 0x30, 0x30,
    0x30, 0x30, 0x30, 0x30, 0x30, 0x30, 0x30, 0x22,
    0x48, 0x6b, 0x0, 0x0, 0xcf, 0xaf, 0xa4, 0xa4,
    0xa4, 0xa4, 0xa4, 0xa4, 0xa4, 0xa4, 0xa4, 0xa4,
    0xa4, 0xa4, 0xa4, 0xec, 0x0, 0x0, 0xa0, 0x0,
    0x0, 0x0, 0x0, 0x0, 0x0, 0x0, 0x0, 0x0,
    0x0, 0x0, 0x0, 0x0, 0x0, 0x8c, 0x0, 0x0,
    0x69, 0xa0, 0xa0, 0xa0, 0xa0, 0xa0, 0xa0, 0xa0,
    0xa0, 0xa0, 0xa0, 0xa0, 0xa0, 0xa0, 0xa0, 0x83,
    0x0, 0x0,

    /* U+1F3B1 "🎱" */
    0x0, 0x0, 0x0, 0x0, 0x1, 0x47, 0x91, 0xb5,
    0xbc, 0xa1, 0x62, 0xd, 0x0, 0x0, 0x0, 0x0,
    0x0, 0x0, 0x0, 0x0, 0x39, 0xd3, 0xff, 0xff,
    0xff, 0xff, 0xff, 0xff, 0xf0, 0x6c, 0x0, 0x0,
    0x0, 0x0, 0x0, 0x0, 0x5b, 0xfa, 0xd5, 0x67,
    0x43, 0x66, 0xd6, 0xff, 0xff, 0xff, 0xff, 0xa3,
    0x3, 0x0, 0x0, 0x0, 0x40, 0xfb, 0xbb, 0x8,
    0x46, 0xa1, 0x35, 0xb, 0xd4, 0xff, 0xff, 0xff,
    0xff, 0x8b, 0x0, 0x0, 0x7, 0xdd, 0xfc, 0x1f,
    0x0, 0xb2, 0x4c, 0xc1, 0x0, 0x65, 0xff, 0xff,
    0xff, 0xff, 0xfe, 0x36, 0x0, 0x60, 0xff, 0xd6,
    0x0, 0xd, 0xb7, 0xeb, 0x35, 0x0, 0x47, 0xff,
    0xff, 0xff, 0xff, 0xff, 0xad, 0x0, 0xb3, 0xff,
    0xd9, 0x0, 0x65, 0x7d, 0x88, 0x49, 0x0, 0x6c,
    0xff, 0xff, 0xff, 0xff, 0xff, 0xf8, 0x8, 0xe3,
    0xff, 0xff, 0x2f, 0x16, 0xa1, 0xae, 0x14, 0x7,
    0xd4, 0xff, 0xff, 0xff, 0xff, 0xff, 0xff, 0x32,
    0xf3, 0xff, 0xff, 0xdc, 0x34, 0x0, 0x0, 0x19,
    0xb4, 0xff, 0xff, 0xff, 0xff, 0xff, 0xff, 0xff,
    0x42, 0xe4, 0xff, 0xff, 0xff, 0xff, 0xe1, 0xd7,
    0xfa, 0xff, 0xff, 0xff, 0xff, 0xff, 0xf4, 0xd8,
    0xff, 0x33, 0xb5, 0xff, 0xff, 0xff, 0xff, 0xff,
    0xff, 0xff, 0xff, 0xff, 0xff, 0xff, 0xff, 0x68,
    0xbf, 0xf9, 0x9, 0x63, 0xff, 0xff, 0xff, 0xff,
    0xff, 0xff, 0xff, 0xff, 0xff, 0xff, 0xff, 0xb0,
    0x50, 0xff, 0xb0, 0x0, 0x9, 0xe1, 0xff, 0xff,
    0xff, 0xff, 0xff, 0xff, 0xff, 0xff, 0xff, 0x95,
    0x50, 0xf2, 0xfe, 0x3a, 0x0, 0x0, 0x47, 0xfd,
    0xff, 0xff, 0xff, 0xff, 0xff, 0xfb, 0xb3, 0x41,
    0x7d, 0xfd, 0xff, 0x94, 0x0, 0x0, 0x0, 0x0,
    0x65, 0xfd, 0xff, 0xff, 0xf2, 0x61, 0x59, 0x8e,
    0xe8, 0xff, 0xff, 0xac, 0x4, 0x0, 0x0, 0x0,
    0x0, 0x0, 0x43, 0xdb, 0xff, 0xff, 0xff, 0xff,
    0xff, 0xff, 0xf5, 0x77, 0x2, 0x0, 0x0, 0x0,
    0x0, 0x0, 0x0, 0x0, 0x3, 0x50, 0x99, 0xbf,
    0xc4, 0xa9, 0x6b, 0x11, 0x0, 0x0, 0x0, 0x0,
    0x0,

    /* U+1F3B2 "🎲" */
    0x0, 0x0, 0x0, 0x0, 0x0, 0x0, 0x21, 0x7e,
    0x85, 0x2e, 0x0, 0x0, 0x0, 0x0, 0x0, 0x0,
    0x0, 0x0, 0x0, 0x0, 0x2d, 0x9a, 0x8d, 0x20,
    0x15, 0x7f, 0xa3, 0x3c, 0x0, 0x0, 0x0, 0x0,
    0x0, 0x0, 0x38, 0xa2, 0x83, 0x15, 0x0, 0x0,
    0x1, 0x0, 0xc, 0x73, 0xa9, 0x4a, 0x0, 0x0,
    0x0, 0x94, 0x7f, 0xe, 0x0, 0x0, 0x48, 0xec,
    0xf3, 0x63, 0x0, 0x0, 0x7, 0x6b, 0xb0, 0x6,
    0x55, 0xf8, 0x32, 0x0, 0x0, 0x0, 0x7c, 0xff,
    0xff, 0x9f, 0x0, 0x0, 0x0, 0x21, 0xe5, 0x75,
    0x90, 0x3d, 0x8d, 0x8f, 0x11, 0x0, 0x2, 0x47,
    0x50, 0x6, 0x0, 0x9, 0x7e, 0x9a, 0x33, 0xa6,
    0xa0, 0x0, 0x2c, 0x2e, 0xa9, 0x68, 0x2, 0x0,
    0x0, 0x0, 0x52, 0xad, 0x3a, 0x2d, 0x0, 0xa4,
    0xa0, 0x0, 0xf5, 0x82, 0x0, 0x53, 0xae, 0x45,
    0x38, 0xa7, 0x66, 0x2, 0x60, 0xff, 0x14, 0xa4,
    0xa0, 0x0, 0x65, 0x67, 0x0, 0x0, 0x9, 0xb1,
    0xc9, 0x11, 0x0, 0x0, 0x4f, 0x79, 0x0, 0xa4,
    0xa0, 0x0, 0x0, 0x0, 0x0, 0x0, 0x0, 0x4a,
    0x6d, 0x0, 0x0, 0x3d, 0x53, 0x0, 0x0, 0xa4,
    0xa0, 0x0, 0x0, 0x0, 0x0, 0x0, 0x0, 0x44,
    0x68, 0x0, 0x3, 0xf3, 0xa8, 0x0, 0x0, 0xa4,
    0x9b, 0x4, 0x0, 0x0, 0x0, 0x0, 0x0, 0x44,
    0x68, 0x0, 0x0, 0x59, 0x13, 0x0, 0x0, 0xa3,
    0x59, 0x6a, 0x0, 0x0, 0x0, 0x97, 0x3a, 0x44,
    0x68, 0x1e, 0xae, 0x1c, 0x0, 0x0, 0x4b, 0x7f,
    0x0, 0x69, 0x9f, 0x19, 0x0, 0xb4, 0xa8, 0x44,
    0x68, 0x80, 0xee, 0x14, 0xf, 0x92, 0x83, 0x4,
    0x0, 0x0, 0x1e, 0xa5, 0x66, 0x9, 0x15, 0x45,
    0x69, 0xb, 0x15, 0x52, 0xaf, 0x2d, 0x0, 0x0,
    0x0, 0x0, 0x0, 0x0, 0x58, 0xab, 0x43, 0x96,
    0xb0, 0x3c, 0xa4, 0x6f, 0x2, 0x0, 0x0, 0x0,
    0x0, 0x0, 0x0, 0x0, 0x0, 0xd, 0x6a, 0x99,
    0x9c, 0x74, 0x16, 0x0, 0x0, 0x0, 0x0, 0x0,

    /* U+1F3B5 "🎵" */
    0x0, 0x0, 0x0, 0x0, 0x0, 0x0, 0x0, 0x0,
    0x0, 0x0, 0x0, 0xf, 0x32, 0x4d, 0x0, 0x0,
    0x0, 0x1, 0x1c, 0x3f, 0x62, 0x84, 0xa7, 0xca,
    0xed, 0xff, 0xff, 0xec, 0x0, 0x0, 0x0, 0xe6,
    0xff, 0xff, 0xff, 0xff, 0xff, 0xff, 0xff, 0xff,
    0xff, 0xec, 0x0, 0x0, 0x0, 0xec, 0xff, 0xff,
    0xff, 0xff, 0xff, 0xff, 0xff, 0xff, 0xff, 0xec,
    0x0, 0x0, 0x0, 0xec, 0xff, 0xff, 0xed, 0xcb,
    0xa8, 0x86, 0x63, 0x41, 0x6c, 0xec, 0x0, 0x0,
    0x0, 0xec, 0x71, 0xf, 0x0, 0x0, 0x0, 0x0,
    0x0, 0x0, 0x54, 0xec, 0x0, 0x0, 0x0, 0xec,
    0x54, 0x0, 0x0, 0x0, 0x0, 0x0, 0x0, 0x0,
    0x54, 0xec, 0x0, 0x0, 0x0, 0xec, 0x54, 0x0,
    0x0, 0x0, 0x0, 0x0, 0x0, 0x0, 0x54, 0xec,
    0x0, 0x0, 0x0, 0xec, 0x54, 0x0, 0x0, 0x0,
    0x0, 0x0, 0x0, 0x0, 0x54, 0xec, 0x0, 0x0,
    0x0, 0xec, 0x54, 0x0, 0x0, 0x0, 0x0, 0x0,
    0x0, 0x0, 0x54, 0xec, 0x0, 0x0, 0x0, 0xec,
    0x54, 0x0, 0x0, 0x0, 0x0, 0x0, 0x0, 0x0,
    0x54, 0xec, 0x0, 0x0, 0x0, 0xec, 0x54, 0x0,
    0x0, 0x0, 0x0, 0x0, 0x10, 0x7e, 0xc8, 0xec,
    0x0, 0x17, 0x60, 0xf4, 0x54, 0x0, 0x0, 0x0,
    0x0, 0x9, 0xd7, 0xff, 0xff, 0xe8, 0x49, 0xf4,
    0xff, 0xff, 0x53, 0x0, 0x0, 0x0, 0x0, 0x50,
    0xff, 0xff, 0xff, 0xc7, 0xd8, 0xff, 0xff, 0xff,
    0x3b, 0x0, 0x0, 0x0, 0x0, 0x39, 0xff, 0xff,
    0xff, 0x58, 0xe5, 0xff, 0xff, 0xe3, 0x8, 0x0,
    0x0, 0x0, 0x0, 0x0, 0x57, 0x8b, 0x45, 0x0,
    0x50, 0xcd, 0xb5, 0x2d, 0x0, 0x0, 0x0, 0x0,
    0x0, 0x0, 0x0, 0x0, 0x0, 0x0,

    /* U+1F3B6 "🎶" */
    0x0, 0x0, 0x0, 0x82, 0x0, 0x0, 0x0, 0x0,
    0x0, 0x0, 0x0, 0x0, 0x0, 0x0, 0x0, 0x0,
    0x0, 0x0, 0x0, 0x0, 0x0, 0x0, 0xf0, 0x97,
    0x8, 0x0, 0x0, 0x0, 0x0, 0x0, 0x0, 0x0,
    0x0, 0x47, 0x21, 0x0, 0x0, 0x0, 0x0, 0x0,
    0x0, 0xeb, 0xd3, 0xc3, 0x1, 0x0, 0x0, 0x0,
    0x0, 0x0, 0x0, 0x0, 0x59, 0xdf, 0x3d, 0x0,
    0x0, 0x0, 0x0, 0x0, 0xe6, 0x1d, 0x84, 0x46,
    0x0, 0x0, 0x0, 0x0, 0x0, 0x0, 0x0, 0x4d,
    0xf4, 0xf0, 0x55, 0x0, 0x0, 0x0, 0x0, 0xe0,
    0x23, 0xc, 0x51, 0x0, 0x76, 0x0, 0x0, 0x0,
    0x0, 0x0, 0x41, 0xc5, 0x16, 0xb9, 0x0, 0x0,
    0x0, 0x0, 0xdb, 0x2a, 0x0, 0x0, 0x0, 0xfb,
    0x75, 0x0, 0x0, 0x0, 0x0, 0x34, 0xd2, 0x0,
    0x4f, 0xb, 0x0, 0x5, 0x46, 0xe5, 0x31, 0x0,
    0x0, 0x7, 0xfc, 0xea, 0x83, 0x0, 0x0, 0x0,
    0x28, 0xe0, 0x0, 0x0, 0x0, 0x22, 0xd8, 0xff,
    0xff, 0x37, 0x0, 0x0, 0x11, 0xed, 0xc, 0xc6,
    0x13, 0x0, 0x0, 0x3f, 0xed, 0x0, 0x0, 0x0,
    0xbe, 0xff, 0xff, 0xff, 0x2d, 0x0, 0x0, 0x1b,
    0xe5, 0x0, 0x4b, 0x2c, 0x27, 0xcf, 0xff, 0xfa,
    0x0, 0x0, 0x0, 0xf1, 0xff, 0xff, 0xd0, 0x1,
    0x0, 0x0, 0x25, 0xdd, 0x0, 0x0, 0x3, 0xd9,
    0xff, 0xff, 0xf9, 0x0, 0x0, 0x0, 0x80, 0xe9,
    0xb8, 0x1e, 0x0, 0x0, 0x1b, 0x6a, 0xd5, 0x0,
    0x0, 0x21, 0xff, 0xff, 0xff, 0xb0, 0x0, 0x0,
    0x0, 0x0, 0x0, 0x0, 0x0, 0x3, 0x96, 0xfc,
    0xff, 0xcc, 0x0, 0x0, 0x5, 0xcf, 0xff, 0xc9,
    0x19, 0x0, 0x0, 0x0, 0x0, 0x0, 0x0, 0x0,
    0x82, 0xff, 0xff, 0xff, 0xb3, 0x0, 0x0, 0x0,
    0x3, 0x19, 0x0, 0x0, 0x0, 0x0, 0x0, 0x0,
    0x0, 0x0, 0x0, 0xb1, 0xff, 0xff, 0xfe, 0x44,
    0x0, 0x0, 0x0, 0x0, 0x0, 0x0, 0x0, 0x0,
    0x0, 0x0, 0x0, 0x0, 0x0, 0x0, 0x43, 0xd1,
    0xc2, 0x4b, 0x0, 0x0, 0x0, 0x0, 0x0, 0x0,
    0x0, 0x0, 0x0, 0x0, 0x0,

    /* U+1F3B8 "🎸" */
    0x0, 0x0, 0x0, 0x0, 0x0, 0x0, 0x0, 0x0,
    0x0, 0x0, 0x0, 0x0, 0x0, 0x0, 0x0, 0x3d,
    0x1b, 0x0, 0x0, 0x0, 0x0, 0x0, 0x0, 0x0,
    0x0, 0x0, 0x0, 0x0, 0x0, 0x0, 0x15, 0x6d,
    0xbc, 0xbd, 0x94, 0x51, 0x0, 0x0, 0x0, 0x0,
    0x0, 0x0, 0x0, 0x0, 0x0, 0x0, 0x0, 0x0,
    0x5f, 0x98, 0x28, 0x2e, 0x7a, 0x5e, 0x0, 0x0,
    0x0, 0x0, 0x0, 0x0, 0x0, 0x0, 0x0, 0x0,
    0x0, 0x1b, 0xa8, 0x9, 0x1c, 0x8a, 0x0, 0x0,
    0x0, 0x0, 0x0, 0x0, 0x0, 0x0, 0x1, 0x62,
    0x4b, 0x0, 0x15, 0x9e, 0xf, 0x99, 0x8a, 0x10,
    0x0, 0x0, 0x0, 0x0, 0x0, 0x0, 0x0, 0x0,
    0xa3, 0xf5, 0x35, 0x10, 0x9d, 0x10, 0x88, 0x29,
    0x0, 0x0, 0x0, 0x0, 0x0, 0x0, 0x0, 0x0,
    0x0, 0x46, 0xff, 0x93, 0xc, 0x9a, 0x13, 0x7e,
    0x35, 0x0, 0x0, 0x0, 0x0, 0x0, 0x0, 0x0,
    0x0, 0x0, 0x0, 0xa4, 0xff, 0xf5, 0xfe, 0x17,
    0x72, 0x44, 0x0, 0x0, 0x0, 0x0, 0x0, 0x0,
    0x0, 0x0, 0x0, 0x0, 0x4c, 0xfa, 0x85, 0xe5,
    0x47, 0x88, 0x56, 0x0, 0x0, 0x0, 0x0, 0x0,
    0x0, 0x0, 0x0, 0x0, 0x39, 0xb8, 0xec, 0x75,
    0x2f, 0x7c, 0xc0, 0xff, 0x5, 0x3f, 0x38, 0x0,
    0x0, 0x0, 0x0, 0x0, 0x0, 0x62, 0xfe, 0xff,
    0xa2, 0x3d, 0x65, 0x57, 0x9, 0x45, 0xcc, 0xed,
    0x34, 0x0, 0x0, 0x0, 0x0, 0x0, 0x1, 0xee,
    0xff, 0xef, 0xdd, 0x78, 0x57, 0x3, 0x67, 0xf1,
    0xd5, 0x4b, 0x0, 0x0, 0x0, 0x0, 0x0, 0x0,
    0x2, 0xef, 0xff, 0x7b, 0x17, 0xcd, 0x51, 0x70,
    0xf2, 0x61, 0x0, 0x0, 0x0, 0x0, 0x0, 0x0,
    0x0, 0x0, 0x0, 0x70, 0xff, 0xfd, 0x68, 0x81,
    0xa8, 0x74, 0xe5, 0x0, 0x0, 0x0, 0x0, 0x0,
    0x0, 0x0, 0x0, 0x0, 0x0, 0x0, 0x9f, 0xff,
    0xff, 0xff, 0xf6, 0xd8, 0x9c, 0x0, 0x0, 0x0,
    0x0, 0x0, 0x0, 0x0, 0x0, 0x0, 0x0, 0x0,
    0x2, 0x84, 0xfd, 0xff, 0xff, 0xf1, 0x23, 0x0,
    0x0, 0x0, 0x0, 0x0, 0x0, 0x0, 0x0, 0x0,
    0x0, 0x0, 0x0, 0x0, 0x28, 0x88, 0x8d, 0x25,
    0x0, 0x0, 0x0, 0x0, 0x0, 0x0, 0x0, 0x0,
    0x0, 0x0,

    /* U+1F3B9 "🎹" */
    0x73, 0xa0, 0xa0, 0xa0, 0xa0, 0xa0, 0xa0, 0xa0,
    0xa0, 0xa0, 0xa0, 0xa0, 0xa0, 0xa0, 0xa0, 0x85,
    0xe4, 0xff, 0xff, 0xff, 0xff, 0xff, 0xff, 0xff,
    0xff, 0xff, 0xff, 0xff, 0xff, 0xff, 0xff, 0xff,
    0xb8, 0x5c, 0x5c, 0x5c, 0x5c, 0x5c, 0x5c, 0x5c,
    0x5c, 0x5c, 0x5c, 0x5c, 0x5c, 0x5c, 0x5c, 0xc2,
    0xad, 0x34, 0x34, 0xca, 0xff, 0x5a, 0x34, 0xb7,
    0xff, 0x6e, 0x34, 0xb5, 0xff, 0x76, 0x34, 0xb3,
    0xa0, 0x0, 0x0, 0xbc, 0xff, 0x30, 0x0, 0xa4,
    0xff, 0x48, 0x0, 0xa0, 0xff, 0x54, 0x0, 0xa0,
    0xa0, 0x0, 0x0, 0xbc, 0xff, 0x30, 0x0, 0xa4,
    0xff, 0x48, 0x0, 0xa0, 0xff, 0x54, 0x0, 0xa0,
    0xa0, 0x0, 0x0, 0xbc, 0xff, 0x30, 0x0, 0xa4,
    0xff, 0x48, 0x0, 0xa0, 0xff, 0x54, 0x0, 0xa0,
    0xa0, 0x0, 0x0, 0xbc, 0xff, 0x30, 0x0, 0xa4,
    0xff, 0x48, 0x0, 0xa0, 0xff, 0x54, 0x0, 0xa0,
    0xa0, 0x0, 0x0, 0xbc, 0xff, 0x30, 0x0, 0xa4,
    0xff, 0x48, 0x0, 0xa0, 0xff, 0x54, 0x0, 0xa0,
    0xa0, 0x0, 0x0, 0xbc, 0xff, 0x30, 0x0, 0xa4,
    0xff, 0x48, 0x0, 0xa0, 0xff, 0x54, 0x0, 0xa0,
    0xa0, 0x0, 0x0, 0x9e, 0xff, 0x23, 0x0, 0x8a,
    0xff, 0x37, 0x0, 0x87, 0xff, 0x42, 0x0, 0xa0,
    0xa0, 0x0, 0x0, 0x0, 0xa0, 0x0, 0x0, 0x0,
    0xa0, 0x0, 0x0, 0x8, 0x98, 0x0, 0x0, 0xa0,
    0xa0, 0x0, 0x0, 0x0, 0xa0, 0x0, 0x0, 0x0,
    0xa0, 0x0, 0x0, 0x8, 0x98, 0x0, 0x0, 0xa0,
    0xa0, 0x0, 0x0, 0x0, 0xa0, 0x0, 0x0, 0x0,
    0xa0, 0x0, 0x0, 0x8, 0x98, 0x0, 0x0, 0xa0,
    0xa0, 0x0, 0x0, 0x0, 0xa0, 0x0, 0x0, 0x0,
    0xa0, 0x0, 0x0, 0x8, 0x98, 0x0, 0x0, 0xa0,
    0xa9, 0x0, 0x0, 0xc, 0xac, 0x0, 0x0, 0xd,
    0xad, 0x0, 0x0, 0x14, 0xa3, 0x0, 0x0, 0xa9,
    0x5c, 0x84, 0x7c, 0x8e, 0xa3, 0x7f, 0x7c, 0x8e,
    0xa3, 0x80, 0x7c, 0x8f, 0xa2, 0x7d, 0x7e, 0x6f,

    /* U+1F3BA "🎺" */
    0x0, 0x0, 0x0, 0x0, 0x0, 0x0, 0x0, 0x0,
    0x0, 0x0, 0x0, 0x0, 0x0, 0x0, 0x0, 0x68,
    0x3a, 0x0, 0x0, 0x0, 0x0, 0x0, 0x0, 0x0,
    0x0, 0x0, 0x0, 0x0, 0x0, 0x0, 0x0, 0x0,
    0xd, 0xff, 0xfa, 0x3b, 0x0, 0x0, 0x0, 0x0,
    0x0, 0x0, 0x0, 0x0, 0x0, 0x0, 0x0, 0x0,
    0x0, 0x14, 0xab, 0x6a, 0xff, 0x63, 0x0, 0x0,
    0x0, 0x0, 0x0, 0x0, 0x0, 0x0, 0x0, 0x0,
    0x10, 0x57, 0x1d, 0xac, 0x5f, 0x93, 0x6, 0x0,
    0x0, 0x0, 0x0, 0x0, 0x0, 0x0, 0x0, 0x0,
    0x0, 0xb, 0x35, 0xf1, 0xc4, 0x13, 0x87, 0x9a,
    0x7, 0x0, 0x0, 0x0, 0x0, 0x0, 0x0, 0x0,
    0x0, 0x0, 0x0, 0xdf, 0x83, 0xb8, 0xff, 0xb7,
    0x91, 0x2e, 0x82, 0x0, 0x0, 0x0, 0x0, 0x0,
    0x0, 0x0, 0x0, 0x4d, 0xa2, 0x45, 0xff, 0x8b,
    0x97, 0xac, 0xb5, 0x2, 0x9a, 0x0, 0x0, 0x0,
    0x0, 0x0, 0x0, 0x0, 0x0, 0x21, 0xe5, 0xd4,
    0x5c, 0xff, 0x2b, 0x83, 0xff, 0x6c, 0x59, 0x0,
    0x0, 0x6, 0x1, 0x0, 0x0, 0x0, 0x5, 0x75,
    0x7e, 0xee, 0xb5, 0x9, 0xff, 0x99, 0x7e, 0xff,
    0x7, 0x0, 0x3, 0xff, 0x9e, 0x9d, 0x99, 0x98,
    0x9a, 0x3e, 0x0, 0xaa, 0xa1, 0x96, 0x82, 0xff,
    0x92, 0x2c, 0x11, 0x0, 0x1, 0xff, 0xb7, 0x7,
    0x0, 0x0, 0x0, 0x26, 0x43, 0xa7, 0xa6, 0xff,
    0x95, 0x79, 0x82, 0x0, 0x0, 0x0, 0x0, 0xb5,
    0xff, 0xb1, 0x3, 0x0, 0x0, 0x9b, 0xbc, 0x21,
    0x2b, 0x90, 0xff, 0x1c, 0x0, 0x0, 0x0, 0x0,
    0x0, 0x13, 0xff, 0xff, 0x96, 0x0, 0x0, 0xa2,
    0x20, 0x85, 0x7f, 0x2b, 0xd, 0x4, 0x0, 0x0,
    0x0, 0x0, 0x0, 0x0, 0x4e, 0xff, 0xff, 0x67,
    0x0, 0x9e, 0x0, 0x0, 0x0, 0x0, 0x0, 0x0,
    0x0, 0x0, 0x0, 0x0, 0x0, 0x0, 0x0, 0x75,
    0xff, 0xf8, 0x2d, 0xa5, 0x0, 0x0, 0x0, 0x0,
    0x0, 0x0, 0x0, 0x0, 0x0, 0x0, 0x0, 0x0,
    0x0, 0x0, 0x66, 0xff, 0xdd, 0xb5, 0x0, 0x0,
    0x0, 0x0, 0x0, 0x0, 0x0, 0x0, 0x0, 0x0,
    0x0, 0x0, 0x0, 0x0, 0x0, 0x25, 0xc1, 0x53,
    0x0, 0x0, 0x0, 0x0, 0x0, 0x0, 0x0, 0x0,
    0x0, 0x0,

    /* U+1F3BB "🎻" */
    0x0, 0x0, 0x0, 0x0, 0x0, 0x0, 0x0, 0x0,
    0x0, 0x0, 0x0, 0x0, 0x0, 0x0, 0x31, 0x72,
    0x75, 0x8, 0x0, 0x0, 0x0, 0x0, 0x0, 0x0,
    0x0, 0x0, 0x0, 0x0, 0x0, 0x0, 0x0, 0x6c,
    0xa3, 0x3b, 0x81, 0x15, 0x0, 0x0, 0x0, 0x0,
    0x0, 0x0, 0x0, 0x0, 0x0, 0x0, 0x0, 0x0,
    0x67, 0x83, 0x77, 0x93, 0xb6, 0x3, 0x0, 0x0,
    0x0, 0x0, 0x0, 0x0, 0x0, 0x0, 0x0, 0x0,
    0x0, 0x1, 0x71, 0x51, 0x96, 0x9e, 0x1b, 0x0,
    0x0, 0x0, 0x0, 0x0, 0x0, 0x0, 0x0, 0x0,
    0x0, 0x0, 0x9, 0x87, 0x36, 0x94, 0x85, 0x23,
    0x1, 0x0, 0x0, 0x0, 0x0, 0x0, 0x0, 0x0,
    0x0, 0x4a, 0x86, 0x4a, 0x8d, 0x26, 0x97, 0x14,
    0x0, 0x7, 0xa3, 0x28, 0x0, 0x0, 0x0, 0x0,
    0x0, 0x1b, 0x92, 0x58, 0x48, 0xc1, 0x1e, 0x9f,
    0xf, 0x0, 0x0, 0x6b, 0x50, 0x63, 0x0, 0x0,
    0x0, 0x0, 0x0, 0x8d, 0x15, 0x4c, 0x74, 0x1f,
    0xa9, 0x9d, 0x0, 0x0, 0x39, 0x4e, 0x99, 0x0,
    0x0, 0x0, 0x0, 0x66, 0x8e, 0x83, 0x0, 0x1c,
    0x9c, 0x96, 0x7, 0x98, 0x0, 0xa, 0x6f, 0x8e,
    0x1b, 0x0, 0x0, 0x48, 0xac, 0x5a, 0x46, 0x68,
    0x45, 0x0, 0x1b, 0x5, 0x40, 0x7a, 0x0, 0x70,
    0x58, 0x5c, 0x0, 0x0, 0xe, 0xff, 0xed, 0x0,
    0x3d, 0x3c, 0x0, 0x86, 0x2a, 0x7e, 0xa9, 0x2,
    0x40, 0x4c, 0x96, 0x0, 0x0, 0x0, 0x30, 0xff,
    0xdc, 0x1a, 0x54, 0x94, 0x55, 0x43, 0xa7, 0x1c,
    0x17, 0xe, 0x6a, 0x95, 0x16, 0x0, 0x0, 0x0,
    0xc, 0xff, 0x7c, 0xca, 0xe2, 0x9, 0x53, 0x1c,
    0x9a, 0x8, 0x0, 0x73, 0x61, 0x52, 0x0, 0x0,
    0x0, 0x0, 0x0, 0xc6, 0xff, 0xd0, 0x1c, 0x0,
    0x0, 0x0, 0x9e, 0x20, 0x48, 0x4b, 0x92, 0x0,
    0x0, 0x0, 0x0, 0x0, 0x0, 0x9, 0xc4, 0xa9,
    0xc, 0x0, 0x0, 0x60, 0x56, 0x14, 0x66, 0x9c,
    0x11, 0x0, 0x0, 0x0, 0x0, 0x0, 0x0, 0x0,
    0x0, 0x29, 0x9b, 0x95, 0x9a, 0x77, 0x0, 0x6c,
    0x88, 0x48, 0x0, 0x0, 0x0, 0x0, 0x0, 0x0,
    0x0, 0x0, 0x0, 0x0, 0x0, 0x0, 0x0, 0x0,
    0x0, 0x0, 0x6d, 0x0, 0x0, 0x0, 0x0, 0x0,
    0x0, 0x0,

    /* U+1F3BE "🎾" */
    0x0, 0x14, 0x68, 0x68, 0x15, 0x0, 0x0, 0x0,
    0x0, 0x0, 0x0, 0x0, 0x0, 0x0, 0x0, 0x0,
    0x21, 0xff, 0x4f, 0x3f, 0xff, 0x29, 0x0, 0x0,
    0x0, 0x5e, 0xa8, 0xff, 0xff, 0xaf, 0x4c, 0x0,
    0x98, 0x3f, 0x72, 0x45, 0x5f, 0x9a, 0x0, 0x3,
    0x9b, 0xcf, 0x70, 0x9c, 0xbc, 0x39, 0xff, 0x4c,
    0xa1, 0x13, 0x85, 0x58, 0x38, 0xa2, 0x0, 0x9a,
    0xde, 0xd, 0xfa, 0x8c, 0x10, 0xff, 0x4a, 0xb7,
    0x62, 0xd9, 0x3a, 0x1c, 0xea, 0x6a, 0x45, 0x9a,
    0x2a, 0xff, 0x2e, 0x6d, 0xff, 0x1c, 0xc4, 0xff,
    0x0, 0x8c, 0xa4, 0xa4, 0x94, 0x1, 0xae, 0xac,
    0xb6, 0x49, 0xa6, 0xa3, 0x77, 0x98, 0x90, 0xff,
    0x0, 0x0, 0x0, 0x0, 0x0, 0xb, 0xd3, 0xa4,
    0xbf, 0x2a, 0xc0, 0xb1, 0x38, 0xeb, 0x74, 0xa3,
    0x0, 0x0, 0x0, 0x0, 0x0, 0x48, 0xff, 0x8f,
    0x19, 0xff, 0x32, 0x53, 0xff, 0xa, 0xcf, 0x4f,
    0x0, 0x0, 0x0, 0x0, 0x0, 0x65, 0xff, 0x72,
    0xfe, 0x20, 0xca, 0xac, 0x25, 0xd9, 0x90, 0x0,
    0x0, 0x0, 0x0, 0x0, 0x0, 0x8f, 0x8e, 0xff,
    0x80, 0x88, 0x9d, 0xa7, 0x94, 0x9a, 0x3, 0x0,
    0x0, 0x0, 0x0, 0x0, 0x0, 0xa7, 0x0, 0x80,
    0xff, 0xff, 0xb5, 0xb1, 0x47, 0x0, 0x0, 0x0,
    0x0, 0x0, 0x0, 0x17, 0xab, 0xb6, 0x9b, 0x8a,
    0x65, 0x45, 0xa, 0x0, 0x0, 0x0, 0x0, 0x0,
    0x0, 0x0, 0x15, 0xa6, 0xf1, 0xa1, 0x0, 0x0,
    0x0, 0x0, 0x0, 0x0, 0x0, 0x0, 0x0, 0x0,
    0x0, 0x14, 0xa9, 0x26, 0xa7, 0x18, 0x0, 0x0,
    0x0, 0x0, 0x0, 0x0, 0x0, 0x0, 0x0, 0x0,
    0x65, 0xa6, 0x28, 0xa7, 0x1b, 0x0, 0x0, 0x0,
    0x0, 0x0, 0x0, 0x0, 0x0, 0x0, 0x0, 0x0,
    0x62, 0x65, 0x98, 0x1e, 0x0, 0x0, 0x0, 0x0,
    0x0, 0x0, 0x0, 0x0, 0x0, 0x0, 0x0, 0x0,
    0x0, 0x58, 0x6c, 0x0, 0x0, 0x0, 0x0, 0x0,
    0x0, 0x0, 0x0, 0x0, 0x0, 0x0, 0x0, 0x0,

    /* U+1F3C0 "🏀" */
    0x0, 0x0, 0x0, 0x0, 0x0, 0x2c, 0x8b, 0x90,
    0x94, 0x77, 0x30, 0x0, 0x0, 0x0, 0x0, 0x0,
    0x0, 0x0, 0x0, 0x0, 0x2d, 0xa7, 0xff, 0x69,
    0xe, 0xb, 0x2b, 0x76, 0xaf, 0x3c, 0x0, 0x0,
    0x0, 0x0, 0x0, 0x0, 0x51, 0x9d, 0x32, 0x8b,
    0x0, 0x0, 0x0, 0x18, 0x8e, 0xad, 0xb8, 0x64,
    0x0, 0x0, 0x0, 0x0, 0x3d, 0x98, 0x1, 0x8a,
    0x29, 0x0, 0x0, 0x5b, 0xa3, 0x24, 0x0, 0x0,
    0x82, 0x4e, 0x0, 0x0, 0x4, 0xff, 0x5e, 0x4,
    0xb1, 0x0, 0x0, 0x85, 0x69, 0x0, 0x0, 0x0,
    0x0, 0x1, 0xa9, 0xd, 0x0, 0x5e, 0x51, 0xa9,
    0x85, 0x60, 0x0, 0x83, 0x54, 0x0, 0x0, 0x0,
    0x0, 0x0, 0x0, 0x37, 0x75, 0x0, 0xa1, 0x5,
    0x2b, 0xff, 0x17, 0x75, 0x61, 0x0, 0x0, 0x0,
    0x0, 0x4, 0x0, 0x0, 0x0, 0xa6, 0x0, 0xa0,
    0x1d, 0xb1, 0x3c, 0xea, 0xa0, 0x0, 0x2d, 0x90,
    0x9d, 0x9b, 0x97, 0x9c, 0x9d, 0x9e, 0xff, 0x0,
    0xff, 0xa3, 0x16, 0xb, 0xca, 0xb7, 0xa6, 0x8e,
    0x13, 0x0, 0x0, 0x0, 0x0, 0x0, 0x0, 0x98,
    0x9, 0xc5, 0x0, 0x0, 0x78, 0x36, 0x3f, 0xff,
    0x65, 0x0, 0x0, 0x0, 0x0, 0x0, 0x0, 0x0,
    0xa0, 0x0, 0xa1, 0x4, 0x7, 0x98, 0x0, 0x88,
    0x1c, 0x62, 0xa1, 0x1c, 0x0, 0x0, 0x0, 0x0,
    0x0, 0xa5, 0x0, 0x60, 0x4b, 0x5d, 0x48, 0x0,
    0x8c, 0x14, 0x0, 0x1b, 0x9e, 0x72, 0x4, 0x0,
    0x0, 0x34, 0x78, 0x0, 0x6, 0xae, 0xa2, 0x6,
    0x0, 0x62, 0x43, 0x0, 0x0, 0x0, 0x45, 0xaf,
    0x71, 0xe, 0xa7, 0xf, 0x0, 0x0, 0x3f, 0xff,
    0x0, 0x0, 0x14, 0xa3, 0x0, 0x0, 0x0, 0x0,
    0x0, 0x4b, 0xff, 0x83, 0x0, 0x0, 0x0, 0x0,
    0x59, 0x96, 0xa, 0x0, 0x86, 0x32, 0x0, 0x0,
    0x0, 0x5, 0x84, 0x6c, 0x0, 0x0, 0x0, 0x0,
    0x0, 0x0, 0x34, 0xab, 0x74, 0x32, 0xb4, 0x11,
    0x21, 0x6b, 0xad, 0x40, 0x0, 0x0, 0x0, 0x0,
    0x0, 0x0, 0x0, 0x0, 0x0, 0x33, 0x7b, 0xb9,
    0xac, 0x80, 0x3b, 0x2, 0x0, 0x0, 0x0, 0x0,
    0x0,

    /* U+1F3C1 "🏁" */
    0x0, 0x0, 0x0, 0x0, 0x0, 0x0, 0x0, 0x0,
    0x0, 0x0, 0x0, 0x0, 0x0, 0x1e, 0x4, 0x0,
    0x0, 0x4d, 0xa, 0x7f, 0xff, 0xff, 0xef, 0x88,
    0x29, 0x0, 0x0, 0x0, 0x0, 0x4f, 0xff, 0x38,
    0x0, 0x0, 0xca, 0xb8, 0x36, 0xc0, 0xff, 0xcb,
    0x20, 0x94, 0xff, 0xd2, 0x9c, 0xaa, 0xff, 0xe6,
    0x79, 0x0, 0x0, 0xa3, 0x3f, 0x4d, 0x78, 0x37,
    0x3b, 0x97, 0x68, 0xbe, 0xe1, 0x35, 0x48, 0x75,
    0x5, 0xa8, 0x0, 0x0, 0x79, 0xff, 0xff, 0xa0,
    0x51, 0x5f, 0xdc, 0xff, 0x22, 0x0, 0xb2, 0xff,
    0x73, 0x8a, 0xff, 0x6, 0x0, 0x58, 0xff, 0x5f,
    0x43, 0xff, 0xff, 0x49, 0x11, 0x97, 0xb5, 0x8b,
    0x40, 0x6e, 0xff, 0xff, 0x3c, 0x0, 0x37, 0x96,
    0x8, 0x6a, 0x54, 0x39, 0x76, 0x8e, 0x95, 0xd7,
    0xa8, 0x1c, 0x65, 0x52, 0x28, 0x7d, 0x0, 0x16,
    0xe9, 0xde, 0xff, 0x16, 0x23, 0x75, 0xfa, 0xb6,
    0x0, 0x19, 0xff, 0xfc, 0xf, 0x60, 0xeb, 0x0,
    0x0, 0xff, 0xe6, 0x6e, 0xc3, 0xff, 0xc5, 0x6,
    0x38, 0x93, 0x75, 0x93, 0x64, 0xba, 0xff, 0xff,
    0x8, 0x0, 0xee, 0x11, 0x14, 0xff, 0xff, 0xfb,
    0xa6, 0xa2, 0xff, 0xff, 0x57, 0xc, 0xca, 0xff,
    0x7f, 0x0, 0x0, 0xb3, 0x76, 0xa4, 0x2d, 0x0,
    0x0, 0x0, 0x2, 0x41, 0xb3, 0xc1, 0x8c, 0x63,
    0xc, 0x0, 0x0, 0x0, 0xab, 0x97, 0x0, 0x0,
    0x0, 0x0, 0x0, 0x0, 0x0, 0x0, 0x0, 0x0,
    0x0, 0x0, 0x0, 0x0, 0x0, 0x70, 0x57, 0x0,
    0x0, 0x0, 0x0, 0x0, 0x0, 0x0, 0x0, 0x0,
    0x0, 0x0, 0x0, 0x0, 0x0, 0x0, 0x4f, 0x78,
    0x0, 0x0, 0x0, 0x0, 0x0, 0x0, 0x0, 0x0,
    0x0, 0x0, 0x0, 0x0, 0x0, 0x0, 0x0, 0x2e,
    0x99, 0x0, 0x0, 0x0, 0x0, 0x0, 0x0, 0x0,
    0x0, 0x0, 0x0, 0x0, 0x0, 0x0, 0x0, 0x0,
    0xd, 0xba, 0x0, 0x0, 0x0, 0x0, 0x0, 0x0,
    0x0, 0x0, 0x0, 0x0, 0x0, 0x0, 0x0, 0x0,
    0x0, 0x0, 0x6b, 0x0, 0x0, 0x0, 0x0, 0x0,
    0x0, 0x0, 0x0, 0x0, 0x0, 0x0, 0x0, 0x0,
    0x0,

    /* U+1F3C2 "🏂" */
    0x0, 0x0, 0x0, 0x5b, 0xc4, 0xa4, 0x11, 0x0,
    0x0, 0x0, 0x0, 0x0, 0x0, 0x0, 0x0, 0x0,
    0x0, 0x47, 0xfe, 0xff, 0xff, 0xbd, 0x0, 0x0,
    0x0, 0x0, 0x0, 0x0, 0x0, 0x0, 0x0, 0x0,
    0x71, 0x2a, 0x2e, 0x29, 0xeb, 0x7, 0x0, 0x0,
    0x0, 0x0, 0x0, 0x0, 0x0, 0x0, 0x0, 0x62,
    0x2a, 0x7c, 0x2b, 0xdc, 0x0, 0x0, 0x0, 0x0,
    0x0, 0x0, 0x0, 0x0, 0x0, 0x0, 0x59, 0xfe,
    0xff, 0xff, 0xde, 0x2a, 0x0, 0x0, 0x5, 0x0,
    0x0, 0x0, 0x0, 0x0, 0x8a, 0xff, 0xff, 0xff,
    0xff, 0xfd, 0xf8, 0xd4, 0xe9, 0xfd, 0x7c, 0x0,
    0x0, 0x0, 0x1c, 0xfe, 0xc6, 0xc6, 0xff, 0xff,
    0xf0, 0x40, 0x88, 0x54, 0x82, 0x41, 0x56, 0x17,
    0x0, 0x34, 0xff, 0x21, 0xcc, 0xff, 0xff, 0xff,
    0x5d, 0x0, 0x0, 0x14, 0x8a, 0x2b, 0x24, 0x0,
    0x95, 0xfc, 0x1, 0xbd, 0xff, 0xff, 0xff, 0xff,
    0xa5, 0x6, 0x97, 0x40, 0x0, 0x0, 0x0, 0x6f,
    0x7b, 0x0, 0x5b, 0xff, 0xff, 0x75, 0xc5, 0xff,
    0x5e, 0x2f, 0x0, 0x0, 0x0, 0x0, 0x0, 0x0,
    0x0, 0x0, 0xae, 0xff, 0x26, 0x9, 0xff, 0xf2,
    0x83, 0x97, 0x2a, 0x0, 0x0, 0x0, 0x0, 0x0,
    0x0, 0x5e, 0xff, 0x5a, 0x81, 0xff, 0xec, 0x38,
    0x5, 0x88, 0x0, 0x0, 0x0, 0x0, 0x0, 0x0,
    0xa6, 0xff, 0x87, 0x12, 0x41, 0xa1, 0x30, 0x58,
    0x59, 0x7, 0x1, 0x0, 0x1d, 0x80, 0x87, 0xff,
    0xff, 0x17, 0x1e, 0x72, 0x8c, 0x85, 0x47, 0x0,
    0x86, 0x9, 0x0, 0x99, 0x8, 0x0, 0x2f, 0x68,
    0x87, 0x7b, 0x19, 0x11, 0x34, 0x59, 0x7e, 0x39,
    0x0, 0x0, 0x93, 0x0, 0x0, 0x51, 0x90, 0x15,
    0x0, 0x3c, 0x6b, 0x45, 0x1e, 0x0, 0x0, 0x0,
    0x0, 0x54, 0x88, 0x8a, 0x50, 0x0, 0x0, 0x0,
    0x0, 0x0, 0x0, 0x0, 0x0, 0x0, 0x0,

    /* U+1F3C4 "🏄" */
    0x0, 0x0, 0x0, 0x0, 0x0, 0x26, 0xb0, 0xc0,
    0x47, 0x0, 0x0, 0x0, 0x0, 0x0, 0x0, 0x0,
    0xa, 0x8a, 0x12, 0x0, 0x9, 0xe4, 0xff, 0xff,
    0xf9, 0x2c, 0x0, 0x0, 0x0, 0x0, 0x0, 0x0,
    0x45, 0xff, 0x85, 0x0, 0x34, 0xff, 0xff, 0xff,
    0xff, 0x69, 0x36, 0x7f, 0x0, 0x0, 0x0, 0x0,
    0x1f, 0xf4, 0xff, 0x98, 0x42, 0xf9, 0xff, 0xff,
    0xff, 0x4a, 0xcd, 0xeb, 0x0, 0x0, 0x0, 0x0,
    0x0, 0x34, 0xd0, 0xff, 0xff, 0xff, 0xff, 0xff,
    0xf1, 0xf4, 0xe9, 0x45, 0x0, 0x0, 0x0, 0x0,
    0x0, 0x0, 0x3, 0x87, 0xff, 0xff, 0xff, 0xff,
    0xe6, 0x72, 0xe, 0x0, 0x0, 0x0, 0x0, 0x0,
    0x0, 0x0, 0x0, 0x41, 0xff, 0xff, 0xff, 0xed,
    0x15, 0x0, 0x24, 0x3, 0x3e, 0x0, 0x0, 0x0,
    0x0, 0x0, 0x0, 0x5d, 0xff, 0xff, 0xff, 0xdd,
    0x0, 0x0, 0x65, 0x25, 0x70, 0x0, 0x0, 0x0,
    0x0, 0x0, 0x0, 0x4c, 0xff, 0xff, 0xff, 0xff,
    0xa7, 0x11, 0x1b, 0x7f, 0x6f, 0x9e, 0x2a, 0x0,
    0x0, 0x0, 0x0, 0xc, 0xe7, 0xff, 0xfc, 0x6c,
    0xf6, 0xad, 0x40, 0x25, 0x5, 0x4c, 0x8e, 0x13,
    0x0, 0x0, 0x0, 0x0, 0x2b, 0xdc, 0xff, 0xd0,
    0xff, 0xff, 0x86, 0x8c, 0xa4, 0x10, 0x9f, 0x21,
    0x0, 0x0, 0x0, 0x7, 0x78, 0xe3, 0xff, 0x7d,
    0xff, 0x8a, 0x0, 0x0, 0x3a, 0x40, 0x2d, 0x72,
    0x0, 0x0, 0x37, 0xb4, 0x4d, 0x7f, 0xf1, 0x15,
    0x73, 0x50, 0x0, 0x4, 0x84, 0x15, 0x9b, 0x0,
    0x0, 0x44, 0x9e, 0x8, 0x0, 0x5d, 0xda, 0x21,
    0x0, 0x0, 0x27, 0x8f, 0x5f, 0x73, 0x78, 0x0,
    0x0, 0xae, 0x3, 0x0, 0x0, 0x0, 0x0, 0x0,
    0x1e, 0x84, 0x73, 0x3b, 0x91, 0x0, 0x0, 0x0,
    0x0, 0xac, 0x20, 0x0, 0x8, 0x27, 0x68, 0x96,
    0x7d, 0x14, 0x3d, 0x13, 0x0, 0x0, 0x0, 0x0,
    0x0, 0x19, 0x7b, 0x93, 0x8b, 0x6d, 0x2f, 0x0,
    0x0, 0x0, 0x29, 0x23, 0x0, 0x0, 0x0, 0x0,

    /* U+1F3C5 "🏅" */
    0x84, 0xa0, 0xa0, 0xa0, 0x84, 0x0, 0x65, 0xa4,
    0xa4, 0xa3, 0x16, 0x62, 0x55, 0x0, 0x0, 0x7f,
    0x47, 0xf4, 0xff, 0xff, 0xaf, 0x0, 0x2, 0xae,
    0x5, 0x0, 0x16, 0xff, 0xff, 0xff, 0xfb, 0x27,
    0x0, 0x0, 0x49, 0x6d, 0x0, 0x0, 0xcb, 0xff,
    0xff, 0x95, 0x0, 0x0, 0x0, 0x0, 0xa7, 0xe,
    0x0, 0x2b, 0xff, 0xf2, 0x16, 0x0, 0x0, 0x0,
    0x0, 0x85, 0xe6, 0x88, 0x88, 0xff, 0xff, 0x52,
    0x0, 0x0, 0x0, 0x0, 0x9c, 0x3d, 0x18, 0x18,
    0x18, 0x3d, 0x9c, 0x0, 0x0, 0x0, 0x0, 0x28,
    0x9e, 0xff, 0xdc, 0xff, 0x9a, 0x27, 0x0, 0x0,
    0x0, 0x0, 0x3, 0x66, 0xe4, 0xb0, 0xe2, 0x69,
    0x4, 0x0, 0x0, 0x0, 0x4, 0x9e, 0x40, 0x0,
    0x11, 0x0, 0x3e, 0xa0, 0x5, 0x0, 0x0, 0x76,
    0x39, 0x0, 0xc, 0xd2, 0x5, 0x0, 0x39, 0x77,
    0x0, 0x0, 0xa1, 0x0, 0x7f, 0xcf, 0xff, 0xc9,
    0x71, 0x0, 0xa3, 0x0, 0x0, 0xa1, 0x0, 0x1a,
    0xe7, 0xff, 0xe0, 0x14, 0x0, 0xa2, 0x0, 0x0,
    0xa8, 0x3, 0x0, 0xe7, 0xb3, 0xdf, 0x0, 0x3,
    0xa8, 0x0, 0x0, 0x53, 0x71, 0x2, 0x1e, 0x0,
    0x21, 0x0, 0x71, 0x53, 0x0, 0x0, 0x0, 0x74,
    0x88, 0x20, 0x1, 0x20, 0x87, 0x71, 0x0, 0x0,
    0x0, 0x0, 0x0, 0x2a, 0x87, 0xa0, 0x86, 0x29,
    0x0, 0x0, 0x0,

    /* U+1F3C6 "🏆" */
    0x0, 0x0, 0x0, 0x0, 0x0, 0x0, 0x27, 0x6e,
    0x8b, 0x96, 0x7c, 0x4e, 0x6, 0x0, 0x0, 0x0,
    0x0, 0x0, 0x0, 0x2, 0x5a, 0x6b, 0x39, 0xaa,
    0x84, 0x36, 0x15, 0xa, 0x28, 0x62, 0xae, 0x77,
    0x47, 0x75, 0x32, 0x0, 0x0, 0x92, 0x57, 0x56,
    0xff, 0x2a, 0x7d, 0x95, 0x93, 0x94, 0x93, 0x8e,
    0x3c, 0xff, 0xf6, 0x2e, 0x8e, 0x4e, 0x0, 0xa1,
    0x0, 0x1, 0xe7, 0x23, 0x19, 0x0, 0x0, 0x0,
    0x0, 0x9, 0x33, 0x98, 0x6a, 0x0, 0x1, 0x9f,
    0x0, 0x9f, 0x0, 0x0, 0xa5, 0x0, 0x2c, 0x0,
    0x0, 0x0, 0x0, 0x0, 0x0, 0x93, 0x19, 0x0,
    0x6, 0x99, 0x0, 0x82, 0x49, 0x0, 0x8f, 0xb,
    0x91, 0x0, 0x0, 0x0, 0x0, 0x0, 0x0, 0xa9,
    0x2, 0x0, 0x8d, 0x42, 0x0, 0x2, 0x8c, 0x79,
    0x44, 0x56, 0x8c, 0x9, 0x0, 0x0, 0x0, 0x0,
    0x4, 0xa9, 0x1f, 0xa8, 0x4b, 0x0, 0x0, 0x0,
    0x0, 0x4c, 0xac, 0xab, 0x28, 0x76, 0x0, 0x0,
    0x0, 0x0, 0x45, 0xc6, 0xa1, 0x18, 0x0, 0x0,
    0x0, 0x0, 0x0, 0x0, 0x1c, 0xff, 0x53, 0x16,
    0x0, 0x0, 0x0, 0x5, 0xfd, 0x85, 0x0, 0x0,
    0x0, 0x0, 0x0, 0x0, 0x0, 0x5a, 0x33, 0xa9,
    0x74, 0x7d, 0x56, 0x59, 0x5a, 0xa1, 0xc3, 0x26,
    0x87, 0x0, 0x0, 0x0, 0x0, 0x0, 0x0, 0x12,
    0x8d, 0x59, 0x0, 0x28, 0xda, 0x3c, 0xe2, 0x10,
    0x1d, 0x92, 0x4a, 0x0, 0x0, 0x0, 0x0, 0x0,
    0x0, 0x0, 0x0, 0x0, 0x0, 0x39, 0x65, 0x0,
    0x93, 0x6, 0x0, 0x0, 0x0, 0x0, 0x0, 0x0,
    0x0, 0x0, 0x0, 0x0, 0x0, 0x0, 0x0, 0x94,
    0x13, 0x0, 0x42, 0x5c, 0x0, 0x0, 0x0, 0x0,
    0x0, 0x0, 0x0, 0x0, 0x0, 0x0, 0x0, 0x2d,
    0xf4, 0xff, 0xf0, 0xf0, 0xf0, 0xff, 0x9d, 0x0,
    0x0, 0x0, 0x0, 0x0, 0x0, 0x0, 0x0, 0x0,
    0x7, 0x43, 0xff, 0xff, 0x47, 0x1c, 0x6b, 0xff,
    0xb0, 0xe, 0x0, 0x0, 0x0, 0x0, 0x0, 0x0,
    0x0, 0x0, 0x4c, 0xff, 0xff, 0xff, 0xf8, 0xf4,
    0xfa, 0xff, 0xff, 0x9c, 0x0, 0x0, 0x0, 0x0,
    0x0, 0x0, 0x0, 0x0, 0x2e, 0x9c, 0x9c, 0x9c,
    0x9c, 0x9c, 0x9c, 0x9c, 0x9c, 0x5f, 0x0, 0x0,
    0x0, 0x0,

    /* U+1F3C7 "🏇" */
    0x0, 0x0, 0x0, 0x0, 0x0, 0x0, 0x27, 0x6b,
    0x4e, 0x0, 0x0, 0x0, 0x0, 0x0, 0x0, 0x0,
    0x0, 0x0, 0x0, 0x0, 0x0, 0x0, 0x0, 0x54,
    0x4f, 0x0, 0x5b, 0x24, 0x0, 0x0, 0x0, 0x0,
    0x0, 0x0, 0x0, 0x0, 0x0, 0x0, 0x0, 0x0,
    0x0, 0x76, 0xd0, 0xf8, 0xff, 0x60, 0x12, 0x0,
    0x0, 0x0, 0x0, 0x0, 0x0, 0x0, 0x0, 0x0,
    0x0, 0x2, 0x55, 0x30, 0x37, 0xa2, 0xff, 0xff,
    0xf5, 0x88, 0x4, 0x0, 0x0, 0x0, 0x0, 0x0,
    0x0, 0xb, 0x53, 0xff, 0x7a, 0xff, 0x60, 0xd,
    0xff, 0xda, 0xff, 0xff, 0xa5, 0x27, 0x5d, 0x0,
    0x0, 0x0, 0x0, 0x4, 0xff, 0xd6, 0xa2, 0xb4,
    0xff, 0xff, 0xff, 0xf, 0xd1, 0xff, 0xdc, 0x13,
    0xec, 0x75, 0x6, 0x0, 0x2, 0x9d, 0x4c, 0x3d,
    0x9e, 0x50, 0xff, 0xff, 0xff, 0xff, 0xf6, 0x96,
    0x31, 0x0, 0x41, 0xe8, 0xd1, 0x1c, 0x6d, 0x53,
    0x8e, 0x70, 0xff, 0x6b, 0x34, 0x9e, 0xff, 0xff,
    0xc7, 0x89, 0xb4, 0xae, 0x96, 0x54, 0xc3, 0xac,
    0x47, 0x95, 0xcb, 0xdd, 0xef, 0x8, 0x0, 0x0,
    0x2a, 0xff, 0x38, 0x0, 0x10, 0x7d, 0x3, 0xa4,
    0x83, 0x86, 0x0, 0x0, 0x0, 0x0, 0x5b, 0x3a,
    0x0, 0x0, 0x1, 0xe7, 0x5f, 0x0, 0x31, 0x7b,
    0x0, 0x55, 0x98, 0x2, 0x0, 0x0, 0x0, 0x0,
    0x13, 0x83, 0x0, 0x0, 0x62, 0xf3, 0xdf, 0xe6,
    0x60, 0x5, 0x0, 0x85, 0x20, 0x0, 0x0, 0x0,
    0x0, 0x10, 0x7c, 0xff, 0x21, 0x0, 0xaf, 0x34,
    0xe, 0x76, 0xfa, 0x19, 0x14, 0x8d, 0x0, 0x0,
    0x0, 0x0, 0x0, 0x54, 0xf9, 0x98, 0x90, 0x10,
    0xe3, 0x8c, 0x82, 0x45, 0xa3, 0x5e, 0x90, 0x8d,
    0x0, 0x0, 0x0, 0x0, 0x0, 0x0, 0x90, 0xc7,
    0x8f, 0x7d, 0x1a, 0x0, 0x0, 0x7e, 0xff, 0xb3,
    0xff, 0x32, 0x0, 0x0, 0x0, 0x0, 0x0, 0x0,
    0x2, 0x82, 0xee, 0x6c, 0x4a, 0x31, 0x0, 0x64,
    0xc0, 0xc2, 0x22, 0x0, 0x0, 0x0, 0x0, 0x0,
    0x0, 0x0, 0x0, 0x0, 0x42, 0x8a, 0xa4, 0xff,
    0x4a, 0x29, 0xdf, 0x7, 0x0, 0x0, 0x0, 0x0,
    0x0, 0x0, 0x0, 0x0, 0x0, 0x0, 0x0, 0x1d,
    0x7d, 0x59, 0x14, 0x2e, 0x4a, 0x0, 0x0, 0x0,
    0x0, 0x0,

    /* U+1F3C8 "🏈" */
    0x0, 0x0, 0x0, 0x0, 0x0, 0x0, 0x0, 0x4,
    0x48, 0xa8, 0xc7, 0x9f, 0x9d, 0x79, 0x1e, 0x0,
    0x0, 0x0, 0x0, 0x0, 0x0, 0x7, 0x71, 0xab,
    0x80, 0xa0, 0xf5, 0xcb, 0x6f, 0x90, 0xff, 0x41,
    0x0, 0x0, 0x0, 0x0, 0x2a, 0xb0, 0x4d, 0xc,
    0x49, 0x41, 0x9f, 0xff, 0xff, 0x9f, 0x15, 0xa2,
    0x0, 0x0, 0x0, 0x37, 0xae, 0xf, 0x49, 0xa7,
    0xae, 0xda, 0x92, 0x9, 0xaf, 0xff, 0x69, 0x9f,
    0x0, 0x0, 0x21, 0xa7, 0x7, 0x60, 0xd6, 0x72,
    0x35, 0xf0, 0x60, 0x0, 0x6, 0xba, 0xfc, 0xe3,
    0x0, 0x1, 0xa9, 0x12, 0x5c, 0xfa, 0x3b, 0x65,
    0xeb, 0x84, 0x0, 0x0, 0x0, 0xb, 0xd1, 0xff,
    0x0, 0x56, 0x5c, 0x39, 0xe7, 0x37, 0x9a, 0xbd,
    0x96, 0x0, 0x0, 0x0, 0x0, 0x0, 0x22, 0xff,
    0x0, 0xaa, 0x4, 0xb3, 0x63, 0x80, 0x9e, 0xa2,
    0x1, 0x0, 0x0, 0x0, 0x0, 0x0, 0x7, 0x9b,
    0x1e, 0x88, 0xd, 0xee, 0x50, 0x9a, 0xb8, 0x5,
    0x0, 0x0, 0x0, 0x0, 0x0, 0x0, 0x47, 0x61,
    0x70, 0xde, 0x29, 0xff, 0xe6, 0xaa, 0xa, 0x0,
    0x0, 0x0, 0x0, 0x0, 0x0, 0x0, 0x9f, 0xd,
    0xcc, 0xff, 0xff, 0x88, 0x2, 0x0, 0x0, 0x0,
    0x0, 0x0, 0x0, 0x0, 0x0, 0x2d, 0x8a, 0x0,
    0xa4, 0x7c, 0xff, 0xfe, 0x7a, 0x0, 0x0, 0x0,
    0x0, 0x0, 0x0, 0x0, 0x4, 0xac, 0x10, 0x0,
    0x9f, 0x75, 0x65, 0xe8, 0xff, 0x7c, 0x0, 0x0,
    0x0, 0x0, 0x0, 0x0, 0x8d, 0x41, 0x0, 0x0,
    0x9f, 0xa6, 0x0, 0x29, 0xe9, 0xff, 0x64, 0x0,
    0x0, 0x0, 0x3, 0x90, 0x5a, 0x0, 0x0, 0x0,
    0x98, 0xb1, 0x0, 0x0, 0x2f, 0xf4, 0xf9, 0x30,
    0x0, 0x36, 0xad, 0x40, 0x0, 0x0, 0x0, 0x0,
    0x1e, 0xc1, 0x36, 0x6, 0x0, 0x61, 0xff, 0xff,
    0xa9, 0x7c, 0xb, 0x0, 0x0, 0x0, 0x0, 0x0,
    0x0, 0x12, 0x6c, 0x98, 0x9f, 0x92, 0x9a, 0x3a,
    0x4, 0x0, 0x0, 0x0, 0x0, 0x0, 0x0, 0x0,

    /* U+1F3CA "🏊" */
    0x0, 0x0, 0x0, 0x0, 0x0, 0x0, 0x0, 0x0,
    0x0, 0x0, 0x0, 0x0, 0x0, 0x3c, 0x75, 0x91,
    0x74, 0x15, 0x0, 0x0, 0x0, 0x0, 0x0, 0x0,
    0x0, 0x0, 0x0, 0x0, 0x0, 0x2a, 0xc9, 0xff,
    0xff, 0xff, 0xff, 0xb3, 0x0, 0x0, 0x0, 0x0,
    0x0, 0x0, 0x0, 0x0, 0x0, 0x0, 0x35, 0xf1,
    0xff, 0xff, 0xff, 0xff, 0xfe, 0x80, 0x0, 0x0,
    0x0, 0x0, 0x0, 0x0, 0x0, 0x0, 0x0, 0xa,
    0xe0, 0xff, 0xfc, 0x87, 0x30, 0x20, 0x11, 0x0,
    0x0, 0x0, 0x0, 0x0, 0x0, 0x0, 0x0, 0x0,
    0x0, 0x6b, 0xff, 0xff, 0x84, 0x0, 0x0, 0x0,
    0x0, 0x0, 0x0, 0x0, 0x0, 0x1f, 0x8e, 0xb1,
    0x83, 0x16, 0x0, 0xba, 0xff, 0xff, 0x2b, 0x0,
    0x0, 0x0, 0x0, 0x0, 0x0, 0x0, 0x25, 0xed,
    0xff, 0xff, 0xd6, 0xc7, 0x11, 0xe1, 0xff, 0xff,
    0x1c, 0x0, 0x0, 0x0, 0x0, 0x0, 0x0, 0x0,
    0xa9, 0xff, 0xff, 0x8a, 0x68, 0xff, 0xa3, 0xf9,
    0xff, 0xff, 0x5e, 0x0, 0x0, 0x0, 0x0, 0x0,
    0x0, 0x0, 0xdb, 0xff, 0xd9, 0x1, 0xb1, 0xff,
    0xff, 0xff, 0xff, 0xff, 0xfd, 0x7a, 0x0, 0x0,
    0x0, 0x0, 0x0, 0x0, 0xc2, 0xb7, 0x21, 0xdf,
    0xff, 0xff, 0xff, 0xff, 0xff, 0xff, 0xff, 0xff,
    0x76, 0x0, 0x0, 0x0, 0x0, 0x0, 0x55, 0x6b,
    0x4e, 0xff, 0xff, 0xff, 0xff, 0xff, 0xff, 0xff,
    0xff, 0xff, 0xfd, 0x3e, 0x0, 0x0, 0x4, 0x5,
    0x0, 0x60, 0xe3, 0xff, 0xff, 0xff, 0xff, 0xff,
    0xff, 0xff, 0xff, 0xff, 0xff, 0xd5, 0x2, 0x0,
    0x32, 0x9a, 0x15, 0x16, 0x81, 0xb0, 0x8f, 0xba,
    0xff, 0xff, 0xff, 0xf5, 0x93, 0x68, 0x8f, 0xed,
    0x9a, 0x23, 0x0, 0x2d, 0x8c, 0x89, 0x2f, 0x0,
    0x0, 0x0, 0x39, 0x8f, 0x7e, 0x19, 0x0, 0x0,
    0x0, 0xa, 0x3f, 0x13, 0x0, 0x0, 0x0, 0x0,
    0x0, 0x0, 0x0, 0x0, 0x0, 0x0, 0x0, 0x0,
    0x0, 0x5, 0x0, 0x0, 0x0, 0x0, 0x0, 0x3d,
    0x44, 0x5, 0x44, 0x9e, 0x9e, 0xa5, 0x66, 0xc,
    0xd, 0x5f, 0xa7, 0x97, 0xa1, 0x99, 0x7a, 0x0,
    0x0, 0x8, 0x7c, 0x9c, 0x68, 0xc, 0x0, 0x1,
    0x4e, 0x96, 0x93, 0x4f, 0x2, 0x0, 0x0, 0xa,
    0xf, 0x0,

    /* U+1F3CB "🏋" */
    0x0, 0x0, 0x44, 0x48, 0x0, 0x0, 0x0, 0x0,
    0x0, 0x0, 0x0, 0x0, 0x0, 0x0, 0x0, 0x6b,
    0x21, 0x0, 0x0, 0x17, 0x99, 0xaf, 0xb7, 0x0,
    0x10, 0x0, 0x0, 0x0, 0x0, 0x0, 0x0, 0x0,
    0x10, 0x0, 0xf7, 0x79, 0xa7, 0x0, 0x72, 0xff,
    0xff, 0xff, 0xa0, 0xff, 0x5c, 0x5c, 0x5c, 0x5c,
    0x5c, 0x5c, 0x8c, 0xff, 0x6a, 0xff, 0xe4, 0xff,
    0x2f, 0x17, 0x9b, 0xaf, 0xb7, 0x5a, 0xff, 0x16,
    0x14, 0xc1, 0xf1, 0x7a, 0x0, 0x50, 0xff, 0x1c,
    0xf7, 0x79, 0xa7, 0x0, 0x0, 0x0, 0x44, 0x48,
    0x32, 0xff, 0x44, 0x82, 0xff, 0xff, 0xff, 0x25,
    0x85, 0xf0, 0x2, 0x6b, 0x21, 0x0, 0x0, 0x0,
    0x0, 0x0, 0x0, 0x0, 0xd3, 0xb9, 0x7a, 0xff,
    0xff, 0xfd, 0x36, 0xf1, 0x8d, 0x0, 0x0, 0x0,
    0x0, 0x0, 0x0, 0x0, 0x0, 0x0, 0x0, 0x3c,
    0xfd, 0xaa, 0xea, 0xff, 0xba, 0xd1, 0xde, 0xe,
    0x0, 0x0, 0x0, 0x0, 0x0, 0x0, 0x0, 0x0,
    0x0, 0x0, 0x0, 0x6c, 0xff, 0xff, 0xff, 0xff,
    0xeb, 0x2d, 0x0, 0x0, 0x0, 0x0, 0x0, 0x0,
    0x0, 0x0, 0x0, 0x0, 0x0, 0x0, 0x0, 0x8d,
    0xff, 0xff, 0xff, 0x31, 0x0, 0x0, 0x0, 0x0,
    0x0, 0x0, 0x0, 0x0, 0x0, 0x0, 0x0, 0x0,
    0x0, 0x0, 0x7f, 0xff, 0xff, 0xff, 0x20, 0x0,
    0x0, 0x0, 0x0, 0x0, 0x0, 0x0, 0x0, 0x0,
    0x0, 0x0, 0x0, 0x0, 0x0, 0xa5, 0xff, 0xff,
    0xff, 0x45, 0x0, 0x0, 0x0, 0x0, 0x0, 0x0,
    0x0, 0x0, 0x0, 0x0, 0x0, 0x0, 0x0, 0x0,
    0xce, 0xff, 0xff, 0xff, 0x6e, 0x0, 0x0, 0x0,
    0x0, 0x0, 0x0, 0x0, 0x0, 0x0, 0x0, 0x0,
    0x0, 0x0, 0x0, 0xe2, 0xe7, 0x90, 0xff, 0x84,
    0x0, 0x0, 0x0, 0x0, 0x0, 0x0, 0x0, 0x0,
    0x0, 0x0, 0x0, 0x0, 0x0, 0x0, 0xea, 0x65,
    0x0, 0xcb, 0x8d, 0x0, 0x0, 0x0, 0x0, 0x0,
    0x0, 0x0, 0x0, 0x0, 0x0, 0x0, 0x0, 0x0,
    0x0, 0xf0, 0x20, 0x0, 0x86, 0x94, 0x0, 0x0,
    0x0, 0x0, 0x0, 0x0, 0x0, 0x0, 0x0, 0x0,
    0x0, 0x0, 0x0, 0x2a, 0xff, 0x1e, 0x0, 0x81,
    0xcf, 0x6, 0x0, 0x0, 0x0, 0x0, 0x0, 0x0,
    0x0, 0x0, 0x0, 0x0, 0x0, 0x0, 0x46, 0x91,
    0x5, 0x0, 0x3a, 0x9f, 0x19, 0x0, 0x0, 0x0,
    0x0, 0x0, 0x0,

    /* U+1F3CC "🏌" */
    0x0, 0x0, 0x0, 0x0, 0x0, 0x0, 0x5b, 0x8f,
    0x44, 0x0, 0x0, 0x0, 0x0, 0x0, 0x0, 0x0,
    0x0, 0x0, 0x0, 0x77, 0xff, 0xff, 0xfc, 0x4a,
    0x0, 0x0, 0x0, 0x0, 0x0, 0x72, 0x57, 0x1,
    0x1, 0xe2, 0xff, 0xff, 0xff, 0xb2, 0x0, 0x0,
    0x0, 0x0, 0x8, 0xfc, 0xff, 0xc3, 0x99, 0xd2,
    0xff, 0xff, 0xff, 0x9e, 0x0, 0x0, 0x0, 0x0,
    0xc, 0xff, 0x93, 0x94, 0xf7, 0x99, 0xff, 0xff,
    0xe5, 0x22, 0x0, 0x0, 0x0, 0x0, 0x0, 0xca,
    0xff, 0xff, 0xff, 0xff, 0xff, 0xff, 0xa7, 0x9,
    0x0, 0x0, 0x0, 0x0, 0x0, 0x14, 0x72, 0x9e,
    0xfb, 0xff, 0xff, 0xff, 0xc6, 0x62, 0x6b, 0x3c,
    0x0, 0x0, 0x0, 0x0, 0x0, 0x0, 0xb0, 0xff,
    0xff, 0xff, 0xa2, 0x0, 0x0, 0x2f, 0xc1, 0x28,
    0x0, 0x0, 0x0, 0x0, 0xcd, 0xff, 0xff, 0xff,
    0x6f, 0x0, 0x0, 0x0, 0xb4, 0x53, 0x0, 0x0,
    0x0, 0x4, 0xfa, 0xff, 0xff, 0xff, 0x55, 0x0,
    0x0, 0x0, 0x24, 0x9, 0x0, 0x0, 0x0, 0x11,
    0xff, 0xff, 0xff, 0xff, 0x51, 0x0, 0x0, 0x0,
    0x0, 0x0, 0x0, 0x0, 0x0, 0x7, 0xff, 0xff,
    0xff, 0xff, 0x59, 0x0, 0x0, 0x0, 0x0, 0x0,
    0x0, 0x0, 0x0, 0x0, 0xf1, 0xff, 0xb3, 0xff,
    0x74, 0x0, 0x0, 0x0, 0x0, 0x0, 0x0, 0x0,
    0x0, 0x0, 0xcd, 0xff, 0x3b, 0xff, 0xc9, 0x9,
    0x0, 0x0, 0x0, 0x0, 0x0, 0x0, 0x0, 0x0,
    0xa9, 0xff, 0x34, 0x9a, 0xff, 0xf9, 0x99, 0x0,
    0x0, 0x0, 0x0, 0x0, 0x0, 0x0, 0x92, 0xff,
    0x50, 0x2, 0x5c, 0xe3, 0xd1, 0x0, 0x0, 0x0,
    0x0, 0x0, 0x0, 0x0, 0x47, 0xca, 0x25, 0x0,
    0x0, 0x39, 0x57, 0x0, 0x0, 0x0,

    /* U+1F3CD "🏍" */
    0x0, 0x0, 0x0, 0x0, 0x2a, 0x8f, 0xa5, 0x85,
    0x0, 0x0, 0x0, 0x0, 0x0, 0x0, 0x0, 0x0,
    0x0, 0x0, 0x0, 0x0, 0x0, 0x0, 0xb, 0x3d,
    0x82, 0x11, 0x93, 0x8, 0x9, 0x0, 0x0, 0x0,
    0x0, 0x0, 0x0, 0x0, 0x0, 0x0, 0x0, 0x0,
    0x0, 0xb, 0xff, 0xff, 0xa4, 0xdf, 0x56, 0xb1,
    0x85, 0x51, 0xa, 0x0, 0x0, 0x0, 0x0, 0x0,
    0x0, 0x0, 0x0, 0x0, 0x0, 0x6c, 0xff, 0x30,
    0x90, 0x4e, 0xfb, 0xab, 0x85, 0x53, 0xa2, 0x85,
    0x15, 0x0, 0x7, 0x61, 0x97, 0xdb, 0xa7, 0x0,
    0x0, 0xab, 0xb7, 0x47, 0xff, 0xff, 0xff, 0xb,
    0x0, 0x7, 0x55, 0xdd, 0xa6, 0x15, 0x96, 0x99,
    0x66, 0xc2, 0x67, 0x0, 0x0, 0xb1, 0x79, 0x30,
    0x5a, 0x7c, 0x96, 0xab, 0x8d, 0xff, 0xff, 0xff,
    0xff, 0xbb, 0xa8, 0x96, 0x9b, 0xba, 0x52, 0x0,
    0x0, 0x91, 0xa6, 0x60, 0x2, 0x0, 0x0, 0x3,
    0x71, 0xf8, 0xff, 0xff, 0xff, 0xea, 0xe7, 0x52,
    0x0, 0x0, 0xd, 0x0, 0x0, 0x6c, 0xd7, 0xd1,
    0x9c, 0x2, 0x0, 0x0, 0x2f, 0xa7, 0xb9, 0xff,
    0xe3, 0x5d, 0xff, 0x99, 0x94, 0x43, 0x35, 0xb,
    0x27, 0xed, 0xcf, 0x6f, 0xf7, 0x75, 0x0, 0x2d,
    0xe3, 0x27, 0x59, 0xff, 0xff, 0xff, 0xff, 0xb8,
    0xce, 0xff, 0x87, 0x8e, 0xa4, 0x8f, 0x73, 0x5d,
    0x6f, 0xf0, 0x11, 0x0, 0x85, 0x92, 0xd7, 0xff,
    0xff, 0xff, 0xfc, 0xa5, 0x76, 0x38, 0xed, 0x83,
    0xb8, 0x69, 0x9f, 0xa9, 0x2e, 0xfd, 0x6d, 0x0,
    0x0, 0x0, 0x0, 0x3f, 0xff, 0xff, 0x8b, 0x49,
    0xa0, 0x9d, 0xff, 0x0, 0x69, 0xdb, 0x3a, 0x2a,
    0xb3, 0x97, 0xa0, 0x9c, 0x9c, 0x9c, 0x9c, 0x9c,
    0xfe, 0xd7, 0xff, 0xab, 0x1c, 0xa5, 0xab, 0x0,
    0x1, 0x88, 0xf6, 0xfc, 0xaa, 0xa, 0x0, 0x0,
    0x0, 0x0, 0x0, 0x0, 0x0, 0x0, 0x71, 0xf3,
    0xfe, 0xb3, 0x13, 0x0, 0x0, 0x0, 0x3, 0x7,
    0x0, 0x0, 0x0, 0x0, 0x0, 0x0, 0x0, 0x0,
    0x0, 0x0, 0x0, 0x2, 0x8, 0x0, 0x0, 0x0,

    /* U+1F40D "🐍" */
    0x0, 0x0, 0x0, 0x0, 0x2, 0x4e, 0x8b, 0x8f,
    0x58, 0x5, 0x0, 0x0, 0x0, 0x0, 0x0, 0x0,
    0x0, 0x0, 0x0, 0x0, 0x0, 0xf, 0xa8, 0x5a,
    0x10, 0xc, 0x52, 0xac, 0x10, 0x0, 0x0, 0x0,
    0x0, 0x0, 0x0, 0x0, 0x0, 0x0, 0x0, 0x90,
    0x26, 0x0, 0x4c, 0x92, 0x0, 0x24, 0x93, 0x0,
    0x0, 0x0, 0x0, 0x0, 0x0, 0x0, 0x0, 0x0,
    0x0, 0xa0, 0x0, 0x0, 0x1b, 0x1d, 0x0, 0x0,
    0xa1, 0x0, 0x0, 0x0, 0x0, 0x0, 0x0, 0x0,
    0x0, 0x0, 0x2d, 0xff, 0x26, 0x0, 0x0, 0x0,
    0x0, 0x0, 0x9b, 0x0, 0x0, 0x0, 0x0, 0x0,
    0x0, 0x0, 0x2, 0x46, 0xc5, 0xbf, 0xac, 0x76,
    0x0, 0x0, 0x0, 0x2, 0xa2, 0x0, 0x0, 0x0,
    0x0, 0x0, 0x0, 0x0, 0x0, 0x19, 0x3a, 0x0,
    0x0, 0xaa, 0x0, 0x0, 0x0, 0x5b, 0x56, 0x0,
    0x0, 0x0, 0x0, 0x0, 0x0, 0x0, 0x0, 0x0,
    0x0, 0x0, 0x3b, 0x7d, 0x0, 0x30, 0x99, 0xbc,
    0x3, 0x0, 0x0, 0x0, 0x0, 0x0, 0x0, 0x0,
    0x0, 0x0, 0x0, 0x0, 0xa9, 0x9, 0x0, 0x0,
    0xc5, 0x72, 0x4b, 0x27, 0x0, 0x0, 0x0, 0x0,
    0x0, 0x0, 0x0, 0x0, 0x0, 0x34, 0x70, 0x0,
    0x6b, 0xbf, 0xd2, 0x53, 0x4b, 0x75, 0xa6, 0x27,
    0x0, 0x0, 0x0, 0x0, 0x0, 0x0, 0x0, 0x7f,
    0x1d, 0x0, 0x0, 0xa6, 0x4, 0x0, 0x0, 0x0,
    0xc, 0xae, 0xf, 0x0, 0x0, 0x0, 0x0, 0x0,
    0x0, 0x98, 0x0, 0xd, 0x7b, 0xc9, 0x0, 0x82,
    0x9b, 0x0, 0x0, 0x40, 0x6a, 0x0, 0x3f, 0x2c,
    0x0, 0x0, 0x0, 0x91, 0x7, 0x6, 0x29, 0xb2,
    0x26, 0xb5, 0xe5, 0x0, 0x0, 0xa, 0xdd, 0x72,
    0x9f, 0x82, 0x0, 0x0, 0x0, 0x4f, 0x59, 0x0,
    0x0, 0x13, 0x81, 0x88, 0x29, 0x0, 0x0, 0x1d,
    0x9c, 0x2e, 0x54, 0x4f, 0x0, 0x0, 0x0, 0x0,
    0x9e, 0x2f, 0x0, 0x0, 0x0, 0x0, 0x0, 0x0,
    0x0, 0x95, 0x45, 0x60, 0x8e, 0x1, 0x0, 0x0,
    0x0, 0x0, 0x7, 0x89, 0x8d, 0x3a, 0xd, 0x0,
    0xc, 0x41, 0xa0, 0xc3, 0x87, 0x34, 0x0, 0x0,
    0x0, 0x0, 0x0, 0x0, 0x0, 0x0, 0x1a, 0x65,
    0x8e, 0x9b, 0x8f, 0x5e, 0xf, 0x0, 0x0, 0x0,
    0x0, 0x0,

    /* U+1F40E "🐎" */
    0x0, 0x8, 0x0, 0x68, 0xa, 0x3, 0x4, 0x0,
    0x0, 0x0, 0x0, 0x0, 0x0, 0x0, 0x0, 0x0,
    0x0, 0x0, 0x0, 0x0, 0x8a, 0xa7, 0x6f, 0x98,
    0xd3, 0x95, 0x0, 0x0, 0x0, 0x0, 0x0, 0x0,
    0x0, 0x0, 0x0, 0x0, 0x0, 0x0, 0x0, 0xce,
    0xff, 0x20, 0x90, 0xff, 0xc4, 0x9e, 0x18, 0x0,
    0x0, 0x0, 0x0, 0x0, 0x0, 0x0, 0x0, 0x0,
    0x0, 0x2d, 0xff, 0xe0, 0x0, 0x17, 0x24, 0xff,
    0xff, 0x18, 0x0, 0x0, 0x0, 0x0, 0x0, 0x0,
    0x0, 0x0, 0x0, 0x0, 0x9e, 0xbc, 0x41, 0x0,
    0x52, 0x35, 0xf, 0xff, 0xf2, 0x8, 0x0, 0x0,
    0x7, 0x0, 0x0, 0x0, 0x0, 0x0, 0x0, 0x92,
    0x16, 0x0, 0xf, 0x82, 0x17, 0x0, 0x1c, 0xf7,
    0x9e, 0x9a, 0x98, 0x89, 0x9b, 0x4c, 0x0, 0x0,
    0x0, 0x0, 0xa1, 0x1e, 0x33, 0xe7, 0xde, 0x0,
    0x0, 0x0, 0x0, 0x0, 0x0, 0x0, 0x0, 0x0,
    0x84, 0x3d, 0x0, 0x0, 0x0, 0xab, 0x2a, 0xaf,
    0x11, 0xbe, 0x8, 0x0, 0x0, 0x0, 0x0, 0x0,
    0x0, 0x0, 0x0, 0x5, 0xb3, 0x3, 0x0, 0x0,
    0x2d, 0x93, 0x44, 0x29, 0x70, 0x0, 0x0, 0x0,
    0x0, 0x0, 0x0, 0x9, 0x40, 0x0, 0x0, 0xf1,
    0x49, 0x0, 0x0, 0x0, 0x31, 0xa2, 0xee, 0xac,
    0x0, 0x0, 0x0, 0x0, 0x0, 0xb, 0xb9, 0x4a,
    0x0, 0x0, 0xff, 0xb1, 0x33, 0x37, 0x0, 0xb0,
    0xe4, 0xbc, 0xf6, 0x42, 0x0, 0x0, 0xe, 0x64,
    0xff, 0xff, 0x19, 0x0, 0x3b, 0xff, 0xff, 0xff,
    0x5f, 0x26, 0xf9, 0x17, 0x14, 0x9e, 0xb, 0x1c,
    0x93, 0x9c, 0xaf, 0xff, 0xff, 0x5, 0x25, 0x95,
    0x14, 0x53, 0x31, 0x0, 0x6a, 0xff, 0x35, 0x91,
    0x14, 0x45, 0x76, 0x24, 0xfa, 0xee, 0x85, 0x77,
    0x2, 0x8a, 0x3, 0x0, 0x0, 0x0, 0x0, 0x16,
    0xde, 0x6c, 0x8b, 0x19, 0xa2, 0x57, 0x82, 0xec,
    0x21, 0x7b, 0x0, 0x45, 0x3a, 0x0, 0x0, 0x0,
    0x0, 0x0, 0x0, 0x1a, 0x14, 0x31, 0x7d, 0x1,
    0xd9, 0x4e, 0x16, 0xa1, 0x27, 0x4e, 0x61, 0x0,
    0x0, 0x0, 0x0, 0x0, 0x0, 0x0, 0x0, 0x0,
    0x0, 0x50, 0x8a, 0x9a, 0x33, 0xd4, 0xaa, 0x60,
    0x4c, 0x0, 0x0, 0x0, 0x0, 0x0, 0x0, 0x0,
    0x0, 0x0, 0x0, 0x0, 0x0, 0x0, 0x0, 0xd,
    0x65, 0x74, 0x3c, 0x0, 0x0, 0x0, 0x0, 0x0,
    0x0, 0x0, 0x0,

    /* U+1F412 "🐒" */
    0x0, 0x0, 0x0, 0x0, 0x0, 0x0, 0x0, 0x0,
    0x0, 0x0, 0x0, 0x0, 0x55, 0x93, 0x5e, 0x0,
    0x0, 0x0, 0x0, 0x0, 0x0, 0x10, 0x28, 0xf,
    0x0, 0x0, 0x0, 0x0, 0x7a, 0x59, 0xe, 0x5f,
    0x8b, 0x0, 0x0, 0x0, 0x24, 0xa2, 0x93, 0x78,
    0x95, 0x9b, 0x12, 0x0, 0x1, 0x90, 0x5a, 0xbe,
    0x38, 0x97, 0xf, 0x0, 0x1a, 0xa5, 0xe, 0x0,
    0x0, 0x0, 0x22, 0xb0, 0xb, 0x3, 0x8a, 0x89,
    0x1e, 0x99, 0x96, 0x2, 0x0, 0x8b, 0x16, 0x16,
    0xf, 0x38, 0x88, 0x8c, 0x47, 0xa4, 0x66, 0x91,
    0x60, 0x42, 0x0, 0x0, 0x0, 0x0, 0x98, 0x53,
    0x6b, 0x6a, 0x56, 0x57, 0x3e, 0x38, 0x6c, 0x9f,
    0x8a, 0x1c, 0x97, 0x0, 0x0, 0x0, 0x49, 0x7c,
    0x7a, 0x3e, 0x53, 0x0, 0x76, 0x20, 0x69, 0x39,
    0xb5, 0x44, 0x56, 0x92, 0x16, 0x0, 0x0, 0xa2,
    0x4a, 0x2f, 0x69, 0x25, 0x62, 0x48, 0x2a, 0x82,
    0x89, 0x33, 0x8, 0x96, 0x39, 0x72, 0x0, 0x0,
    0x8f, 0x6f, 0x16, 0x6d, 0x8d, 0xfd, 0xc8, 0x38,
    0xa3, 0xb5, 0x1, 0x0, 0xa0, 0x0, 0xa6, 0x0,
    0x0, 0x4, 0x5d, 0xa7, 0x9a, 0x2f, 0x2d, 0x54,
    0xeb, 0xff, 0xc2, 0x0, 0x0, 0x9c, 0x2, 0xa2,
    0x0, 0x0, 0x0, 0x0, 0x24, 0x99, 0xff, 0xff,
    0xff, 0xff, 0x5, 0x7f, 0x49, 0x0, 0x8a, 0x14,
    0xa0, 0x0, 0x0, 0x0, 0x0, 0x0, 0xa9, 0xdb,
    0x4a, 0xc6, 0x87, 0x1f, 0x21, 0x9d, 0x0, 0x99,
    0x2, 0xa1, 0x0, 0x0, 0x0, 0x0, 0x0, 0xe1,
    0x7a, 0x60, 0x54, 0x1e, 0xaf, 0x23, 0xb9, 0x21,
    0x94, 0x3, 0xa3, 0x0, 0x0, 0x0, 0x0, 0x0,
    0xb4, 0xc5, 0x9d, 0x0, 0x0, 0x16, 0x3c, 0x9a,
    0x84, 0xc, 0x6a, 0x52, 0x0, 0x0, 0x0, 0x0,
    0x19, 0xb7, 0xff, 0x42, 0x0, 0xd, 0x0, 0x0,
    0x19, 0x3d, 0x90, 0x7e, 0x0, 0x0, 0x0, 0x0,
    0x5, 0xed, 0xec, 0x3d, 0xaf, 0x8e, 0xb1, 0x65,
    0x72, 0xa9, 0x60, 0x1d, 0x0, 0x0, 0x0, 0x0,
    0x0, 0x0, 0x3c, 0x85, 0x97, 0xa2, 0x6d, 0x0,
    0x40, 0x39, 0x1, 0x0, 0x0, 0x0, 0x0, 0x0,
    0x0,

    /* U+1F414 "🐔" */
    0x0, 0x0, 0x0, 0x0, 0x0, 0x0, 0x2c, 0x1f,
    0x0, 0x43, 0x8b, 0x3b, 0x0, 0x0, 0x0, 0x0,
    0x0, 0x0, 0x0, 0x0, 0x0, 0x0, 0x71, 0xff,
    0xfe, 0xcf, 0xfd, 0xff, 0xf5, 0xe, 0x0, 0x0,
    0x0, 0x0, 0x0, 0x0, 0x0, 0xb, 0x41, 0xe6,
    0xff, 0xff, 0xff, 0xff, 0xff, 0xff, 0x1c, 0x0,
    0x0, 0x0, 0x0, 0x0, 0x0, 0x40, 0xf3, 0xff,
    0xff, 0xff, 0xff, 0xff, 0xff, 0xff, 0xa6, 0x0,
    0x0, 0x0, 0x0, 0x0, 0x0, 0x0, 0x88, 0xff,
    0xff, 0xff, 0xf9, 0x8a, 0x45, 0x72, 0xd1, 0x3c,
    0x0, 0x0, 0x0, 0x0, 0x0, 0x0, 0x0, 0x2e,
    0xf9, 0xe9, 0x57, 0x24, 0x85, 0x44, 0x0, 0x3,
    0x81, 0x5f, 0x0, 0x0, 0x0, 0x0, 0x0, 0x40,
    0x92, 0xa2, 0x9e, 0x45, 0x80, 0x1, 0x96, 0x0,
    0x0, 0x0, 0x7a, 0x4b, 0x0, 0x0, 0x0, 0x49,
    0x80, 0x2, 0x0, 0x9a, 0x15, 0x2e, 0x2c, 0x78,
    0x3f, 0x57, 0x0, 0x0, 0xa2, 0x11, 0x0, 0x0,
    0xa3, 0x24, 0x24, 0x25, 0x9d, 0x20, 0x64, 0x7d,
    0x5, 0x0, 0x6f, 0x0, 0x0, 0x22, 0x86, 0x0,
    0x0, 0x6c, 0x74, 0xde, 0xff, 0xff, 0xf1, 0x1b,
    0x8, 0x0, 0x0, 0x0, 0x2b, 0x2c, 0x0, 0x98,
    0xb, 0x0, 0x0, 0x0, 0xa9, 0xff, 0xff, 0xd7,
    0x0, 0x85, 0x15, 0x3, 0xe, 0xc, 0x88, 0x0,
    0x41, 0x57, 0x0, 0x0, 0x0, 0x6d, 0xff, 0xff,
    0x6d, 0x0, 0x28, 0x1a, 0x18, 0x8c, 0x0, 0x0,
    0x0, 0x4, 0x94, 0x0, 0x0, 0x0, 0x0, 0x8d,
    0x3f, 0x0, 0x0, 0x0, 0x0, 0x0, 0x38, 0x0,
    0x0, 0x0, 0x0, 0x95, 0x0, 0x0, 0x0, 0x0,
    0x75, 0x1b, 0x0, 0x0, 0x0, 0x0, 0x0, 0x0,
    0x0, 0x0, 0x0, 0x0, 0x86, 0x13, 0x0, 0x0,
    0x0, 0x63, 0x3e, 0xb2, 0x32, 0x0, 0x21, 0xa,
    0x0, 0x25, 0x2c, 0x28, 0xb9, 0xc2, 0x33, 0x0,
    0x0, 0x0, 0x2e, 0xbe, 0x19, 0x9a, 0x58, 0x97,
    0xa4, 0x2d, 0x9f, 0x84, 0xbc, 0xf, 0x1, 0x0,
    0x0, 0x0, 0x0, 0x0, 0x0, 0x0, 0xe, 0x67,
    0x1, 0x9, 0x86, 0x21, 0x0, 0x11, 0x0, 0x0,
    0x0,

    /* U+1F41F "🐟" */
    0x0, 0x0, 0x0, 0x0, 0x0, 0x0, 0x0, 0x0,
    0x2, 0x16, 0x0, 0x0, 0x0, 0x0, 0x0, 0x0,
    0x0, 0x0, 0x0, 0x0, 0x0, 0x0, 0x0, 0x0,
    0x0, 0x0, 0x0, 0x0, 0xa3, 0xf7, 0x85, 0x5,
    0x0, 0x0, 0x0, 0x0, 0x0, 0x0, 0x0, 0x0,
    0x0, 0x0, 0x0, 0x0, 0x0, 0x0, 0x0, 0x5d,
    0xff, 0xff, 0xff, 0xc7, 0x14, 0x0, 0x0, 0x0,
    0x0, 0x0, 0x0, 0x0, 0x0, 0x0, 0x0, 0x0,
    0xf, 0x6e, 0xa4, 0xbd, 0xbe, 0xd2, 0xf8, 0xff,
    0xd8, 0x18, 0x0, 0x0, 0x0, 0x0, 0x0, 0x0,
    0x0, 0x0, 0x0, 0x53, 0xaf, 0x43, 0x3, 0x0,
    0x0, 0x0, 0xb, 0x57, 0xd8, 0xcf, 0xe, 0x0,
    0x0, 0x0, 0x0, 0x0, 0x0, 0x0, 0x66, 0x86,
    0x1, 0x0, 0x0, 0x0, 0x0, 0x0, 0x0, 0x0,
    0x5, 0x9c, 0xaf, 0x0, 0x0, 0x0, 0x12, 0x4d,
    0x0, 0x36, 0x94, 0x0, 0x0, 0x0, 0x0, 0x0,
    0x0, 0x0, 0x0, 0x0, 0x0, 0x0, 0x99, 0x6e,
    0x0, 0x1a, 0xd9, 0x76, 0x0, 0xae, 0x9, 0x0,
    0x93, 0x48, 0x1e, 0x15, 0x4f, 0x94, 0x83, 0x61,
    0x38, 0x7, 0x5, 0xbb, 0x2c, 0xd4, 0xf2, 0x16,
    0x68, 0xdc, 0x1c, 0x0, 0x20, 0xb, 0x58, 0x4a,
    0x0, 0xd, 0x1e, 0x44, 0x6f, 0xa3, 0xa6, 0xa2,
    0xff, 0xff, 0x67, 0x0, 0x0, 0x5e, 0xa1, 0x0,
    0x0, 0x2, 0xac, 0x15, 0x6e, 0xad, 0x5c, 0x5,
    0x0, 0x0, 0x1, 0x44, 0xff, 0xec, 0x33, 0x0,
    0x7, 0xda, 0x3d, 0x0, 0x0, 0xe, 0x3a, 0x0,
    0x15, 0xbb, 0xff, 0xd7, 0x25, 0x0, 0x3, 0xa3,
    0x35, 0xd9, 0xee, 0x1b, 0x0, 0x10, 0xb6, 0x38,
    0x0, 0x0, 0x0, 0x0, 0x0, 0x0, 0x2d, 0x45,
    0x15, 0x18, 0xae, 0x3a, 0x0, 0x15, 0xc1, 0x78,
    0x0, 0x0, 0xc, 0x91, 0x9e, 0x53, 0x13, 0x0,
    0x0, 0x0, 0x5, 0x32, 0x86, 0xb9, 0x1c, 0x0,
    0x0, 0x0, 0x2, 0x1d, 0x0, 0x0, 0x0, 0x0,
    0xc, 0x51, 0x8d, 0x9d, 0x9f, 0xa0, 0xb4, 0xf4,
    0xff, 0xfc, 0x2c, 0x0, 0x0, 0x0, 0x0, 0x0,
    0x0, 0x0, 0x0, 0x0, 0x0, 0x0, 0x0, 0x0,
    0x0, 0x0, 0x0, 0x1, 0x12, 0x10, 0x0, 0x0,
    0x0, 0x0, 0x0, 0x0,

    /* U+1F420 "🐠" */
    0x0, 0x0, 0x0, 0x0, 0x0, 0x0, 0x0, 0x0,
    0xb, 0x45, 0x83, 0x9a, 0x9a, 0x9b, 0x98, 0x93,
    0x36, 0x0, 0x0, 0x0, 0x0, 0x0, 0x0, 0x0,
    0x23, 0x8d, 0x95, 0x57, 0x19, 0x0, 0x0, 0x51,
    0x93, 0x80, 0x2e, 0x0, 0x0, 0x0, 0x0, 0x0,
    0x1, 0x70, 0x8d, 0x17, 0x49, 0x0, 0x0, 0x0,
    0x0, 0xa7, 0xf, 0x0, 0x0, 0x0, 0x0, 0x0,
    0x0, 0x1, 0xb5, 0x54, 0x1a, 0x0, 0x91, 0x64,
    0x0, 0x1f, 0x0, 0x5a, 0x5e, 0x2c, 0xaf, 0xe,
    0x0, 0x0, 0x0, 0x92, 0xff, 0x13, 0xc1, 0x8,
    0x23, 0xe9, 0xb, 0x93, 0x3e, 0x1b, 0x97, 0x8f,
    0x4a, 0x62, 0x0, 0x0, 0x31, 0xff, 0xfd, 0x6,
    0x83, 0x78, 0x0, 0xd0, 0x5c, 0x3b, 0xa5, 0x1b,
    0xe0, 0x3d, 0x14, 0x8d, 0x0, 0x0, 0xa3, 0xca,
    0xff, 0x2f, 0x26, 0xe6, 0x1, 0x97, 0x9f, 0x16,
    0xd6, 0x0, 0x6, 0x0, 0x0, 0x9e, 0x0, 0x25,
    0x84, 0xa4, 0xff, 0x65, 0x0, 0xeb, 0x29, 0x79,
    0xbb, 0xf, 0xdb, 0x0, 0x0, 0x0, 0x0, 0x9f,
    0x11, 0xb1, 0x1c, 0x76, 0x57, 0xac, 0x0, 0xcf,
    0x41, 0x72, 0xb2, 0x2c, 0xbb, 0x0, 0x41, 0x45,
    0xf, 0x97, 0x14, 0xd5, 0x0, 0x25, 0xef, 0xb1,
    0x0, 0xcc, 0x2e, 0x89, 0x83, 0x5d, 0x76, 0x0,
    0x30, 0xbb, 0x85, 0x79, 0x1, 0xae, 0xf, 0x0,
    0x47, 0x15, 0x0, 0xd0, 0x4, 0xc0, 0x29, 0x9c,
    0x15, 0x0, 0x7, 0x96, 0x46, 0x15, 0x0, 0x25,
    0xaf, 0x1a, 0x0, 0x0, 0x14, 0x8c, 0x2a, 0x8f,
    0x0, 0x2d, 0x0, 0x0, 0x23, 0x7b, 0x0, 0x0,
    0x0, 0x0, 0x1d, 0xab, 0x58, 0x1, 0x6, 0xc,
    0x2c, 0x4, 0x0, 0x0, 0x0, 0x1, 0x94, 0x28,
    0x0, 0x0, 0x0, 0x0, 0x0, 0x0, 0x58, 0xab,
    0x67, 0x14, 0x0, 0x52, 0x7d, 0x78, 0x8b, 0xab,
    0x4d, 0x0, 0x0, 0x0, 0x0, 0x0, 0x0, 0x0,
    0x0, 0x0, 0x38, 0x89, 0xa1, 0xb6, 0x36, 0x27,
    0x14, 0x0, 0x0, 0x0, 0x0, 0x0,

    /* U+1F422 "🐢" */
    0x0, 0x0, 0x0, 0x0, 0x0, 0x0, 0x0, 0x25,
    0x68, 0x89, 0x8c, 0x6f, 0x2e, 0x0, 0x0, 0x0,
    0x0, 0x0, 0x0, 0x0, 0x0, 0x0, 0x0, 0x0,
    0x19, 0xa2, 0x8d, 0x3a, 0x1c, 0x10, 0x2d, 0x8a,
    0xc3, 0x2d, 0x0, 0x0, 0x0, 0x0, 0x0, 0x0,
    0x0, 0x0, 0x1b, 0xff, 0x46, 0x0, 0x0, 0x0,
    0x0, 0x2, 0x82, 0x55, 0xa3, 0x41, 0x0, 0x0,
    0x0, 0x0, 0x0, 0x0, 0x0, 0xb2, 0x57, 0xe8,
    0x9e, 0x5c, 0x2d, 0x6d, 0xac, 0x9c, 0x91, 0x5,
    0xaf, 0x10, 0x0, 0x0, 0x0, 0x0, 0x26, 0xa4,
    0xeb, 0xe2, 0x27, 0x16, 0x58, 0xce, 0x73, 0x1,
    0x0, 0xa1, 0x3b, 0x3f, 0x6d, 0x0, 0x0, 0x0,
    0x7f, 0x8d, 0x2e, 0x19, 0x45, 0xac, 0x2e, 0x0,
    0x63, 0x57, 0x0, 0x0, 0x10, 0xc9, 0x42, 0xff,
    0x59, 0x6, 0x5b, 0x65, 0x2, 0x0, 0x0, 0x2,
    0x9, 0xae, 0x7, 0x35, 0x7c, 0x0, 0x0, 0x0,
    0x62, 0xff, 0xff, 0xa5, 0x38, 0xa7, 0x1, 0xca,
    0x44, 0x3d, 0xd7, 0x0, 0x4a, 0x5f, 0x12, 0xaa,
    0x0, 0x0, 0x1e, 0xae, 0x63, 0x8b, 0xa1, 0x2,
    0xa0, 0x0, 0x50, 0x14, 0x11, 0x54, 0x0, 0x2,
    0xe7, 0x4c, 0xfe, 0x49, 0x90, 0x91, 0x22, 0xae,
    0xb1, 0x17, 0x0, 0xa2, 0x0, 0x8, 0x84, 0x79,
    0xf, 0x0, 0x0, 0x9d, 0x7f, 0x7b, 0x53, 0x14,
    0x3c, 0xaa, 0x27, 0xa4, 0x0, 0x0, 0x8d, 0x22,
    0x0, 0x3, 0x6, 0x0, 0x0, 0x0, 0xf, 0x9f,
    0x9c, 0x9b, 0x9f, 0x6c, 0x8, 0x0, 0x9e, 0x0,
    0x0, 0x12, 0xad, 0x19, 0x0, 0x0, 0x0, 0x0,
    0x0, 0x0, 0x0, 0x0, 0x0, 0x0, 0x59, 0x9,
    0x0, 0xa2, 0x0, 0x0, 0x0, 0x13, 0xbf, 0xd,
    0x0, 0x1, 0x0, 0x0, 0x0, 0x0, 0x0, 0x55,
    0xa8, 0x72, 0xac, 0xa9, 0x67, 0x0, 0x0, 0x0,
    0x0, 0xa2, 0x0, 0x0, 0xd7, 0x9e, 0x9c, 0xb2,
    0x0, 0x0, 0xa3, 0x1, 0x0, 0x0, 0x0, 0x0,
    0x0, 0x0, 0x0, 0x0, 0xa2, 0x64, 0x6b, 0x7d,
    0x0, 0x0, 0x97, 0x6, 0x0, 0x9d, 0x4, 0x0,
    0x0, 0x0, 0x0, 0x0, 0x0, 0x0, 0x0, 0x4,
    0x30, 0x2c, 0x0, 0x0, 0x0, 0x49, 0xad, 0x9f,
    0x87, 0x0, 0x0, 0x0, 0x0, 0x0, 0x0, 0x0,
    0x0, 0x0, 0x0, 0x0, 0x0, 0x0, 0x0, 0x0,
    0x0, 0x1, 0x2, 0x0, 0x0, 0x0, 0x0, 0x0,
    0x0, 0x0, 0x0,

    /* U+1F425 "🐥" */
    0x0, 0x0, 0x0, 0x0, 0x0, 0x0, 0xa, 0x60,
    0x90, 0x90, 0x61, 0xb, 0x0, 0x0, 0x0, 0x0,
    0x0, 0x0, 0x0, 0x0, 0x0, 0x0, 0x0, 0x2f,
    0xb3, 0x43, 0xb, 0xb, 0x43, 0xb5, 0x31, 0x0,
    0x0, 0x0, 0x0, 0x0, 0x0, 0x0, 0x0, 0x0,
    0xd, 0xa1, 0x5, 0x0, 0x0, 0x0, 0x0, 0x6,
    0xa5, 0xe, 0x0, 0x0, 0x0, 0x0, 0x0, 0x0,
    0x0, 0x0, 0x7a, 0x28, 0x0, 0x0, 0x0, 0x0,
    0x0, 0x0, 0x28, 0x7d, 0x0, 0x0, 0x0, 0x0,
    0x0, 0x0, 0x0, 0x0, 0x9e, 0x0, 0xbf, 0x2b,
    0x0, 0x0, 0x2b, 0xbb, 0x0, 0xa2, 0x0, 0x0,
    0x0, 0x0, 0x0, 0x0, 0x0, 0x0, 0x9e, 0x0,
    0x3d, 0x16, 0xa3, 0xa3, 0x16, 0x3c, 0x0, 0x9e,
    0x0, 0x0, 0x0, 0x0, 0x0, 0x0, 0x0, 0xe,
    0x9f, 0x0, 0x0, 0xc, 0xd6, 0xd4, 0xb, 0x0,
    0x0, 0x9b, 0x13, 0x0, 0x0, 0x0, 0x0, 0x0,
    0x5, 0xa1, 0x2b, 0x0, 0x0, 0x0, 0x6, 0x5,
    0x0, 0x0, 0x0, 0x28, 0xab, 0x6, 0x0, 0x0,
    0x0, 0x16, 0xac, 0x37, 0x0, 0x0, 0x0, 0x0,
    0x0, 0x0, 0x0, 0x0, 0x0, 0x0, 0x33, 0xab,
    0x16, 0x0, 0x25, 0xa9, 0x1b, 0x0, 0x0, 0x85,
    0x4, 0x0, 0x0, 0x0, 0x0, 0x5, 0xa1, 0x0,
    0x0, 0x1b, 0xa8, 0x26, 0x92, 0x1c, 0x0, 0x0,
    0x68, 0x52, 0x0, 0x0, 0x0, 0x0, 0x0, 0x0,
    0x56, 0x7a, 0x1, 0x0, 0x18, 0x95, 0x27, 0xa3,
    0x9a, 0xbc, 0xb3, 0x0, 0x0, 0x0, 0x0, 0x0,
    0x0, 0x0, 0x0, 0xb7, 0xc0, 0x9a, 0xa1, 0x27,
    0x0, 0x0, 0x0, 0x0, 0x97, 0x2f, 0x0, 0x0,
    0x0, 0x0, 0x0, 0x0, 0x32, 0x98, 0x0, 0x0,
    0x0, 0x0, 0x0, 0x0, 0x0, 0x0, 0x9, 0x9c,
    0x6a, 0x8, 0x0, 0x0, 0x9, 0x6b, 0x9d, 0x8,
    0x0, 0x0, 0x0, 0x0, 0x0, 0x0, 0x0, 0x0,
    0x0, 0x0, 0x49, 0xff, 0x9c, 0x9c, 0xff, 0x46,
    0x0, 0x0, 0x0, 0x0, 0x0, 0x0, 0x0, 0x0,
    0x0, 0x0, 0x0, 0x13, 0x6d, 0xd7, 0x0, 0x0,
    0xdb, 0x6c, 0x1e, 0x0, 0x0, 0x0, 0x0, 0x0,
    0x0, 0x0, 0x0, 0x0, 0x0, 0x2b, 0x99, 0x50,
    0x0, 0x0, 0x4f, 0x99, 0x3e, 0x0, 0x0, 0x0,
    0x0, 0x0,

    /* U+1F426 "🐦" */
    0x0, 0x0, 0x0, 0x1e, 0x7a, 0x98, 0x75, 0x17,
    0x0, 0x0, 0x0, 0x0, 0x0, 0x0, 0x0, 0x0,
    0x0, 0x0, 0x0, 0x0, 0x0, 0x0, 0x4c, 0x99,
    0x29, 0x7, 0x2e, 0xb1, 0x3d, 0x0, 0x0, 0x0,
    0x0, 0x0, 0x0, 0x0, 0x0, 0x0, 0x0, 0x0,
    0x0, 0xe, 0xa5, 0x0, 0x0, 0x0, 0x0, 0x3,
    0xa9, 0xc, 0x0, 0x0, 0x0, 0x3, 0x0, 0x0,
    0x0, 0x0, 0x0, 0x0, 0x0, 0x52, 0x4f, 0x0,
    0x8, 0x48, 0x0, 0x0, 0x32, 0x7f, 0x0, 0x0,
    0x12, 0xba, 0x9e, 0x9f, 0x8b, 0x29, 0x0, 0x0,
    0x0, 0xcb, 0xe0, 0x0, 0x28, 0xcf, 0x0, 0x0,
    0x0, 0xa4, 0x1c, 0x0, 0x9b, 0x22, 0x0, 0x0,
    0xe, 0x78, 0x6c, 0x0, 0x2f, 0xff, 0xff, 0x25,
    0x0, 0x0, 0x0, 0x0, 0x0, 0x17, 0xa6, 0xaa,
    0x4d, 0x0, 0x0, 0x0, 0x0, 0x11, 0xc2, 0x1e,
    0x0, 0x1e, 0xbd, 0x0, 0x0, 0x0, 0x0, 0x0,
    0x0, 0x0, 0x0, 0x0, 0x0, 0x0, 0x0, 0x0,
    0x44, 0xac, 0x24, 0x0, 0x0, 0x0, 0xab, 0x0,
    0x0, 0x0, 0x0, 0x0, 0x0, 0x0, 0x0, 0x0,
    0x0, 0x0, 0x7, 0x8a, 0x7e, 0x3, 0x0, 0x0,
    0x0, 0x0, 0x92, 0x18, 0x0, 0x0, 0x3a, 0x25,
    0x0, 0x0, 0x0, 0x0, 0x0, 0x2c, 0xad, 0x35,
    0x0, 0x0, 0x0, 0x0, 0x0, 0x0, 0x54, 0x5c,
    0x0, 0x0, 0xe, 0xa4, 0x3, 0x0, 0x0, 0x0,
    0x0, 0x13, 0xa2, 0x0, 0x0, 0x0, 0x0, 0x0,
    0x0, 0x0, 0xc, 0xb7, 0x7, 0x0, 0x0, 0x3a,
    0x88, 0x0, 0x0, 0x0, 0x0, 0x45, 0x96, 0x0,
    0x0, 0x0, 0x0, 0x0, 0x0, 0x0, 0x0, 0x3d,
    0xb4, 0x2c, 0x0, 0x0, 0x47, 0x8f, 0x13, 0x4,
    0x85, 0x78, 0x2, 0x0, 0x0, 0x0, 0x0, 0x0,
    0x0, 0x0, 0x0, 0x0, 0x1d, 0x8b, 0xac, 0xc1,
    0xb7, 0xcd, 0xd5, 0x99, 0x37, 0x0, 0x0, 0x0,
    0x0, 0x0, 0x0, 0x0, 0x0, 0x0, 0x0, 0x0,
    0x0, 0x0, 0x0, 0x31, 0x83, 0x3f, 0x6c, 0x0,
    0x0, 0x0, 0x0, 0x0, 0x0, 0x0, 0x0, 0x0,
    0x0, 0x0, 0x0, 0x0, 0x0, 0x0, 0x31, 0x8f,
    0x79, 0x42, 0x85, 0x0, 0x0, 0x0, 0x0, 0x0,
    0x0, 0x0, 0x0, 0x0, 0x0, 0x0, 0x0, 0x0,
    0x0, 0x0, 0x65, 0x54, 0x23, 0xcb, 0x31, 0x0,
    0x0, 0x0, 0x0, 0x0, 0x0, 0x0, 0x0, 0x0,
    0x0, 0x0, 0x0, 0x0, 0x0, 0x0, 0x0, 0x0,
    0x53, 0x31, 0x0, 0x0, 0x0, 0x0, 0x0, 0x0,
    0x0, 0x0, 0x0, 0x0,

    /* U+1F427 "🐧" */
    0x0, 0x0, 0x0, 0x0, 0x2d, 0x81, 0x89, 0x46,
    0x0, 0x0, 0x0, 0x0, 0x0, 0x25, 0x9f, 0xbe,
    0xff, 0xf7, 0xf9, 0xff, 0x81, 0x0, 0x0, 0x0,
    0x1, 0xce, 0x55, 0x14, 0xff, 0x80, 0x90, 0xff,
    0xf8, 0x1b, 0x0, 0x0, 0x0, 0x24, 0x40, 0xff,
    0xff, 0xff, 0xee, 0x41, 0x83, 0x58, 0x0, 0x0,
    0x0, 0x0, 0x34, 0xe7, 0xff, 0xff, 0x99, 0x0,
    0xa, 0x76, 0x0, 0x0, 0x0, 0x0, 0xa9, 0x11,
    0x43, 0x41, 0x4, 0xc, 0x50, 0xca, 0x0, 0x0,
    0x0, 0xd, 0xa2, 0x0, 0x0, 0x0, 0x2e, 0xf9,
    0xff, 0xff, 0x4d, 0x0, 0x0, 0x3c, 0x86, 0x0,
    0x0, 0x0, 0x5f, 0xff, 0xff, 0xff, 0xa8, 0x0,
    0x0, 0x60, 0x71, 0x0, 0x0, 0x0, 0x72, 0xff,
    0xff, 0xff, 0xf1, 0x4, 0x0, 0x6e, 0x81, 0x0,
    0x0, 0x0, 0x62, 0xff, 0xff, 0xff, 0xff, 0x26,
    0x0, 0x68, 0xb4, 0x0, 0x0, 0x0, 0x33, 0xff,
    0xff, 0xff, 0xff, 0x4f, 0x0, 0x4f, 0xf9, 0x17,
    0x0, 0x0, 0x2, 0xe2, 0xff, 0xff, 0xff, 0x69,
    0x0, 0xe, 0xc9, 0x9b, 0x0, 0x0, 0x0, 0x57,
    0xac, 0xff, 0xff, 0x74, 0x0, 0x0, 0x0, 0x63,
    0x90, 0x7, 0x0, 0x0, 0x1, 0xb5, 0xff, 0x84,
    0x0, 0x0, 0x0, 0x0, 0x68, 0xf3, 0xa3, 0x91,
    0xb9, 0xa3, 0x80, 0x67, 0x0, 0x0, 0x0, 0x3f,
    0xf4, 0xca, 0x42, 0xe6, 0xe9, 0xe, 0x0, 0x0,
    0x0, 0x0, 0x0, 0x0, 0x7, 0x2, 0x15, 0x55,
    0x24, 0x0, 0x0, 0x0,

    /* U+1F42B "🐫" */
    0x0, 0x0, 0x12, 0x77, 0x83, 0x70, 0x67, 0x0,
    0x0, 0x0, 0x0, 0x0, 0x0, 0x0, 0x0, 0x0,
    0x0, 0x0, 0x0, 0x0, 0x89, 0xff, 0xff, 0xff,
    0xe1, 0xac, 0x55, 0x2c, 0xff, 0xc3, 0x4d, 0xff,
    0x6e, 0x0, 0x0, 0x0, 0x3, 0x7e, 0xbe, 0xff,
    0xff, 0x4b, 0x0, 0xb, 0xae, 0xff, 0xff, 0xff,
    0xff, 0xff, 0xff, 0x21, 0x0, 0x0, 0x77, 0x8b,
    0x1b, 0x0, 0x37, 0x99, 0x0, 0x94, 0x48, 0xff,
    0xff, 0xff, 0xff, 0xff, 0xff, 0x94, 0x0, 0x0,
    0x9b, 0x37, 0xb, 0x0, 0x0, 0xc, 0x0, 0xac,
    0x2f, 0x8f, 0x96, 0x71, 0xd2, 0x6b, 0x40, 0xac,
    0x0, 0x0, 0x34, 0xb1, 0xbc, 0xfe, 0x30, 0x0,
    0x45, 0x69, 0x28, 0x64, 0x0, 0x7, 0x40, 0x0,
    0x0, 0xa9, 0x0, 0x0, 0x0, 0x0, 0x6, 0xff,
    0xff, 0x0, 0x66, 0x3a, 0xa0, 0x3a, 0x0, 0x0,
    0x0, 0x0, 0x0, 0x62, 0x70, 0x0, 0x0, 0x0,
    0x48, 0xff, 0xff, 0x0, 0x22, 0xbc, 0x99, 0x0,
    0x0, 0x0, 0x0, 0x0, 0x0, 0x0, 0xa8, 0x8,
    0x0, 0x0, 0x98, 0xff, 0xff, 0x0, 0x0, 0x1,
    0x7, 0x0, 0x0, 0x0, 0x0, 0x0, 0x0, 0x0,
    0x62, 0x3b, 0x0, 0x0, 0x64, 0xff, 0xff, 0x7,
    0x0, 0x0, 0x0, 0x0, 0x0, 0x0, 0x0, 0x0,
    0x0, 0x1, 0x4b, 0x51, 0x0, 0x0, 0x0, 0xc4,
    0xff, 0xf0, 0x8, 0x0, 0x0, 0x0, 0x0, 0x0,
    0x0, 0x0, 0x1, 0xb1, 0x1e, 0x79, 0x0, 0x0,
    0x0, 0x73, 0xff, 0xff, 0xff, 0xff, 0xff, 0x97,
    0xc, 0x36, 0x50, 0x95, 0x2f, 0xa7, 0x79, 0x98,
    0x0, 0x0, 0x0, 0x0, 0x56, 0x92, 0xe2, 0xff,
    0xff, 0xa1, 0x47, 0x9b, 0xff, 0xb0, 0x96, 0x6c,
    0x7c, 0x87, 0x0, 0x0, 0x0, 0x0, 0x0, 0x0,
    0x0, 0xf0, 0xae, 0x94, 0x3c, 0x7b, 0xbf, 0x8e,
    0xa1, 0x53, 0x4a, 0x0, 0x0, 0x0, 0x0, 0x0,
    0x0, 0x0, 0x20, 0xff, 0x67, 0x91, 0x6c, 0x51,
    0xf1, 0x5e, 0x96, 0x82, 0x1e, 0x0, 0x0, 0x0,
    0x0, 0x0, 0x0, 0x0, 0x8b, 0xf5, 0x32, 0x6b,
    0xa5, 0x28, 0x8a, 0x88, 0x54, 0xa8, 0x0, 0x0,
    0x0, 0x0, 0x0, 0x0, 0x0, 0x0, 0xd, 0x1c,
    0x1c, 0x8d, 0x77, 0x0, 0x0, 0x20, 0x66, 0x1f,
    0x0, 0x0,

    /* U+1F42D "🐭" */
    0x0, 0x18, 0x98, 0xa1, 0xa0, 0xa4, 0x30, 0x0,
    0x0, 0x0, 0x0, 0x16, 0x97, 0xa2, 0x9f, 0xa4,
    0x3a, 0x0, 0xd, 0xae, 0x1a, 0x0, 0x0, 0xa,
    0xa5, 0x26, 0x0, 0x0, 0xa, 0xad, 0x1d, 0x0,
    0x0, 0x5, 0x99, 0x39, 0x6c, 0x3d, 0x4, 0xab,
    0xde, 0x43, 0x12, 0x8d, 0x0, 0x0, 0x60, 0x3d,
    0x3, 0xa9, 0xdf, 0x46, 0x6, 0xa3, 0x97, 0x7,
    0x30, 0xff, 0xff, 0xaf, 0x0, 0xb2, 0xa4, 0xa4,
    0xcc, 0x7, 0x2c, 0xff, 0xff, 0xb3, 0x0, 0xa0,
    0x81, 0x23, 0x7, 0xc3, 0xf5, 0x52, 0x0, 0x2e,
    0x2, 0x0, 0x2b, 0x6, 0x6, 0xc1, 0xf5, 0x56,
    0x0, 0xa5, 0x22, 0x9b, 0x2, 0x0, 0x1, 0x0,
    0x0, 0x0, 0x0, 0x0, 0x0, 0x0, 0x0, 0x0,
    0x1, 0x0, 0x55, 0x6b, 0x0, 0x40, 0xa2, 0x78,
    0x1, 0x0, 0x0, 0x0, 0x0, 0x0, 0x0, 0x0,
    0x0, 0x0, 0x47, 0x9a, 0x81, 0x1, 0x0, 0x0,
    0x0, 0x9e, 0x0, 0x0, 0x0, 0x0, 0x0, 0x0,
    0x0, 0x0, 0x0, 0x0, 0x5a, 0x59, 0x0, 0x0,
    0x0, 0x8, 0x1b, 0x7c, 0x0, 0x1, 0xaa, 0x6,
    0x0, 0x0, 0x0, 0x91, 0x49, 0x0, 0x11, 0x96,
    0xa, 0x0, 0x0, 0x3e, 0xce, 0xfe, 0x4f, 0x5,
    0xda, 0xd, 0x51, 0x88, 0x0, 0xbd, 0x64, 0x16,
    0x9e, 0xff, 0x71, 0x0, 0x0, 0x3d, 0xa4, 0xf5,
    0x3d, 0x0, 0x0, 0x0, 0x66, 0xb1, 0x0, 0x0,
    0x0, 0x11, 0x8a, 0xff, 0x69, 0x0, 0x0, 0xb,
    0x18, 0xd0, 0x54, 0x0, 0x0, 0x45, 0xda, 0xb3,
    0x89, 0x0, 0x0, 0x2b, 0xa5, 0x73, 0x13, 0x0,
    0x0, 0x0, 0x8a, 0xe1, 0xa8, 0x0, 0x0, 0x0,
    0x87, 0x52, 0x30, 0x0, 0x0, 0x34, 0xff, 0xaa,
    0x2a, 0x0, 0x0, 0x0, 0x0, 0x0, 0x63, 0x8f,
    0x19, 0x0, 0x55, 0x76, 0x1, 0x3, 0x56, 0xa9,
    0x14, 0x0, 0x0, 0x0, 0x0, 0x0, 0x0, 0x0,
    0x0, 0x22, 0x8d, 0xa1, 0x9d, 0x99, 0xa2, 0xa4,
    0x5b, 0x2, 0x0, 0x0, 0x0, 0x0, 0x0, 0x0,
    0x0, 0x0, 0x0, 0x0, 0x0, 0x0, 0x1, 0x6,
    0x0, 0x0, 0x0, 0x0, 0x0, 0x0, 0x0, 0x0,

    /* U+1F430 "🐰" */
    0x0, 0x0, 0x0, 0x45, 0x92, 0x32, 0x0, 0x0,
    0xf, 0x88, 0x71, 0x3, 0x0, 0x0, 0x0, 0x0,
    0x37, 0x95, 0x12, 0xaa, 0x5, 0x0, 0x93, 0x2a,
    0x4e, 0x84, 0x0, 0x0, 0x0, 0x0, 0x94, 0x1d,
    0xbc, 0x67, 0x37, 0x0, 0xa0, 0x80, 0x43, 0xa5,
    0x0, 0x0, 0x0, 0x0, 0xa0, 0x2f, 0xff, 0x53,
    0x58, 0x9, 0x96, 0xbc, 0x7e, 0xa0, 0x0, 0x0,
    0x0, 0x0, 0x93, 0x2e, 0xff, 0x4e, 0x6f, 0x1e,
    0x7e, 0xce, 0x6f, 0xa1, 0x0, 0x0, 0x0, 0x0,
    0x66, 0x3f, 0xeb, 0x4f, 0x94, 0x45, 0x5d, 0xee,
    0x3e, 0xa2, 0x0, 0x0, 0x0, 0x0, 0x1a, 0x8f,
    0x97, 0x71, 0xad, 0x8d, 0x42, 0xe3, 0x43, 0x6b,
    0x0, 0x0, 0x0, 0x0, 0x0, 0xa7, 0x1c, 0x39,
    0x51, 0x80, 0x14, 0x3d, 0x98, 0x13, 0x0, 0x0,
    0x0, 0x0, 0x0, 0x80, 0x22, 0x0, 0x0, 0x0,
    0x0, 0x0, 0xa1, 0x0, 0x0, 0x0, 0x0, 0x0,
    0x3, 0xaf, 0xa, 0x71, 0x0, 0x0, 0x47, 0x30,
    0x8a, 0x27, 0x0, 0x0, 0x0, 0x0, 0x6d, 0x4b,
    0x11, 0xb7, 0x0, 0x0, 0x75, 0x53, 0x11, 0xa6,
    0x0, 0x0, 0x0, 0x36, 0xbe, 0x0, 0x0, 0x0,
    0x65, 0x77, 0x2, 0x0, 0x0, 0x77, 0x6f, 0xe,
    0x0, 0x7f, 0xe5, 0x33, 0x0, 0x0, 0x44, 0x9b,
    0x0, 0x0, 0x7, 0xa0, 0xde, 0x11, 0x4, 0xb4,
    0xe9, 0x40, 0x0, 0xb3, 0xb5, 0x77, 0xff, 0x7,
    0xc, 0x9e, 0xff, 0x2b, 0x0, 0x13, 0xff, 0x32,
    0x0, 0x1f, 0x9b, 0x71, 0x69, 0x0, 0x5, 0xff,
    0x6c, 0x0, 0x0, 0x4, 0x38, 0xab, 0x5d, 0x1b,
    0x1f, 0x2f, 0xf, 0x43, 0x9d, 0x5e, 0x12, 0x0,
    0x0, 0x0, 0x0, 0x2, 0x45, 0x82, 0x9b, 0x9d,
    0x8e, 0x5c, 0xf, 0x0, 0x0, 0x0,

    /* U+1F431 "🐱" */
    0x0, 0x10, 0xad, 0xa9, 0x45, 0x0, 0x0, 0x0,
    0x0, 0x0, 0x0, 0x0, 0x3, 0x7e, 0xa5, 0x85,
    0x0, 0x0, 0x0, 0x6a, 0x3b, 0x34, 0x85, 0x63,
    0x0, 0x0, 0x0, 0x0, 0x0, 0x4, 0xa3, 0x44,
    0x2e, 0x91, 0x14, 0x0, 0x0, 0x94, 0xa, 0xf4,
    0x40, 0x89, 0x95, 0xc3, 0xc8, 0xcf, 0xb7, 0xae,
    0x3b, 0x84, 0xa7, 0x63, 0x3b, 0x0, 0x0, 0x96,
    0x5, 0xf4, 0xde, 0x6, 0x62, 0xff, 0x94, 0xb9,
    0xff, 0x35, 0x25, 0xfd, 0xa3, 0x5f, 0x3e, 0x0,
    0x0, 0x7c, 0x1f, 0xbe, 0x33, 0x0, 0x0, 0xc2,
    0x69, 0x8f, 0x98, 0x0, 0x0, 0x69, 0x81, 0x7a,
    0x25, 0x0, 0x0, 0x44, 0x59, 0xb, 0x0, 0x0,
    0x0, 0x3, 0x0, 0x2, 0x1, 0x0, 0x0, 0x0,
    0xb, 0x9d, 0x1, 0x0, 0x0, 0x11, 0x94, 0x0,
    0x0, 0x0, 0x0, 0x0, 0x0, 0x0, 0x0, 0x0,
    0x0, 0x0, 0x0, 0xa6, 0x0, 0x0, 0x0, 0x3d,
    0x65, 0x0, 0x3f, 0xc8, 0x1c, 0x0, 0x0, 0x0,
    0x0, 0x41, 0xc5, 0x13, 0x0, 0xa2, 0x0, 0x0,
    0x55, 0xb0, 0x73, 0x0, 0x82, 0xff, 0x4e, 0x0,
    0x0, 0x0, 0x0, 0x83, 0xff, 0x3e, 0x2, 0xda,
    0x62, 0x48, 0x27, 0x8d, 0xe6, 0x12, 0x15, 0x6c,
    0x5, 0x18, 0xa5, 0x9c, 0x5, 0x17, 0x69, 0x2,
    0x41, 0xff, 0x45, 0x1f, 0x5d, 0xaa, 0xff, 0x29,
    0x0, 0x0, 0x0, 0x7, 0xc7, 0x9e, 0x0, 0x0,
    0x0, 0x0, 0x5e, 0xff, 0x9a, 0x48, 0x1, 0x3,
    0xf3, 0x8d, 0x0, 0x0, 0x4c, 0xa3, 0xa2, 0xa7,
    0xa5, 0x27, 0x0, 0xe, 0xee, 0x88, 0x0, 0x2,
    0x5, 0xaa, 0x74, 0xbd, 0xb, 0x0, 0x0, 0x0,
    0x0, 0x0, 0x0, 0x0, 0x0, 0x35, 0xbb, 0x78,
    0x85, 0x0, 0x0, 0x5, 0x0, 0x2a, 0xb2, 0x4a,
    0x3, 0x0, 0x0, 0x0, 0x0, 0x11, 0x78, 0x99,
    0x8, 0x0, 0x6, 0x0, 0x0, 0x0, 0x0, 0x0,
    0x6, 0x63, 0xa4, 0xa5, 0x9c, 0xa1, 0xa3, 0x9c,
    0x3b, 0x0, 0x0, 0x0, 0x0, 0x0, 0x0, 0x0,
    0x0, 0x0, 0x0, 0x0, 0x0, 0x0, 0x5, 0x1,
    0x0, 0x0, 0x0, 0x0, 0x0, 0x0, 0x0, 0x0,

    /* U+1F433 "🐳" */
    0x0, 0x0, 0x0, 0x0, 0x0, 0x52, 0x2d, 0x3d,
    0x9, 0x2, 0x3e, 0x2b, 0x26, 0x0, 0x0, 0x0,
    0x0, 0x0, 0x0, 0x0, 0x0, 0x0, 0x0, 0x0,
    0x0, 0x36, 0x8, 0xce, 0xc8, 0xa2, 0xe0, 0x25,
    0x7, 0x0, 0x0, 0x0, 0xd, 0x8b, 0xaa, 0x1c,
    0x0, 0x0, 0x0, 0x0, 0x0, 0xb, 0x0, 0x41,
    0xcd, 0xdd, 0x58, 0xe, 0x9, 0x0, 0x25, 0x3b,
    0xcb, 0x47, 0x72, 0x35, 0x0, 0x0, 0x0, 0x0,
    0x0, 0x0, 0x3a, 0x3, 0x93, 0xb5, 0x8, 0x0,
    0x38, 0xc6, 0xb6, 0x97, 0x61, 0x0, 0xa8, 0x2,
    0x0, 0x0, 0x0, 0x0, 0x0, 0x0, 0x0, 0x0,
    0x3f, 0x67, 0x0, 0x0, 0x6e, 0x76, 0x15, 0x0,
    0x0, 0x39, 0x6e, 0x0, 0x0, 0x0, 0x12, 0x37,
    0x35, 0x1c, 0x4, 0x3a, 0x4d, 0x6b, 0x8d, 0x4b,
    0x0, 0x25, 0x6d, 0x85, 0x73, 0x48, 0x59, 0x0,
    0x0, 0x6c, 0x94, 0x64, 0x67, 0x80, 0x98, 0x62,
    0x54, 0x4f, 0x19, 0x63, 0xa8, 0x45, 0x0, 0x0,
    0x9f, 0x5, 0x9a, 0x0, 0xa, 0xff, 0x8a, 0x46,
    0x2, 0x0, 0x0, 0x0, 0x0, 0x0, 0x0, 0x0,
    0x5, 0x65, 0x9e, 0x9f, 0x8a, 0x0, 0xa1, 0x0,
    0x1a, 0x87, 0x14, 0x5a, 0xa2, 0x7f, 0x1b, 0x0,
    0x36, 0x95, 0x0, 0x0, 0x0, 0x0, 0x0, 0x0,
    0x0, 0x0, 0x9f, 0x0, 0x0, 0xcc, 0x36, 0x0,
    0x0, 0x28, 0x8d, 0xa4, 0x47, 0x12, 0x0, 0x0,
    0x0, 0x0, 0x0, 0x0, 0x0, 0x0, 0x9f, 0x0,
    0x0, 0x4e, 0xff, 0x9a, 0x91, 0x5b, 0x29, 0x4,
    0x0, 0x0, 0x0, 0x0, 0x0, 0x0, 0x0, 0x0,
    0x0, 0x18, 0xb0, 0x0, 0x0, 0x0, 0x52, 0x9c,
    0x1b, 0x40, 0x71, 0x9a, 0x9d, 0x9d, 0x9c, 0x17,
    0x27, 0x95, 0x99, 0x99, 0x95, 0xff, 0x58, 0x0,
    0x0, 0x0, 0x0, 0x2e, 0xb8, 0x63, 0xc, 0x8e,
    0x27, 0x47, 0x3d, 0x70, 0x3, 0xc9, 0x11, 0x10,
    0x90, 0x79, 0x0, 0x0, 0x0, 0x0, 0x0, 0x0,
    0x2, 0x54, 0xa4, 0xe5, 0xc5, 0xa7, 0x43, 0xa9,
    0x4, 0x4f, 0xf1, 0xae, 0x3c, 0x0, 0x0, 0x0,
    0x0, 0x0, 0x0, 0x0, 0x0, 0x0, 0x0, 0x6e,
    0xff, 0xff, 0xe6, 0xcc, 0x76, 0x3, 0xb8, 0x0,
    0x0, 0x0, 0x0, 0x0, 0x0, 0x0, 0x0, 0x0,
    0x0, 0x0, 0x0, 0x1f, 0xfe, 0xff, 0x2d, 0x0,
    0x81, 0x58, 0xa9, 0x0, 0x0, 0x0, 0x0, 0x0,
    0x0, 0x0, 0x0, 0x0, 0x0, 0x0, 0x0, 0x0,
    0x62, 0xa7, 0x7, 0x0, 0x0, 0x5d, 0x6d, 0x0,
    0x0, 0x0, 0x0, 0x0,

    /* U+1F434 "🐴" */
    0x0, 0x0, 0x0, 0x0, 0x0, 0x0, 0x0, 0x4,
    0x8d, 0xc, 0x0, 0x0, 0x0, 0x0, 0x0, 0x0,
    0x0, 0x0, 0x0, 0x0, 0x0, 0x0, 0x0, 0x6f,
    0x4d, 0x78, 0x0, 0x0, 0x0, 0x0, 0x0, 0x0,
    0x0, 0x0, 0x0, 0x0, 0x0, 0x0, 0x58, 0xe7,
    0x0, 0xa2, 0x0, 0x0, 0x0, 0x0, 0x0, 0x0,
    0x0, 0x0, 0x0, 0x38, 0x6d, 0xa8, 0xff, 0xcb,
    0x0, 0xe3, 0xf3, 0xa4, 0x77, 0x1b, 0x0, 0x0,
    0x0, 0x0, 0x0, 0x14, 0xdd, 0xff, 0xff, 0xdb,
    0x1, 0xe, 0xff, 0xff, 0xff, 0xae, 0x0, 0x0,
    0x0, 0x0, 0x0, 0x0, 0x7b, 0xc4, 0x65, 0x10,
    0x0, 0x0, 0xf, 0xff, 0xff, 0x79, 0x0, 0x0,
    0x0, 0x0, 0x0, 0x70, 0x76, 0x0, 0xd, 0x2d,
    0x0, 0x0, 0x0, 0x6b, 0xff, 0x6b, 0x0, 0x0,
    0x0, 0x0, 0x5a, 0x81, 0x0, 0x0, 0x49, 0xad,
    0x0, 0x0, 0x0, 0x0, 0xff, 0xff, 0xad, 0x3,
    0x0, 0x67, 0x8e, 0x0, 0x0, 0x0, 0x0, 0x3,
    0x0, 0x26, 0x6, 0x0, 0x76, 0xff, 0xff, 0x2a,
    0x48, 0x7c, 0x31, 0x48, 0x0, 0x0, 0x0, 0x0,
    0x6, 0xb8, 0x3, 0x0, 0xc, 0xff, 0xde, 0x6,
    0x95, 0xb, 0x5, 0x1c, 0x12, 0x19, 0x24, 0x53,
    0xbb, 0x4a, 0x0, 0x0, 0x0, 0xee, 0xb4, 0x1,
    0x68, 0x55, 0x4, 0x5e, 0xc0, 0x9b, 0x94, 0xc5,
    0x1f, 0x0, 0x0, 0x0, 0x0, 0x71, 0xff, 0x89,
    0x3, 0x6d, 0x9d, 0x60, 0x2, 0x0, 0x0, 0x94,
    0x0, 0x0, 0x0, 0x0, 0x0, 0x22, 0xff, 0x86,
    0x0, 0x0, 0x0, 0x0, 0x0, 0x0, 0xa, 0x8d,
    0x0, 0x0, 0x0, 0x0, 0x0, 0x0, 0xff, 0x27,
    0x0, 0x0, 0x0, 0x0, 0x0, 0x0, 0x35, 0x65,
    0x0, 0x0, 0x0, 0x0, 0x0, 0x0, 0xff, 0x36,
    0x0, 0x0, 0x0, 0x0, 0x0, 0x0, 0x4e, 0x78,
    0x14, 0x1, 0x0, 0x0, 0x6, 0x26, 0xff, 0x18,
    0x0, 0x0, 0x0, 0x0, 0x0, 0x0, 0x2, 0x59,
    0x8e, 0x9f, 0xa0, 0x9f, 0x98, 0x7a, 0x25, 0x0,

    /* U+1F436 "🐶" */
    0x0, 0x0, 0x29, 0x8a, 0xb4, 0xb5, 0x76, 0x92,
    0x9d, 0x9c, 0x9d, 0x9a, 0x9b, 0x5d, 0xa5, 0xba,
    0x98, 0x40, 0x0, 0x0, 0x0, 0x72, 0xfe, 0xff,
    0xff, 0xff, 0xdb, 0xd, 0x0, 0x0, 0x0, 0x0,
    0x5, 0x7e, 0xff, 0xff, 0xff, 0xff, 0x9e, 0x1,
    0x16, 0xfe, 0xff, 0xff, 0xff, 0xff, 0x9, 0x0,
    0x0, 0x0, 0x0, 0x0, 0x0, 0x0, 0xdb, 0xff,
    0xff, 0xff, 0xff, 0x3d, 0x20, 0xff, 0xff, 0xff,
    0xff, 0xcb, 0x0, 0x0, 0x0, 0x0, 0x0, 0x0,
    0x0, 0x0, 0x80, 0xff, 0xff, 0xff, 0xff, 0x47,
    0x15, 0xff, 0xff, 0xff, 0xff, 0x98, 0x0, 0x0,
    0x0, 0x0, 0x0, 0x0, 0x3b, 0x70, 0x7f, 0xff,
    0xff, 0xff, 0xff, 0x3c, 0x3, 0xfc, 0xff, 0xff,
    0xff, 0x62, 0x0, 0x0, 0x0, 0x0, 0x0, 0x64,
    0xff, 0xff, 0xff, 0xff, 0xff, 0xff, 0xff, 0x27,
    0x0, 0xda, 0xff, 0xff, 0xfd, 0x17, 0x1b, 0x28,
    0x0, 0x0, 0x0, 0xc7, 0x82, 0x6e, 0xd9, 0xff,
    0xff, 0xff, 0xfa, 0x6, 0x0, 0x99, 0xff, 0xff,
    0xb7, 0x0, 0xc1, 0xeb, 0x0, 0x0, 0x0, 0xb0,
    0x99, 0xfc, 0x82, 0xff, 0xff, 0xff, 0xc1, 0x0,
    0x0, 0x23, 0xe7, 0xff, 0x2e, 0x0, 0xa9, 0xd2,
    0x0, 0x0, 0x0, 0x99, 0x8f, 0xec, 0x9c, 0xae,
    0xff, 0xf6, 0x42, 0x0, 0x0, 0x0, 0x6, 0x99,
    0x18, 0x0, 0x3, 0x6, 0x0, 0xa2, 0xbf, 0x4d,
    0xbd, 0xb9, 0xbb, 0x19, 0xa6, 0xc, 0x0, 0x0,
    0x0, 0x0, 0x0, 0x46, 0x6a, 0x0, 0x0, 0x6,
    0x3, 0x73, 0xcc, 0xa, 0xa, 0xd, 0x0, 0x42,
    0x6d, 0x0, 0x0, 0x0, 0x0, 0x0, 0x0, 0x1,
    0xb2, 0xa, 0x0, 0x35, 0xad, 0xff, 0xff, 0xb1,
    0x73, 0x0, 0x1, 0xb0, 0xe, 0x0, 0x0, 0x0,
    0x0, 0x0, 0x0, 0x0, 0x37, 0x9b, 0x3, 0x0,
    0x0, 0xe6, 0xff, 0x35, 0x0, 0x0, 0x7b, 0x5b,
    0x0, 0x0, 0x0, 0x0, 0x0, 0x0, 0x0, 0x0,
    0x0, 0x4c, 0xaa, 0x29, 0x0, 0x6c, 0xa2, 0x5,
    0x1b, 0x97, 0x6c, 0x0, 0x0, 0x0, 0x0, 0x0,
    0x0, 0x0, 0x0, 0x0, 0x0, 0x0, 0x1a, 0x8e,
    0xa7, 0xa2, 0x9f, 0xa8, 0x98, 0x2a, 0x0, 0x0,
    0x0, 0x0, 0x0, 0x0, 0x0, 0x0, 0x0, 0x0,
    0x0, 0x0, 0x0, 0x0, 0x0, 0x2, 0x3, 0x0,
    0x0, 0x0, 0x0, 0x0, 0x0, 0x0, 0x0, 0x0,

    /* U+1F438 "🐸" */
    0x0, 0x0, 0x55, 0xa9, 0xa0, 0xa6, 0x5e, 0x0,
    0x0, 0x0, 0x0, 0x3e, 0xa5, 0xa2, 0xa3, 0x79,
    0x1, 0x0, 0x0, 0x3b, 0x97, 0x1, 0x0, 0x0,
    0x62, 0x7e, 0x18, 0x16, 0x54, 0x8f, 0x9, 0x0,
    0x0, 0x5b, 0x6c, 0x0, 0x0, 0x95, 0xe, 0x0,
    0x70, 0x45, 0x0, 0x54, 0x7c, 0x7d, 0x6f, 0x2,
    0x1b, 0x87, 0x13, 0x0, 0x98, 0x0, 0x0, 0x9d,
    0x2, 0x26, 0xff, 0xda, 0x0, 0x0, 0x0, 0x0,
    0x0, 0x0, 0x87, 0xff, 0x76, 0x0, 0x94, 0x0,
    0x0, 0x8b, 0x1d, 0x8, 0xc6, 0x8a, 0x0, 0x0,
    0x0, 0x0, 0x0, 0x0, 0x45, 0xdc, 0x37, 0x0,
    0x9f, 0x0, 0xf, 0xa5, 0x0, 0x0, 0x0, 0x0,
    0x0, 0x1, 0x0, 0x0, 0x0, 0x1, 0x0, 0x0,
    0x0, 0x0, 0x7b, 0x31, 0x71, 0x38, 0x0, 0x0,
    0x0, 0x0, 0x52, 0x80, 0x0, 0x0, 0x2f, 0xa3,
    0x0, 0x0, 0x0, 0x0, 0x10, 0x97, 0xa1, 0x0,
    0x0, 0x48, 0x47, 0xa, 0x2, 0x8, 0x0, 0x0,
    0x0, 0xa, 0x2, 0x33, 0x5d, 0x7, 0x0, 0xa1,
    0xa0, 0x0, 0x11, 0xfe, 0xfb, 0x96, 0x97, 0x97,
    0x94, 0x92, 0x96, 0x97, 0x94, 0xdb, 0xff, 0x60,
    0x0, 0xa0, 0xa0, 0x3, 0x0, 0xa3, 0xa8, 0x1,
    0x0, 0x0, 0x5, 0x9, 0x0, 0x0, 0x0, 0x61,
    0xe0, 0x19, 0x0, 0xa3, 0x5b, 0x52, 0x0, 0x0,
    0x60, 0xb0, 0x71, 0x2f, 0xc, 0x7, 0x22, 0x5f,
    0xb0, 0x89, 0x11, 0x0, 0x28, 0x84, 0x4, 0xaa,
    0x16, 0x0, 0x0, 0x1, 0x32, 0x71, 0x90, 0x96,
    0x7d, 0x48, 0x9, 0x0, 0x0, 0x7, 0xab, 0x12,
    0x0, 0x19, 0xad, 0x29, 0x0, 0x0, 0x0, 0x0,
    0x0, 0x0, 0x0, 0x0, 0x0, 0x0, 0x17, 0xa9,
    0x31, 0x0, 0x0, 0x0, 0xe, 0x8e, 0x8e, 0x2a,
    0x0, 0x0, 0x0, 0x0, 0x0, 0x0, 0x1c, 0x7d,
    0x9e, 0x1c, 0x0, 0x0, 0x0, 0x0, 0x0, 0x0,
    0x1d, 0x7e, 0xa3, 0xa0, 0x9c, 0x9a, 0x9f, 0xa2,
    0x8a, 0x2b, 0x0, 0x0, 0x0, 0x0, 0x0, 0x0,
    0x0, 0x0, 0x0, 0x0, 0x0, 0x0, 0x3, 0x4,
    0x0, 0x0, 0x0, 0x0, 0x0, 0x0, 0x0, 0x0,

    /* U+1F439 "🐹" */
    0x0, 0x0, 0x0, 0x17, 0x28, 0x1, 0x0, 0x0,
    0x0, 0x0, 0x0, 0x0, 0x0, 0x1b, 0x26, 0x0,
    0x0, 0x0, 0x0, 0x3, 0x94, 0x8e, 0x7a, 0xa6,
    0x20, 0x0, 0x0, 0x0, 0x0, 0x7, 0x93, 0x8d,
    0x7c, 0xac, 0x1f, 0x0, 0x0, 0x73, 0x51, 0x21,
    0x4c, 0xd, 0xa8, 0x41, 0x90, 0x99, 0x60, 0x83,
    0x37, 0x28, 0x43, 0x19, 0xa7, 0x0, 0x0, 0xa1,
    0x0, 0xce, 0xff, 0x61, 0xc8, 0x70, 0x10, 0x5,
    0x44, 0xcd, 0x3f, 0xdf, 0xff, 0x2a, 0x8d, 0x10,
    0x0, 0xa2, 0x7, 0x8c, 0xf8, 0xd1, 0x1e, 0x0,
    0x0, 0x0, 0x0, 0x2, 0x88, 0xee, 0xd0, 0x10,
    0x9e, 0x8, 0x0, 0x37, 0x94, 0x1a, 0xc2, 0x17,
    0x0, 0x22, 0xa9, 0xab, 0x4a, 0x0, 0x0, 0x95,
    0x46, 0x51, 0x7f, 0x0, 0x0, 0x0, 0x3d, 0xff,
    0x31, 0x0, 0x0, 0x85, 0x1b, 0x2, 0xab, 0x0,
    0x0, 0x4, 0xe1, 0x88, 0x1, 0x0, 0x0, 0x0,
    0x4e, 0x78, 0x0, 0x1, 0xb, 0x9e, 0x0, 0x0,
    0xab, 0x2, 0xc, 0x0, 0x1f, 0x95, 0x0, 0x0,
    0x0, 0x0, 0xad, 0x8, 0x0, 0x4c, 0xa8, 0xa0,
    0x0, 0x0, 0xac, 0x5c, 0xb2, 0x0, 0x0, 0x8b,
    0x1a, 0x0, 0x0, 0x22, 0x90, 0x0, 0x0, 0x1c,
    0x4f, 0xae, 0x0, 0x0, 0xb4, 0x2b, 0x53, 0x0,
    0x0, 0x32, 0x76, 0x0, 0x0, 0x53, 0x55, 0x0,
    0x0, 0xc, 0x9d, 0x62, 0x0, 0x0, 0x3e, 0xad,
    0x38, 0x0, 0x0, 0x1, 0xa1, 0x0, 0x0, 0x53,
    0x46, 0x0, 0x0, 0x90, 0x22, 0x3, 0xcb, 0xe7,
    0x38, 0x5, 0xa3, 0x22, 0x0, 0x0, 0x9d, 0x0,
    0x0, 0x2c, 0xc1, 0xa7, 0x14, 0x87, 0x29, 0x1d,
    0xa0, 0xff, 0x1a, 0x3e, 0x23, 0x83, 0x5e, 0xb1,
    0x8c, 0x0, 0x0, 0x9e, 0xff, 0xf, 0x28, 0x7c,
    0x16, 0xb7, 0xa9, 0x59, 0xff, 0x3a, 0x12, 0x8f,
    0x7, 0xc4, 0xd6, 0x1d, 0x0, 0x13, 0x71, 0xfd,
    0x7, 0xbc, 0x3, 0x29, 0x5a, 0x1c, 0x83, 0x0,
    0x6b, 0x4e, 0xc3, 0xe0, 0xf, 0x5, 0x0, 0x2,
    0x5e, 0x17, 0x5c, 0xaa, 0xc3, 0x9c, 0xd2, 0xcc,
    0xae, 0xa9, 0xe0, 0x93, 0x39, 0x37, 0x26, 0x0,
    0x0, 0x0, 0x0, 0x0, 0x0, 0x0, 0x2, 0x0,
    0x0, 0x0, 0x0, 0x2, 0x0, 0x0, 0x0, 0x0,
    0x0, 0x0,

    /* U+1F43B "🐻" */
    0x0, 0x0, 0x0, 0x23, 0x1b, 0x0, 0x0, 0x0,
    0x0, 0x0, 0x0, 0x0, 0x0, 0x13, 0x29, 0x2,
    0x0, 0x0, 0x0, 0x6, 0xae, 0xd6, 0xe1, 0x99,
    0x5c, 0xa8, 0xcd, 0xd2, 0xb3, 0x6c, 0x77, 0xe7,
    0xcc, 0xcd, 0x14, 0x0, 0x0, 0x7b, 0x97, 0x0,
    0x44, 0xff, 0xff, 0xff, 0xff, 0xff, 0xff, 0xff,
    0xff, 0x73, 0x0, 0x68, 0xa9, 0x0, 0x0, 0xa3,
    0x53, 0x5b, 0xfc, 0xff, 0xff, 0xff, 0xff, 0xff,
    0xff, 0xff, 0xff, 0xff, 0x8a, 0x23, 0xd3, 0x0,
    0x0, 0x64, 0xf2, 0xfa, 0xff, 0xff, 0xff, 0xff,
    0xff, 0xff, 0xff, 0xff, 0xff, 0xff, 0xff, 0xee,
    0x94, 0x0, 0x0, 0x5, 0xff, 0xff, 0xff, 0xff,
    0xff, 0xff, 0xff, 0xff, 0xff, 0xff, 0xff, 0xff,
    0xff, 0xff, 0x20, 0x0, 0x0, 0x59, 0xff, 0xff,
    0xff, 0xf2, 0xfc, 0xff, 0xff, 0xff, 0xff, 0xff,
    0xef, 0xff, 0xff, 0xff, 0x86, 0x0, 0x0, 0xb2,
    0xff, 0xff, 0xff, 0x1b, 0x81, 0xff, 0xff, 0xff,
    0xff, 0xb3, 0x3, 0xe5, 0xff, 0xff, 0xde, 0x0,
    0x0, 0xea, 0xff, 0xff, 0xff, 0x72, 0xba, 0x9b,
    0x24, 0x1a, 0x7c, 0xd5, 0x5c, 0xf7, 0xff, 0xff,
    0xff, 0x18, 0x4, 0xff, 0xff, 0xff, 0xff, 0xff,
    0x90, 0xd, 0xb8, 0xc7, 0x2a, 0x5f, 0xff, 0xff,
    0xff, 0xff, 0xff, 0x32, 0x1, 0xf8, 0xff, 0xff,
    0xff, 0xf6, 0xd, 0x1a, 0xf8, 0xff, 0x47, 0x0,
    0xcf, 0xff, 0xff, 0xff, 0xff, 0x29, 0x0, 0xd7,
    0xff, 0xff, 0xff, 0xd3, 0x0, 0x2, 0x16, 0x20,
    0x2, 0x0, 0xa0, 0xff, 0xff, 0xff, 0xfc, 0x9,
    0x0, 0x7b, 0xff, 0xff, 0xff, 0xf3, 0x7, 0x61,
    0xa4, 0x98, 0x88, 0x0, 0xc7, 0xff, 0xff, 0xff,
    0xa8, 0x0, 0x0, 0x10, 0xd8, 0xff, 0xff, 0xff,
    0xa7, 0x16, 0xa, 0x12, 0xa, 0x83, 0xff, 0xff,
    0xff, 0xed, 0x27, 0x0, 0x0, 0x0, 0x1b, 0xc6,
    0xff, 0xff, 0xff, 0xfb, 0xe0, 0xdb, 0xf8, 0xff,
    0xff, 0xff, 0xdc, 0x34, 0x0, 0x0, 0x0, 0x0,
    0x0, 0x0, 0x51, 0xa6, 0xe7, 0xff, 0xff, 0xff,
    0xff, 0xf0, 0xb3, 0x66, 0x6, 0x0, 0x0, 0x0,
    0x0, 0x0, 0x0, 0x0, 0x0, 0x0, 0x0, 0x6,
    0x19, 0x1c, 0x9, 0x0, 0x0, 0x0, 0x0, 0x0,
    0x0, 0x0,

    /* U+1F43C "🐼" */
    0x0, 0x0, 0x0, 0x1a, 0x8, 0x0, 0x0, 0x0,
    0xe, 0x14, 0x0, 0x0, 0x0, 0x3, 0x1b, 0x4,
    0x0, 0x0, 0x0, 0x1a, 0xcd, 0xff, 0xf3, 0x73,
    0x82, 0xa6, 0x92, 0x8b, 0xa3, 0x94, 0x5e, 0xe1,
    0xff, 0xe6, 0x3a, 0x0, 0x0, 0xa4, 0xff, 0xff,
    0xff, 0xf3, 0x2d, 0x0, 0x0, 0x0, 0x0, 0x17,
    0xbb, 0xff, 0xff, 0xff, 0xdc, 0x1, 0x0, 0xd7,
    0xff, 0xff, 0x8f, 0x0, 0x0, 0x0, 0x0, 0x0,
    0x0, 0x0, 0x0, 0x4f, 0xff, 0xff, 0xff, 0x12,
    0x0, 0xaf, 0xff, 0x78, 0x0, 0x0, 0x0, 0x0,
    0x0, 0x0, 0x0, 0x0, 0x0, 0x0, 0x37, 0xff,
    0xe8, 0x0, 0x0, 0x5f, 0xad, 0x0, 0x0, 0x0,
    0x20, 0x4, 0x0, 0x0, 0x0, 0x1f, 0x6, 0x0,
    0x0, 0x60, 0xae, 0x0, 0x0, 0xab, 0x8, 0x0,
    0x10, 0xc0, 0xff, 0xcf, 0x4, 0x0, 0x9b, 0xff,
    0xe3, 0x32, 0x0, 0x0, 0xa2, 0x12, 0x42, 0x68,
    0x0, 0x2, 0xa5, 0x77, 0x96, 0xfe, 0x11, 0x0,
    0xd8, 0xb4, 0x75, 0xb8, 0x1d, 0x0, 0x30, 0x7a,
    0x90, 0x14, 0x0, 0x86, 0xa6, 0xd6, 0x7b, 0xb8,
    0x0, 0x0, 0x7f, 0x7c, 0xfe, 0x7d, 0xcd, 0x8,
    0x0, 0xa4, 0xa0, 0x0, 0x6, 0xf8, 0xea, 0x75,
    0x86, 0x24, 0x0, 0x0, 0x8, 0x84, 0x75, 0xcc,
    0xff, 0x51, 0x0, 0xa0, 0xaa, 0x0, 0x2, 0xef,
    0xff, 0xff, 0x6d, 0x1e, 0x86, 0x8e, 0x36, 0x32,
    0xf9, 0xff, 0xff, 0x44, 0x0, 0xaa, 0x91, 0x1d,
    0x0, 0x4a, 0xbb, 0x83, 0x0, 0x58, 0xff, 0xff,
    0x8f, 0x0, 0x51, 0xbd, 0x80, 0x0, 0x2, 0xab,
    0x2b, 0x99, 0x0, 0x0, 0x0, 0x0, 0x18, 0x1f,
    0xa5, 0xed, 0x14, 0x29, 0x0, 0x0, 0x0, 0x0,
    0x65, 0x5e, 0x0, 0x64, 0x82, 0x1, 0x0, 0x0,
    0x16, 0x8b, 0x7d, 0x62, 0x95, 0x2e, 0x0, 0x0,
    0x0, 0x55, 0x91, 0x0, 0x0, 0x0, 0x4a, 0xa9,
    0x57, 0xd, 0x0, 0x0, 0x0, 0x0, 0x0, 0x0,
    0x6, 0x42, 0xa1, 0x70, 0x0, 0x0, 0x0, 0x0,
    0x0, 0x3, 0x51, 0x94, 0xa1, 0x9e, 0x9c, 0x9a,
    0x9f, 0xa1, 0x9c, 0x64, 0xd, 0x0, 0x0, 0x0,
    0x0, 0x0, 0x0, 0x0, 0x0, 0x0, 0x0, 0x0,
    0x2, 0x5, 0x0, 0x0, 0x0, 0x0, 0x0, 0x0,
    0x0, 0x0,

    /* U+1F44A "👊" */
    0x0, 0x0, 0x0, 0x0, 0x0, 0x0, 0x0, 0x0,
    0x20, 0xa3, 0x9c, 0x28, 0x0, 0x1, 0x0, 0x0,
    0x0, 0x0, 0x0, 0x0, 0x0, 0x8, 0xe, 0x7d,
    0xbd, 0xa1, 0xbc, 0x16, 0x5, 0x8e, 0xba, 0xb4,
    0xb4, 0x2a, 0x0, 0x0, 0x0, 0x0, 0x3f, 0xb7,
    0x97, 0x55, 0x0, 0x10, 0x7, 0x0, 0x0, 0x0,
    0x0, 0x0, 0xd, 0xb0, 0x1, 0x0, 0x0, 0x5,
    0xbc, 0x8, 0x0, 0x0, 0x0, 0x0, 0x0, 0x0,
    0x0, 0x0, 0x0, 0x0, 0x0, 0x66, 0x45, 0x0,
    0x0, 0x5b, 0x63, 0x0, 0x0, 0x0, 0x0, 0x0,
    0x0, 0x0, 0x0, 0x23, 0x0, 0x0, 0x0, 0x13,
    0x94, 0x0, 0x0, 0xa3, 0xa, 0x0, 0x49, 0x0,
    0x0, 0x53, 0x14, 0x0, 0x0, 0x8a, 0x1e, 0x0,
    0x0, 0x0, 0xa5, 0x1, 0x0, 0xa8, 0x0, 0x0,
    0x9b, 0x0, 0x0, 0x92, 0xe, 0x0, 0x0, 0x56,
    0x4e, 0x0, 0x0, 0x0, 0x6d, 0x39, 0x2, 0x9e,
    0x0, 0x0, 0x9f, 0x0, 0x0, 0x9f, 0x0, 0x0,
    0x0, 0x32, 0x6f, 0x0, 0x0, 0x3e, 0x3b, 0x83,
    0x7, 0x97, 0x0, 0x0, 0x9f, 0x0, 0x0, 0x9f,
    0x0, 0x0, 0x0, 0x16, 0x8a, 0x0, 0x0, 0x3d,
    0x64, 0xa4, 0x0, 0xa7, 0x0, 0x0, 0x9e, 0x0,
    0x0, 0x9e, 0x1, 0x0, 0x0, 0xb, 0x95, 0x0,
    0x0, 0xf, 0x8f, 0xa2, 0x0, 0x48, 0xab, 0x99,
    0xf9, 0x1, 0x0, 0xe1, 0x1e, 0x0, 0x0, 0x5,
    0xfa, 0x0, 0x0, 0xf, 0x91, 0xa0, 0x0, 0x0,
    0x0, 0x8, 0x55, 0xb9, 0xb1, 0xa9, 0x98, 0x0,
    0x0, 0x3f, 0xff, 0x55, 0x2e, 0x9a, 0x41, 0xa1,
    0x0, 0x0, 0x0, 0x0, 0x0, 0x2, 0x3, 0x0,
    0xff, 0xb3, 0xa4, 0x9c, 0xf, 0x60, 0x7c, 0x39,
    0x1d, 0x90, 0x0, 0x0, 0x0, 0x0, 0x0, 0x0,
    0x0, 0x0, 0x9d, 0x2f, 0x0, 0x4, 0x46, 0x5f,
    0x30, 0x14, 0xa5, 0x1d, 0x0, 0x0, 0x0, 0x0,
    0x0, 0x0, 0x0, 0x0, 0xa, 0x97, 0xa5, 0xa2,
    0x66, 0x4d, 0x7a, 0x93, 0x2a, 0x0,

    /* U+1F44B "👋" */
    0x0, 0x0, 0x0, 0x0, 0x0, 0x0, 0x0, 0x0,
    0x0, 0x58, 0x54, 0x0, 0x0, 0x0, 0x0, 0x0,
    0x0, 0x0, 0x0, 0x0, 0x0, 0x0, 0x0, 0x0,
    0x1, 0x14, 0x6f, 0x76, 0x0, 0x0, 0x0, 0x0,
    0x0, 0x0, 0x0, 0x19, 0x41, 0x10, 0x9d, 0x76,
    0x4, 0xa8, 0x4a, 0x13, 0x0, 0x0, 0x0, 0x0,
    0x0, 0x0, 0x3, 0xb9, 0x72, 0xdb, 0x3c, 0x54,
    0x90, 0x2, 0x14, 0x0, 0x8c, 0xa8, 0x7, 0x0,
    0x0, 0x0, 0x4, 0xb2, 0x5, 0x46, 0x9d, 0x2,
    0x52, 0x8f, 0x0, 0x4d, 0x54, 0x85, 0x18, 0x0,
    0x0, 0x0, 0x18, 0xc3, 0xa9, 0x5, 0x46, 0x99,
    0x2, 0x53, 0x8e, 0x7a, 0x20, 0x8b, 0xe, 0x0,
    0x0, 0x0, 0x70, 0x3f, 0x3a, 0xa2, 0x5, 0x47,
    0x97, 0x2, 0x54, 0xd8, 0x36, 0x5c, 0x44, 0x0,
    0x0, 0x0, 0x21, 0xb5, 0xa, 0x3b, 0xa2, 0x5,
    0x48, 0x63, 0x0, 0x83, 0x43, 0x10, 0x98, 0x0,
    0x0, 0x0, 0x8f, 0x89, 0xaa, 0xa, 0x3c, 0xa2,
    0x5, 0x0, 0x0, 0x9e, 0x2, 0x0, 0x95, 0x17,
    0x0, 0x0, 0xac, 0x6, 0x2e, 0xaa, 0xa, 0x2e,
    0x5, 0x0, 0x0, 0x9b, 0x0, 0x0, 0x2b, 0x7b,
    0x0, 0x0, 0x35, 0xa4, 0x7, 0x2f, 0x6f, 0x0,
    0x0, 0x0, 0x0, 0x9c, 0x0, 0x0, 0x0, 0xa0,
    0x2, 0x47, 0x5b, 0x33, 0xa6, 0x8, 0x0, 0x0,
    0x0, 0x0, 0x0, 0x8c, 0x1f, 0x0, 0x0, 0x9b,
    0x99, 0x18, 0x75, 0xa, 0x2f, 0xa8, 0xa, 0x0,
    0x0, 0x0, 0x0, 0x12, 0x15, 0x0, 0x0, 0xa0,
    0x1b, 0xa8, 0x2d, 0x0, 0x0, 0x2c, 0xaa, 0xc,
    0x0, 0x0, 0x0, 0x0, 0x0, 0x0, 0x15, 0x95,
    0x0, 0x0, 0x2, 0x0, 0x0, 0x0, 0x29, 0xac,
    0x18, 0x0, 0x0, 0x0, 0x0, 0x1, 0x9d, 0x29,
    0x0, 0x0, 0x0, 0x0, 0x0, 0x0, 0x0, 0x18,
    0xa3, 0x70, 0x19, 0x1, 0x29, 0xa3, 0x55, 0x0,
    0x0, 0x0, 0x0, 0x0, 0x0, 0x0, 0x0, 0x0,
    0x0, 0x3b, 0x89, 0x9e, 0x7d, 0x1e, 0x0, 0x0,

    /* U+1F44C "👌" */
    0x0, 0x0, 0x0, 0x14, 0x8d, 0x51, 0x0, 0x0,
    0x0, 0x0, 0x0, 0x0, 0x0, 0x0, 0x0, 0x82,
    0x2c, 0x6b, 0x98, 0x9, 0x0, 0x0, 0x0, 0x0,
    0x0, 0x0, 0x0, 0x9c, 0xb8, 0x0, 0x33, 0xae,
    0x22, 0x0, 0x0, 0x0, 0x0, 0x0, 0x2, 0xab,
    0x70, 0x86, 0x2, 0x11, 0xa1, 0x47, 0x0, 0x0,
    0x0, 0x0, 0x0, 0xae, 0x3, 0x50, 0xab, 0xd,
    0x1, 0xa5, 0x14, 0x0, 0x0, 0x0, 0x0, 0x48,
    0x92, 0xb, 0x44, 0x7b, 0x0, 0x26, 0x8e, 0x0,
    0x0, 0x0, 0x1a, 0x8f, 0xe4, 0x9f, 0xa1, 0xff,
    0x46, 0x0, 0x9c, 0x11, 0x0, 0x6a, 0x9e, 0x20,
    0x0, 0x0, 0x0, 0xd, 0x79, 0x65, 0x43, 0x62,
    0x32, 0x89, 0x0, 0x2f, 0xa1, 0xa0, 0xa8, 0x15,
    0x0, 0xa0, 0x1f, 0x9a, 0x16, 0xbd, 0xa4, 0x86,
    0x10, 0x0, 0x19, 0x9e, 0x0, 0x23, 0x45, 0xa0,
    0x4d, 0xa5, 0xb1, 0x10, 0x0, 0x0, 0x0, 0xa3,
    0x0, 0x0, 0x0, 0xa0, 0x98, 0xb, 0x27, 0xa2,
    0x1, 0x0, 0x22, 0x9a, 0x0, 0x0, 0x0, 0xa1,
    0x7a, 0x2b, 0x0, 0x4b, 0xb2, 0xa6, 0xa1, 0xe,
    0x0, 0x0, 0x2c, 0x7b, 0x23, 0x92, 0x0, 0x0,
    0x0, 0x2, 0x0, 0x0, 0x0, 0x0, 0x8c, 0x23,
    0x0, 0x76, 0x60, 0x0, 0x0, 0x0, 0x0, 0x0,
    0x0, 0x26, 0x99, 0x0, 0x0, 0x0, 0x71, 0x9b,
    0x37, 0x6, 0x6, 0x25, 0x7b, 0xa0, 0xf, 0x0,
    0x0, 0x0, 0x0, 0x19, 0x6e, 0x9a, 0x98, 0x7b,
    0x31, 0x0, 0x0, 0x0,

    /* U+1F44D "👍" */
    0x0, 0x0, 0x0, 0x0, 0x0, 0x0, 0x0, 0x40,
    0x8c, 0x1b, 0x0, 0x0, 0x0, 0x0, 0x0, 0x0,
    0x0, 0x0, 0x0, 0x0, 0x0, 0x0, 0xa1, 0x23,
    0xb0, 0x0, 0x0, 0x0, 0x0, 0x0, 0x0, 0x0,
    0x0, 0x0, 0x0, 0x0, 0x0, 0x9f, 0x0, 0xa9,
    0x9, 0x0, 0x0, 0x0, 0x0, 0x0, 0x0, 0x0,
    0x0, 0x0, 0x0, 0x4, 0xa1, 0x0, 0xa3, 0x10,
    0x0, 0x0, 0x0, 0x0, 0x0, 0x0, 0x0, 0x0,
    0x0, 0x0, 0x71, 0x50, 0x0, 0xb4, 0x0, 0x0,
    0x0, 0x0, 0x0, 0x0, 0x0, 0x0, 0x0, 0xa,
    0x8b, 0x78, 0x0, 0x7, 0xa9, 0x10, 0x31, 0x34,
    0x0, 0x0, 0x0, 0x0, 0x0, 0x1b, 0xae, 0x34,
    0x0, 0x0, 0x58, 0xff, 0x96, 0x73, 0x73, 0x7d,
    0x0, 0x0, 0x0, 0x15, 0xa4, 0x1a, 0x0, 0x0,
    0x0, 0xb5, 0x21, 0x0, 0x0, 0x0, 0xa3, 0x0,
    0xd0, 0x9d, 0x8e, 0x55, 0x0, 0x0, 0x0, 0x0,
    0xb3, 0xdd, 0xcd, 0xff, 0xff, 0xda, 0x6, 0xa0,
    0x0, 0x0, 0x0, 0x0, 0x0, 0x0, 0x0, 0xa0,
    0xe0, 0x71, 0x3b, 0x8, 0x50, 0x5e, 0xa0, 0x0,
    0x0, 0x0, 0x0, 0x0, 0x0, 0x77, 0x75, 0x8c,
    0x0, 0x0, 0x0, 0x4a, 0x61, 0xa0, 0x0, 0x0,
    0x0, 0x0, 0x0, 0x6e, 0x50, 0x0, 0xc2, 0xff,
    0xff, 0xff, 0xff, 0xa, 0xa0, 0x0, 0x0, 0x0,
    0x0, 0x0, 0x0, 0x0, 0x0, 0xa7, 0x0, 0x0,
    0x0, 0x6a, 0x3c, 0xa0, 0x0, 0x0, 0x0, 0x0,
    0x0, 0x0, 0x0, 0x0, 0xbf, 0x85, 0x3b, 0x1e,
    0x93, 0x27, 0xb4, 0xa0, 0xa0, 0x99, 0x2a, 0x0,
    0x0, 0x0, 0x13, 0xaf, 0x8c, 0x6c, 0xff, 0x50,
    0x0, 0x0, 0x0, 0x0, 0xf, 0x8d, 0x8f, 0x32,
    0xc, 0x13, 0xb3, 0x2d, 0x7, 0xb0, 0x0, 0x0,
    0x0, 0x0, 0x0, 0x0, 0x0, 0x1b, 0x70, 0x92,
    0x9e, 0xbe, 0x8e, 0x9b, 0x4f, 0x0, 0x0,

    /* U+1F44E "👎" */
    0x0, 0x0, 0x0, 0x0, 0x0, 0x14, 0x6b, 0x90,
    0x9f, 0xad, 0x7b, 0x8a, 0x3f, 0x0, 0x0, 0x0,
    0x0, 0x0, 0x4, 0x7d, 0xa2, 0x3b, 0xf, 0xe,
    0xcf, 0x6e, 0x47, 0xbd, 0x0, 0x0, 0x98, 0x98,
    0x9e, 0xc0, 0x51, 0x0, 0x0, 0x0, 0x1c, 0x8f,
    0x42, 0x5b, 0xff, 0x41, 0x0, 0xaf, 0x28, 0x21,
    0x1, 0x0, 0x0, 0x0, 0x0, 0x0, 0xef, 0xce,
    0x4a, 0x42, 0x99, 0x23, 0xa0, 0x0, 0x0, 0x0,
    0x0, 0x0, 0x0, 0x0, 0x0, 0xa5, 0x0, 0x0,
    0x0, 0x66, 0x3e, 0xa0, 0x0, 0x0, 0x0, 0x0,
    0x0, 0x6e, 0x43, 0x0, 0xc3, 0xff, 0xff, 0xff,
    0xff, 0x9, 0xa0, 0x0, 0x0, 0x0, 0x0, 0x0,
    0x2, 0x85, 0x69, 0x93, 0x4, 0x0, 0x0, 0x52,
    0x5c, 0xa0, 0x0, 0x0, 0x0, 0x0, 0x0, 0x0,
    0x0, 0xa7, 0xcc, 0x51, 0x1d, 0x0, 0x48, 0x63,
    0xd7, 0x9b, 0x81, 0x4a, 0x0, 0x0, 0x0, 0x0,
    0xad, 0xf7, 0xed, 0xff, 0xff, 0xdc, 0x9, 0x0,
    0x2, 0x20, 0xa8, 0x15, 0x0, 0x0, 0x0, 0xb6,
    0x1e, 0x0, 0x0, 0x1, 0xa4, 0x0, 0x0, 0x0,
    0x0, 0x20, 0xae, 0x30, 0x0, 0x0, 0x61, 0xff,
    0x86, 0x62, 0x64, 0x83, 0x0, 0x0, 0x0, 0x0,
    0x0, 0xc, 0x8e, 0x6f, 0x0, 0x8, 0xa9, 0x21,
    0x42, 0x43, 0x3, 0x0, 0x0, 0x0, 0x0, 0x0,
    0x0, 0x0, 0x74, 0x49, 0x0, 0xb4, 0x0, 0x0,
    0x0, 0x0, 0x0, 0x0, 0x0, 0x0, 0x0, 0x0,
    0x0, 0x5, 0xa0, 0x0, 0xa4, 0x10, 0x0, 0x0,
    0x0, 0x0, 0x0, 0x0, 0x0, 0x0, 0x0, 0x0,
    0x0, 0x9f, 0x0, 0xa7, 0xa, 0x0, 0x0, 0x0,
    0x0, 0x0, 0x0, 0x0, 0x0, 0x0, 0x0, 0x0,
    0xa1, 0x1b, 0xb2, 0x0, 0x0, 0x0, 0x0, 0x0,
    0x0, 0x0, 0x0, 0x0, 0x0, 0x0, 0x0, 0x46,
    0x94, 0x20, 0x0, 0x0, 0x0, 0x0, 0x0,

    /* U+1F44F "👏" */
    0x0, 0x0, 0x0, 0x0, 0x0, 0x0, 0x0, 0x0,
    0x0, 0x0, 0x69, 0x1, 0x7, 0x52, 0x0, 0x0,
    0x0, 0x0, 0x0, 0x0, 0x0, 0x2b, 0x20, 0x0,
    0x0, 0x0, 0x8b, 0xf, 0x6e, 0x47, 0x0, 0x0,
    0x0, 0x0, 0x0, 0x4, 0x87, 0xc8, 0xa2, 0x72,
    0xac, 0x56, 0x21, 0x6, 0x2b, 0x0, 0x1b, 0x1a,
    0x0, 0x7f, 0x99, 0xec, 0x73, 0xab, 0x49, 0xff,
    0x1, 0xad, 0x93, 0x70, 0x0, 0x5d, 0x92, 0x24,
    0x0, 0xa5, 0x4, 0xc2, 0x7f, 0x5, 0x9a, 0xc0,
    0x24, 0x93, 0x7f, 0x9f, 0xa, 0x11, 0x3a, 0x3,
    0x0, 0xb1, 0xfb, 0x4, 0x6e, 0x68, 0x3, 0xac,
    0xcb, 0x98, 0xe, 0x9a, 0x1f, 0xac, 0x72, 0x84,
    0x38, 0x7a, 0x4b, 0x9f, 0x4, 0x75, 0x64, 0x1,
    0xe9, 0xb2, 0x60, 0x6e, 0xaf, 0x2e, 0x4c, 0x59,
    0x13, 0xaf, 0xa, 0x3b, 0xa0, 0x4, 0x7c, 0x56,
    0x0, 0x84, 0x62, 0x20, 0xff, 0x1, 0x8d, 0x7,
    0x46, 0xe1, 0xe3, 0x6, 0x3c, 0xa1, 0x5, 0xf,
    0x0, 0x0, 0x0, 0x0, 0xe0, 0x6, 0x8c, 0x0,
    0x87, 0x25, 0x36, 0xa1, 0x4, 0x30, 0x8, 0x0,
    0x0, 0x0, 0x0, 0x0, 0x55, 0x56, 0x8b, 0x0,
    0x14, 0xac, 0x1d, 0x3e, 0x72, 0x0, 0x0, 0x0,
    0x0, 0x0, 0x0, 0x0, 0x8, 0x9c, 0x8c, 0x0,
    0x0, 0x12, 0xac, 0x22, 0x0, 0x0, 0x0, 0x0,
    0x0, 0x0, 0x0, 0x0, 0x0, 0xa0, 0x8f, 0x0,
    0x0, 0x0, 0xf, 0xaa, 0x28, 0x0, 0x0, 0x0,
    0x0, 0x0, 0x0, 0x0, 0x22, 0x89, 0x94, 0x0,
    0x0, 0x0, 0x0, 0xb, 0xa8, 0x2f, 0x0, 0x0,
    0x0, 0x0, 0x0, 0x0, 0x9d, 0x40, 0x7e, 0x0,
    0x0, 0x0, 0x0, 0x0, 0x8, 0xa4, 0x36, 0x0,
    0x0, 0x0, 0x0, 0x71, 0x81, 0xa5, 0xa, 0x0,
    0x0, 0x0, 0x0, 0x0, 0x0, 0x6, 0x9e, 0x65,
    0xb, 0x1c, 0xbe, 0xe8, 0x93, 0xf, 0x0, 0x0,
    0x0, 0x0, 0x0, 0x0, 0x0, 0x0, 0x1, 0x58,
    0xc6, 0xff, 0x8f, 0x21, 0x0, 0x0, 0x0, 0x0,

    /* U+1F450 "👐" */
    0x0, 0x0, 0x6, 0x2d, 0x0, 0x0, 0x0, 0x0,
    0x0, 0x0, 0x0, 0x0, 0x0, 0x0, 0x0, 0x0,
    0x2d, 0x5, 0x0, 0x0, 0x0, 0x0, 0x91, 0x90,
    0xdd, 0xa5, 0x10, 0x0, 0x0, 0x0, 0x0, 0x0,
    0x0, 0x14, 0xa7, 0xdc, 0x92, 0x8b, 0x0, 0x0,
    0x0, 0x47, 0xff, 0x65, 0xfe, 0x33, 0x7f, 0x0,
    0x0, 0x0, 0x0, 0x0, 0x0, 0x86, 0x2c, 0xfe,
    0x71, 0xff, 0x41, 0x0, 0x0, 0x89, 0x32, 0xaf,
    0x5d, 0x55, 0xa4, 0xc, 0x80, 0xfb, 0xb4, 0x70,
    0xe, 0xa0, 0x56, 0x5a, 0xb3, 0x33, 0x83, 0x0,
    0x29, 0xd9, 0xdb, 0x75, 0x41, 0xac, 0x3e, 0x72,
    0xa3, 0xff, 0x28, 0xa8, 0x77, 0x38, 0xab, 0x47,
    0x6e, 0xe4, 0xd6, 0x25, 0x3c, 0x6e, 0x93, 0x2c,
    0xa7, 0x70, 0x4c, 0xb0, 0x80, 0xff, 0x28, 0x84,
    0xac, 0x4d, 0x6c, 0xa9, 0x2e, 0x8e, 0x74, 0x37,
    0x0, 0xa7, 0x21, 0x97, 0xac, 0xab, 0x7d, 0x8a,
    0x1, 0xff, 0x28, 0x1, 0x8c, 0x7c, 0xad, 0xa8,
    0x9d, 0x22, 0xa6, 0x0, 0x0, 0x4a, 0x61, 0xa4,
    0x4c, 0x0, 0x68, 0x24, 0x0, 0xff, 0x28, 0x0,
    0x28, 0x68, 0x0, 0x51, 0x9f, 0x73, 0x40, 0x0,
    0x0, 0x0, 0xa7, 0x3, 0x0, 0x0, 0x5d, 0x5,
    0x0, 0xff, 0x28, 0x0, 0x6, 0x5d, 0x0, 0x0,
    0xa, 0xac, 0x0, 0x0, 0x0, 0x0, 0x52, 0x59,
    0x0, 0x0, 0x0, 0x0, 0x5, 0xff, 0x5e, 0x0,
    0x0, 0x0, 0x0, 0x0, 0x75, 0x44, 0x0, 0x0,
    0x0, 0x0, 0x1, 0xa8, 0x7, 0x0, 0x0, 0x19,
    0xa8, 0x3f, 0x97, 0x6e, 0x6, 0x0, 0x0, 0x16,
    0xad, 0x0, 0x0, 0x0, 0x0, 0x0, 0x0, 0x2d,
    0xad, 0x90, 0xa7, 0x98, 0x20, 0x0, 0x0, 0x47,
    0xa5, 0xa5, 0x91, 0xaf, 0x1f, 0x0, 0x0, 0x0,
    0x0, 0x0, 0x0, 0x0, 0x0, 0x11, 0x4, 0x0,
    0x0, 0x0, 0x0, 0x0, 0x0, 0x6, 0x10, 0x0,
    0x0, 0x0, 0x0, 0x0,

    /* U+1F451 "👑" */
    0x0, 0x0, 0x0, 0x0, 0x2d, 0x8b, 0x25, 0x0,
    0x0, 0x0, 0x0, 0x8, 0x7d, 0x58, 0x0, 0x0,
    0x0, 0x0, 0x0, 0x1d, 0x6d, 0x1e, 0x0, 0xc3,
    0xff, 0xb6, 0x0, 0x0, 0x0, 0x0, 0x63, 0xff,
    0xfe, 0x14, 0xb, 0x67, 0x46, 0x0, 0x7e, 0x6,
    0x7e, 0x0, 0x78, 0xff, 0x75, 0x8, 0x79, 0x7a,
    0x2e, 0x2c, 0xff, 0xcd, 0x3, 0x7a, 0x10, 0x44,
    0x41, 0x7a, 0x0, 0x7a, 0x0, 0x0, 0xf0, 0x4b,
    0x56, 0x21, 0x0, 0x77, 0x4, 0xef, 0x43, 0x0,
    0x80, 0x0, 0x1d, 0x5f, 0x4f, 0xdb, 0xa4, 0x0,
    0x2c, 0xff, 0xb2, 0x34, 0x64, 0x27, 0x71, 0x5b,
    0xff, 0x7b, 0x0, 0x65, 0xf1, 0x9a, 0x7, 0x0,
    0xa1, 0xa2, 0x2, 0xaf, 0xff, 0xff, 0x73, 0xdf,
    0xd7, 0x5f, 0xeb, 0xff, 0xe4, 0x11, 0x95, 0xa7,
    0x21, 0x0, 0x0, 0x99, 0x75, 0xff, 0xff, 0xff,
    0xff, 0xff, 0xc6, 0x3a, 0xff, 0xff, 0xff, 0xff,
    0xf6, 0xb7, 0xa7, 0x1, 0x0, 0x0, 0x6f, 0x39,
    0xff, 0xff, 0xff, 0xff, 0xff, 0x27, 0x0, 0xff,
    0xff, 0xff, 0xff, 0xff, 0x28, 0xa8, 0x0, 0x0,
    0x0, 0x92, 0x67, 0x15, 0xf9, 0xff, 0xff, 0x67,
    0x0, 0x0, 0x1f, 0xff, 0xff, 0xff, 0x41, 0x11,
    0xf0, 0x7, 0x0, 0x0, 0xe6, 0xcf, 0x0, 0x0,
    0x8, 0x4, 0x0, 0x35, 0x55, 0x1, 0x0, 0xc,
    0x0, 0x0, 0x4d, 0xff, 0x2f, 0x0, 0x0, 0x90,
    0xf1, 0x0, 0x44, 0xa6, 0x0, 0x12, 0xf8, 0xff,
    0x5d, 0x0, 0x5e, 0x8c, 0x0, 0x88, 0xff, 0x9,
    0x0, 0x0, 0x0, 0xa5, 0x0, 0x29, 0xa4, 0x0,
    0x13, 0xf8, 0xff, 0x5e, 0x0, 0x67, 0x64, 0x0,
    0x98, 0xd, 0x0, 0x0, 0x0, 0x0, 0xaf, 0x74,
    0x1c, 0x0, 0x0, 0x0, 0x37, 0x56, 0x2, 0x0,
    0x0, 0x13, 0x50, 0xdb, 0x0, 0x0, 0x0, 0x0,
    0x0, 0x68, 0x98, 0x92, 0xa5, 0xaa, 0xae, 0x9e,
    0x9b, 0xac, 0xac, 0xa5, 0x9b, 0x5e, 0xb4, 0x0,
    0x0, 0x0, 0x0, 0x0, 0x31, 0x77, 0x0, 0x0,
    0x0, 0x2, 0xb, 0xc, 0x3, 0x0, 0x0, 0x0,
    0x24, 0x81, 0x0, 0x0, 0x0, 0x0, 0x0, 0x7,
    0xbe, 0x78, 0x44, 0x22, 0x12, 0x3, 0x0, 0xd,
    0x1c, 0x35, 0x65, 0xaa, 0x45, 0x0, 0x0, 0x0,
    0x0, 0x0, 0x0, 0x1, 0x2c, 0x5e, 0x79, 0x8b,
    0x9b, 0x9e, 0x91, 0x7f, 0x69, 0x3d, 0x8, 0x0,
    0x0, 0x0, 0x0,

    /* U+1F47B "👻" */
    0x0, 0x0, 0x0, 0x0, 0x0, 0x0, 0x0, 0x26,
    0x75, 0x95, 0x8e, 0x59, 0xa, 0x0, 0x0, 0x0,
    0x0, 0x0, 0x0, 0x0, 0x0, 0x11, 0x99, 0x84,
    0x2d, 0xb, 0x11, 0x4b, 0xa7, 0x43, 0x0, 0x0,
    0x0, 0x0, 0x0, 0x0, 0x11, 0xaa, 0x23, 0x0,
    0x0, 0x0, 0x0, 0x0, 0x2, 0x95, 0x38, 0x0,
    0x0, 0x0, 0x0, 0x0, 0x9f, 0x20, 0x93, 0x8f,
    0x0, 0x0, 0x0, 0x0, 0x0, 0x6, 0xac, 0x1,
    0x0, 0x0, 0x0, 0x49, 0x69, 0x5, 0xcc, 0xc8,
    0x0, 0x0, 0x1, 0x2, 0x0, 0x0, 0x68, 0x3f,
    0x0, 0x0, 0x0, 0x9a, 0x5, 0x0, 0x8, 0x2c,
    0x24, 0xb1, 0xa7, 0x62, 0x0, 0x0, 0x24, 0x7e,
    0x0, 0x32, 0x9f, 0x9a, 0x0, 0x2d, 0x9c, 0x8,
    0x21, 0x56, 0xaf, 0x46, 0x0, 0x0, 0x7, 0x98,
    0x22, 0xa2, 0x8, 0x3, 0x0, 0x72, 0xd9, 0xe0,
    0x94, 0x64, 0x4, 0x1c, 0x0, 0x0, 0xd, 0x92,
    0x7e, 0x2e, 0x17, 0x11, 0x4d, 0x4e, 0x4d, 0x8b,
    0xf8, 0x6c, 0x1e, 0x48, 0xb, 0x0, 0x3c, 0x67,
    0x61, 0xa3, 0xa7, 0x78, 0x82, 0xa, 0x3, 0xa5,
    0xe, 0x35, 0x93, 0x42, 0xc, 0x0, 0x8f, 0x1c,
    0x0, 0xb, 0x2, 0x9a, 0x3b, 0x8f, 0x93, 0x58,
    0x0, 0xab, 0x3, 0xa, 0x3, 0xe, 0xa1, 0x0,
    0x0, 0x0, 0x0, 0x96, 0xa, 0x25, 0x30, 0x0,
    0x0, 0xa1, 0x42, 0xb9, 0x15, 0x79, 0x38, 0x0,
    0x0, 0x0, 0x0, 0x31, 0x7e, 0x0, 0x0, 0x0,
    0x0, 0x7c, 0x86, 0x5, 0x0, 0xa7, 0x0, 0x0,
    0x0, 0x0, 0x0, 0x0, 0x7b, 0x48, 0x0, 0x0,
    0x0, 0x0, 0x0, 0x0, 0x0, 0xa5, 0x0, 0x0,
    0x0, 0x0, 0x0, 0x0, 0x0, 0x88, 0x67, 0x0,
    0x0, 0x0, 0x0, 0x0, 0x0, 0x89, 0x69, 0x1,
    0x0, 0x0, 0x0, 0x0, 0x0, 0x0, 0x53, 0xa9,
    0x63, 0x20, 0x4, 0x9, 0x28, 0x72, 0x9e, 0x0,
    0x0, 0x0, 0x0, 0x0, 0x0, 0x0, 0x0, 0x3,
    0x42, 0x81, 0x9b, 0x98, 0x7b, 0x3a, 0x0, 0x0,

    /* U+1F47D "👽" */
    0x0, 0x0, 0x0, 0x0, 0x0, 0x2d, 0x73, 0x95,
    0x95, 0x73, 0x2d, 0x0, 0x0, 0x0, 0x0, 0x0,
    0x0, 0x0, 0x0, 0x2d, 0xab, 0x7f, 0x30, 0xc,
    0xc, 0x30, 0x7f, 0xab, 0x2b, 0x0, 0x0, 0x0,
    0x0, 0x0, 0x43, 0x9a, 0xd, 0x0, 0x0, 0x0,
    0x0, 0x0, 0x0, 0xc, 0x97, 0x42, 0x0, 0x0,
    0x0, 0x3c, 0x94, 0x0, 0x0, 0x0, 0x0, 0x0,
    0x0, 0x0, 0x0, 0x0, 0x0, 0x91, 0x3b, 0x0,
    0x2, 0xb1, 0x6, 0x0, 0x0, 0x0, 0x0, 0x0,
    0x0, 0x0, 0x0, 0x0, 0x0, 0x6, 0xb0, 0x2,
    0x49, 0x63, 0x0, 0x0, 0x0, 0x0, 0x0, 0x0,
    0x0, 0x0, 0x0, 0x0, 0x0, 0x0, 0x64, 0x45,
    0x88, 0x1c, 0x78, 0xae, 0x7c, 0x12, 0x0, 0x0,
    0x0, 0x0, 0x18, 0x83, 0xaf, 0x69, 0x1c, 0x86,
    0x9a, 0x6, 0xf0, 0xff, 0xff, 0xdf, 0x16, 0x0,
    0x0, 0x22, 0xe9, 0xff, 0xff, 0xdb, 0x6, 0x99,
    0x80, 0x21, 0xd1, 0xff, 0xff, 0xff, 0x92, 0x0,
    0x0, 0xa8, 0xff, 0xff, 0xff, 0xbd, 0x24, 0x80,
    0x3a, 0x6e, 0x61, 0xff, 0xff, 0xff, 0xcc, 0x0,
    0x0, 0xe1, 0xff, 0xff, 0xff, 0x4d, 0x73, 0x3c,
    0x0, 0xaa, 0x4, 0x70, 0xec, 0xff, 0xb0, 0x0,
    0x0, 0xc6, 0xff, 0xe6, 0x60, 0x4, 0xb8, 0x1,
    0x0, 0x4e, 0x6e, 0x0, 0x2, 0x18, 0x3, 0x0,
    0x0, 0x5, 0x17, 0x2, 0x0, 0x6f, 0x50, 0x0,
    0x0, 0x0, 0x9b, 0x28, 0x0, 0x2a, 0x80, 0x48,
    0x4b, 0x87, 0x1c, 0x0, 0x28, 0x9a, 0x0, 0x0,
    0x0, 0x0, 0x10, 0xb1, 0x17, 0x3, 0x72, 0xc6,
    0xc2, 0x65, 0x0, 0x17, 0xb2, 0x10, 0x0, 0x0,
    0x0, 0x0, 0x0, 0x1a, 0xad, 0x1a, 0x0, 0x0,
    0x0, 0x0, 0x1a, 0xad, 0x1a, 0x0, 0x0, 0x0,
    0x0, 0x0, 0x0, 0x0, 0x18, 0xa5, 0x66, 0xd,
    0xd, 0x65, 0xa5, 0x18, 0x0, 0x0, 0x0, 0x0,
    0x0, 0x0, 0x0, 0x0, 0x0, 0x0, 0x49, 0x95,
    0x95, 0x49, 0x0, 0x0, 0x0, 0x0, 0x0, 0x0,

    /* U+1F47E "👾" */
    0x0, 0x0, 0x0, 0x0, 0x0, 0xa0, 0xa0, 0x66,
    0x0, 0x0, 0x0, 0x0, 0x0, 0x8e, 0xa0, 0x7f,
    0x0, 0x0, 0x0, 0x0, 0x0, 0x0, 0x0, 0x0,
    0x0, 0xa0, 0x0, 0xa0, 0x0, 0x0, 0x0, 0x0,
    0x0, 0xa0, 0x0, 0xa0, 0x0, 0x0, 0x0, 0x0,
    0x0, 0x0, 0x0, 0x0, 0x0, 0xdc, 0xa0, 0xdc,
    0xa0, 0x6b, 0x0, 0x93, 0xa0, 0xdc, 0xa0, 0xbb,
    0x0, 0x0, 0x0, 0x0, 0x0, 0x0, 0x0, 0x0,
    0x0, 0x0, 0x0, 0xa0, 0x0, 0xa0, 0x0, 0xa0,
    0x0, 0xa0, 0x0, 0x0, 0x0, 0x0, 0x0, 0x0,
    0xf, 0xb3, 0xa0, 0x7a, 0x0, 0xb6, 0xa0, 0x8c,
    0x0, 0xbe, 0xa0, 0x96, 0x0, 0xb4, 0xa0, 0x96,
    0x0, 0x96, 0xa0, 0x9b, 0x14, 0x8c, 0x0, 0xa0,
    0x0, 0xa0, 0x0, 0x0, 0x0, 0x0, 0x0, 0x0,
    0x0, 0x0, 0x0, 0xa0, 0x0, 0xa0, 0x0, 0xa0,
    0x14, 0x8c, 0x0, 0xa0, 0x0, 0xa0, 0x0, 0x40,
    0x6c, 0x1c, 0x0, 0x37, 0x6c, 0x25, 0x0, 0xa0,
    0x0, 0xa0, 0x0, 0xa0, 0x14, 0x8c, 0x0, 0xa0,
    0x0, 0xa0, 0x0, 0x98, 0xff, 0x44, 0x0, 0x84,
    0xff, 0x58, 0x0, 0xa0, 0x0, 0xa0, 0x0, 0xa0,
    0xf, 0xb8, 0xa0, 0xdc, 0xa0, 0x7f, 0x0, 0x40,
    0x6c, 0x1c, 0x0, 0x37, 0x6c, 0x25, 0x0, 0xa0,
    0xa0, 0xdc, 0xa0, 0xa0, 0x0, 0x0, 0x0, 0xa0,
    0x0, 0x0, 0x0, 0x0, 0x0, 0x0, 0x0, 0x0,
    0x0, 0x0, 0x0, 0x0, 0x0, 0xa0, 0x0, 0x0,
    0x0, 0x0, 0x0, 0xc0, 0xa0, 0x7f, 0x0, 0x0,
    0x0, 0x0, 0x0, 0x0, 0x0, 0x0, 0x0, 0xa0,
    0xa0, 0xa5, 0x0, 0x0, 0x0, 0x0, 0x0, 0x0,
    0x0, 0xa0, 0x0, 0x0, 0x0, 0x0, 0x0, 0x0,
    0x0, 0x0, 0x0, 0xa0, 0x0, 0x0, 0x0, 0x0,
    0x0, 0x0, 0x0, 0x0, 0x0, 0xbe, 0xa0, 0x84,
    0x0, 0xb6, 0xa0, 0x8e, 0x0, 0xac, 0xa0, 0x9d,
    0x0, 0x0, 0x0, 0x0, 0x0, 0x0, 0x0, 0x0,
    0x0, 0x0, 0x0, 0xa0, 0x0, 0xa0, 0x0, 0xa0,
    0x0, 0xa0, 0x0, 0x0, 0x0, 0x0, 0x0, 0x0,
    0x0, 0x0, 0x0, 0x0, 0x0, 0xdc, 0xa0, 0xdc,
    0xa0, 0x6b, 0x0, 0x93, 0xa0, 0xdc, 0xa0, 0xbb,
    0x0, 0x0, 0x0, 0x0, 0x0, 0x0, 0x0, 0x0,
    0x0, 0xa0, 0x0, 0xa0, 0x0, 0x0, 0x0, 0x0,
    0x0, 0xa0, 0x0, 0xa0, 0x0, 0x0, 0x0, 0x0,
    0x0, 0x0, 0x0, 0x0, 0x0, 0xa5, 0xa0, 0x6b,
    0x0, 0x0, 0x0, 0x0, 0x0, 0x93, 0xa0, 0x84,
    0x0, 0x0, 0x0, 0x0,

    /* U+1F480 "💀" */
    0x0, 0x0, 0x0, 0x0, 0x20, 0x6c, 0x91, 0x96,
    0x7a, 0x35, 0x0, 0x0, 0x0, 0x0, 0x0, 0x0,
    0xc, 0x95, 0x8c, 0x37, 0xe, 0x9, 0x29, 0x76,
    0xaa, 0x25, 0x0, 0x0, 0x0, 0xb, 0xae, 0x2a,
    0x0, 0x0, 0x0, 0x0, 0x0, 0x0, 0x10, 0xad,
    0x2a, 0x0, 0x0, 0x92, 0x2f, 0x0, 0x0, 0x0,
    0x0, 0x0, 0x0, 0x0, 0x0, 0xe, 0xb0, 0x2,
    0x1c, 0x92, 0x0, 0x0, 0x0, 0x0, 0x0, 0x0,
    0x0, 0x0, 0x0, 0x0, 0x5a, 0x54, 0x66, 0x3f,
    0x0, 0x0, 0x0, 0x0, 0x0, 0x0, 0x0, 0x0,
    0x0, 0x0, 0xa, 0x9c, 0x8e, 0x11, 0x0, 0x0,
    0x6, 0x0, 0x0, 0x0, 0x0, 0x0, 0x5, 0x0,
    0x0, 0x9f, 0x9c, 0x3, 0x5, 0xbb, 0xfc, 0x5d,
    0x0, 0x0, 0x9, 0xcf, 0xf5, 0x4d, 0x0, 0xa0,
    0x92, 0x10, 0x35, 0xff, 0xff, 0xb1, 0x0, 0x0,
    0x32, 0xff, 0xff, 0xb4, 0x0, 0xa2, 0x72, 0x35,
    0x10, 0xe4, 0xfe, 0x58, 0x7, 0x40, 0x7, 0xd1,
    0xff, 0x74, 0x0, 0xa5, 0x83, 0x23, 0x0, 0xb,
    0x16, 0x0, 0x68, 0xf7, 0x10, 0x3, 0x1f, 0x0,
    0x0, 0xa5, 0x76, 0x35, 0x0, 0x0, 0x0, 0x0,
    0x7f, 0xcb, 0x2a, 0x0, 0x0, 0x0, 0x4, 0xa7,
    0x10, 0xa8, 0x47, 0x0, 0x0, 0x0, 0x0, 0x0,
    0x0, 0x0, 0x0, 0x16, 0xa7, 0x3e, 0x0, 0x3,
    0x7c, 0x5b, 0x0, 0x10, 0x0, 0x10, 0x0, 0x10,
    0x2, 0xb3, 0x1e, 0x0, 0x0, 0x0, 0x4, 0x9f,
    0x20, 0x7d, 0x0, 0x9d, 0x2, 0x9e, 0x29, 0x78,
    0x0, 0x0, 0x0, 0x0, 0x0, 0x65, 0xcd, 0xa6,
    0xc, 0xdd, 0xf, 0xff, 0xa1, 0x14, 0x0, 0x0,
    0x0, 0x0, 0x0, 0x0, 0x0, 0x6d, 0x95, 0x7b,
    0x97, 0x2a, 0x0, 0x0, 0x0, 0x0,

    /* U+1F485 "💅" */
    0x0, 0x0, 0x0, 0x0, 0x0, 0x0, 0x0, 0x0,
    0x0, 0x0, 0x0, 0x0, 0x37, 0xa0, 0xa0, 0xa0,
    0xa0, 0x3c, 0x0, 0x0, 0x0, 0x0, 0x0, 0x0,
    0x0, 0x0, 0x0, 0x0, 0x0, 0x0, 0xaa, 0xa,
    0x0, 0x0, 0x69, 0x3a, 0x0, 0x0, 0x0, 0x0,
    0x0, 0x0, 0x0, 0x0, 0x0, 0x0, 0x0, 0x43,
    0x72, 0x0, 0x0, 0x0, 0x98, 0xc, 0x0, 0x0,
    0x0, 0x0, 0x0, 0x0, 0x0, 0x0, 0x0, 0x0,
    0x0, 0xa9, 0x94, 0x85, 0x29, 0x0, 0xa7, 0x0,
    0x0, 0x0, 0x0, 0x4b, 0x9b, 0x26, 0x0, 0x0,
    0x0, 0x0, 0x0, 0x39, 0xef, 0xe0, 0xff, 0xad,
    0xa4, 0x0, 0x0, 0x23, 0xff, 0xff, 0xff, 0xc5,
    0x0, 0x0, 0x0, 0x0, 0x0, 0x0, 0x63, 0x72,
    0xcb, 0xa6, 0x36, 0x0, 0x5, 0x94, 0xff, 0xff,
    0xff, 0xff, 0x0, 0x30, 0x33, 0x0, 0x0, 0x0,
    0x95, 0x8c, 0x0, 0x0, 0x0, 0x0, 0x0, 0x0,
    0x43, 0x7e, 0x4c, 0xb8, 0xff, 0xff, 0xff, 0x29,
    0xa, 0x8b, 0xff, 0x53, 0x0, 0x0, 0x0, 0x0,
    0x0, 0x0, 0x0, 0xa, 0xff, 0xe2, 0xff, 0xff,
    0xff, 0x9e, 0x15, 0xce, 0x9c, 0x1, 0x0, 0x0,
    0x0, 0x0, 0x0, 0x0, 0x53, 0xad, 0x38, 0x9,
    0x99, 0x9d, 0x4f, 0xb7, 0x2b, 0x0, 0x0, 0x0,
    0x0, 0x0, 0x0, 0x0, 0x4, 0xa5, 0x67, 0x2,
    0x0, 0x0, 0x0, 0x17, 0xff, 0xff, 0xf7, 0x19,
    0x0, 0x0, 0x0, 0x0, 0x0, 0x0, 0x0, 0x8,
    0x0, 0x0, 0x0, 0x0, 0x2e, 0xe6, 0xff, 0xff,
    0xff, 0x36, 0x0, 0x0, 0x0, 0x0, 0x0, 0x0,
    0x0, 0x0, 0x0, 0x0, 0x0, 0x55, 0x9e, 0x1a,
    0x99, 0x98, 0x9d, 0x16, 0x0, 0x0, 0x0, 0x0,
    0x0, 0x0, 0x0, 0x0, 0x0, 0x2, 0x83, 0x78,
    0x0, 0x0, 0x0, 0x29, 0x92, 0x0, 0x0, 0x0,
    0x0, 0x0, 0x0, 0x0, 0x0, 0x0, 0xf, 0xa5,
    0x4a, 0x0, 0x0, 0x0, 0x1d, 0xa9, 0xa, 0x0,
    0x0, 0x0, 0x0, 0x0, 0x0, 0x0, 0x0, 0x28,
    0xb0, 0x27, 0x0, 0x0, 0x0, 0x13, 0xae, 0x13,
    0x0, 0x0, 0x0, 0x0, 0x0, 0x0, 0x0, 0x0,
    0x3, 0x91, 0xe, 0x0, 0x0, 0x0, 0x0, 0x6c,
    0x1e, 0x0, 0x0, 0x0, 0x0, 0x0, 0x0, 0x0,
    0x0, 0x0,

    /* U+1F493 "💓" */
    0x0, 0x0, 0x3c, 0x81, 0x0, 0x0, 0x0, 0x0,
    0x0, 0x0, 0x0, 0x0, 0x0, 0x0, 0x57, 0x5f,
    0x6, 0x0, 0x6, 0x96, 0x72, 0x16, 0x0, 0x0,
    0x0, 0x0, 0x0, 0x0, 0x0, 0x0, 0x0, 0x0,
    0x8, 0x4b, 0xac, 0x24, 0x6f, 0x3c, 0x0, 0x37,
    0xa3, 0xaa, 0x44, 0x0, 0x0, 0x0, 0x0, 0xa,
    0xa5, 0xaf, 0x62, 0x2, 0xe, 0xa9, 0x0, 0x0,
    0x85, 0x7d, 0xd, 0x0, 0x0, 0x0, 0x0, 0x0,
    0x0, 0x0, 0x0, 0x1, 0x53, 0xac, 0xe, 0x0,
    0x0, 0x5f, 0x61, 0xa, 0x87, 0xa2, 0x9d, 0x82,
    0xc, 0x0, 0x52, 0xa0, 0xa0, 0x9f, 0x27, 0x24,
    0x9d, 0x0, 0x0, 0x8b, 0x0, 0xa9, 0x34, 0x2,
    0x0, 0x2f, 0xa4, 0x73, 0x69, 0x1, 0x0, 0x11,
    0xaf, 0x1c, 0x80, 0xd, 0x0, 0x0, 0x31, 0x78,
    0xa, 0xb5, 0x1a, 0x0, 0x2d, 0x7d, 0x0, 0x0,
    0x0, 0x0, 0x26, 0x83, 0x0, 0x0, 0x0, 0x0,
    0x54, 0x4b, 0x70, 0x44, 0x0, 0x0, 0x0, 0x0,
    0x0, 0x0, 0x0, 0x0, 0x0, 0xa0, 0x0, 0x0,
    0x0, 0x0, 0x3c, 0x66, 0x1f, 0x0, 0x0, 0x0,
    0x0, 0x0, 0x0, 0x0, 0x0, 0x0, 0x14, 0x8e,
    0x0, 0x0, 0x0, 0x0, 0x5, 0xa6, 0x0, 0x0,
    0x0, 0x0, 0x0, 0x0, 0x0, 0x0, 0x0, 0x0,
    0x6b, 0x40, 0x0, 0x0, 0x0, 0x0, 0x0, 0x73,
    0x4a, 0x0, 0x0, 0x0, 0x0, 0x0, 0x0, 0x0,
    0x0, 0x12, 0xaa, 0x1, 0x0, 0x0, 0x0, 0x3c,
    0x4a, 0x3, 0xab, 0x1f, 0x0, 0x0, 0x0, 0x0,
    0x0, 0x0, 0x3, 0xa6, 0x25, 0x11, 0x75, 0x0,
    0x0, 0x3, 0xab, 0x1a, 0x14, 0xb0, 0x16, 0x0,
    0x0, 0x0, 0x0, 0x2, 0x98, 0x43, 0x1, 0xa0,
    0x23, 0x0, 0x2a, 0x53, 0x18, 0xae, 0xe, 0x1b,
    0xb0, 0x1d, 0x0, 0x0, 0x4, 0x9b, 0x4b, 0x0,
    0x89, 0x4b, 0x1a, 0x66, 0x0, 0xa2, 0x26, 0x25,
    0xae, 0x14, 0x15, 0xae, 0x35, 0x10, 0xaa, 0x3f,
    0x1, 0x88, 0x5d, 0x5, 0xa9, 0x1a, 0x0, 0xe,
    0xb1, 0x24, 0x1f, 0x64, 0x0, 0x8, 0x9b, 0xb6,
    0x25, 0x0, 0x33, 0x4f, 0x5, 0xa0, 0x3c, 0x0,
    0x0, 0x0, 0x11, 0x51, 0x0, 0x0, 0x0, 0x0,
    0x0, 0xa, 0x0, 0x0, 0x0, 0x0, 0x26, 0x3b,
    0x0, 0x0,

    /* U+1F494 "💔" */
    0x0, 0x0, 0x10, 0x6b, 0x96, 0x8b, 0x40, 0x0,
    0x0, 0x0, 0x0, 0x25, 0x7b, 0x99, 0x80, 0x2b,
    0x0, 0x0, 0x0, 0x3b, 0xa9, 0x3b, 0x9, 0x16,
    0x6d, 0xa3, 0xf, 0x0, 0x63, 0x90, 0x2d, 0x9,
    0x21, 0x87, 0x7a, 0x0, 0x12, 0xaa, 0x3, 0x0,
    0x0, 0x0, 0x0, 0x29, 0x99, 0x3, 0xa7, 0x0,
    0x0, 0x0, 0x0, 0x0, 0x71, 0x4c, 0x6f, 0x39,
    0x0, 0x0, 0x0, 0x0, 0x0, 0x56, 0x56, 0x4e,
    0x5d, 0x0, 0x0, 0x0, 0x0, 0x0, 0x4, 0xa4,
    0x9c, 0x3, 0x0, 0x0, 0x0, 0x0, 0x0, 0xa7,
    0x5, 0xa3, 0x9, 0x0, 0x0, 0x0, 0x0, 0x0,
    0x0, 0xa0, 0x9a, 0x4, 0x0, 0x0, 0x0, 0x0,
    0x28, 0x83, 0x1c, 0x8e, 0x0, 0x0, 0x0, 0x0,
    0x0, 0x0, 0x0, 0xa0, 0x73, 0x31, 0x0, 0x0,
    0x0, 0x0, 0x6d, 0x4a, 0x3d, 0x7e, 0x0, 0x0,
    0x0, 0x0, 0x0, 0x0, 0x0, 0xa4, 0x24, 0x87,
    0x0, 0x0, 0x0, 0x0, 0x9, 0xaf, 0x9, 0x91,
    0x33, 0x0, 0x0, 0x0, 0x0, 0x0, 0x33, 0x78,
    0x0, 0x9f, 0x14, 0x0, 0x0, 0x0, 0x0, 0x35,
    0x8c, 0xa, 0xb0, 0xa, 0x0, 0x0, 0x0, 0x0,
    0xa2, 0x11, 0x0, 0x24, 0x99, 0x0, 0x0, 0x0,
    0x0, 0x0, 0xb8, 0x6, 0x87, 0x36, 0x0, 0x0,
    0x0, 0x4f, 0x6c, 0x0, 0x0, 0x0, 0x6b, 0x60,
    0x0, 0x0, 0x0, 0x55, 0x66, 0x22, 0x99, 0x0,
    0x0, 0x0, 0x20, 0xa6, 0x2, 0x0, 0x0, 0x0,
    0x0, 0x95, 0x40, 0x0, 0x0, 0xb1, 0x1, 0xa4,
    0x17, 0x0, 0x0, 0x12, 0xb0, 0x11, 0x0, 0x0,
    0x0, 0x0, 0x0, 0x4, 0x9f, 0x39, 0x0, 0xa5,
    0x0, 0xa5, 0x0, 0x0, 0x11, 0xad, 0x1e, 0x0,
    0x0, 0x0, 0x0, 0x0, 0x0, 0x0, 0x6, 0xa0,
    0x40, 0x7e, 0x27, 0x88, 0x1c, 0x18, 0xad, 0x21,
    0x0, 0x0, 0x0, 0x0, 0x0, 0x0, 0x0, 0x0,
    0x0, 0x2, 0x91, 0x96, 0x68, 0x49, 0x86, 0xae,
    0x19, 0x0, 0x0, 0x0, 0x0, 0x0, 0x0, 0x0,
    0x0, 0x0, 0x0, 0x0, 0x0, 0x73, 0xa6, 0xd,
    0xa8, 0xa, 0x0, 0x0, 0x0, 0x0, 0x0, 0x0,
    0x0, 0x0, 0x0, 0x0, 0x0, 0x0, 0x0, 0x0,
    0x31, 0x0, 0x0, 0x0, 0x0, 0x0, 0x0, 0x0,
    0x0, 0x0,

    /* U+1F495 "💕" */
    0x0, 0x0, 0x0, 0x0, 0x0, 0x0, 0x0, 0x0,
    0x0, 0x0, 0x0, 0x0, 0xb, 0x6f, 0x89, 0x2f,
    0x0, 0x0, 0x0, 0x0, 0x0, 0x0, 0x0, 0x0,
    0x0, 0x0, 0x67, 0x8a, 0x57, 0x9d, 0x25, 0x6,
    0x86, 0x22, 0x0, 0x0, 0x0, 0x0, 0x0, 0x0,
    0x0, 0x0, 0x6a, 0x3c, 0x0, 0x37, 0x44, 0x0,
    0x0, 0x1a, 0x74, 0x0, 0x0, 0x0, 0x0, 0x0,
    0x0, 0x0, 0x0, 0x8d, 0x0, 0x0, 0x0, 0x0,
    0x0, 0x0, 0x27, 0x65, 0x0, 0x1, 0x5a, 0x91,
    0x6b, 0x5, 0x0, 0x0, 0x6e, 0x29, 0x0, 0x0,
    0x0, 0x0, 0x0, 0x76, 0x1c, 0x0, 0x99, 0x56,
    0xf, 0x40, 0x9c, 0x5, 0x0, 0x5, 0x97, 0x23,
    0x0, 0x0, 0x0, 0x11, 0x8a, 0x0, 0x4b, 0x64,
    0x0, 0x0, 0x0, 0x34, 0x69, 0x0, 0x0, 0x7,
    0x7a, 0x6e, 0x7, 0x0, 0x8d, 0x15, 0x0, 0x9d,
    0x5, 0x0, 0x0, 0x0, 0x0, 0x90, 0x0, 0x0,
    0x0, 0x0, 0x2a, 0x8f, 0x98, 0x4c, 0x0, 0x0,
    0x9f, 0x0, 0x0, 0x0, 0x0, 0x0, 0xa0, 0xa1,
    0xa2, 0xa5, 0x75, 0x2, 0x0, 0x19, 0x0, 0x0,
    0x0, 0x9f, 0x0, 0x0, 0x0, 0x0, 0x0, 0x26,
    0x0, 0x0, 0x0, 0x54, 0x78, 0x0, 0x0, 0x0,
    0x0, 0x0, 0xa0, 0x0, 0x0, 0x0, 0x0, 0x0,
    0x0, 0x0, 0x0, 0x0, 0x0, 0xa5, 0x0, 0x0,
    0x0, 0x0, 0x0, 0xa4, 0x0, 0x0, 0x0, 0x0,
    0x0, 0x0, 0x0, 0x0, 0x0, 0x0, 0xa0, 0x0,
    0x0, 0x0, 0x0, 0x0, 0x8f, 0x17, 0x0, 0x0,
    0x0, 0x0, 0x0, 0x0, 0x0, 0x0, 0xd, 0xa3,
    0x0, 0x0, 0x0, 0x0, 0x0, 0x4c, 0x5c, 0x0,
    0x0, 0x0, 0x0, 0x0, 0x0, 0x0, 0xd, 0xa8,
    0x2c, 0x0, 0x0, 0x0, 0x0, 0x0, 0xb, 0x9f,
    0x0, 0x0, 0x0, 0x0, 0x0, 0x8, 0x64, 0xad,
    0x2c, 0x0, 0x0, 0x0, 0x0, 0x0, 0x0, 0x0,
    0xa2, 0xa, 0x5, 0x2e, 0x68, 0x9d, 0x9d, 0x49,
    0x0, 0x0, 0x0, 0x0, 0x0, 0x0, 0x0, 0x0,
    0x0, 0x4e, 0xa7, 0x98, 0x71, 0x38, 0x6, 0x0,
    0x0, 0x0, 0x0, 0x0, 0x0, 0x0, 0x0, 0x0,
    0x0,

    /* U+1F496 "💖" */
    0x0, 0x0, 0x12, 0x6f, 0x98, 0x86, 0x39, 0x0,
    0x0, 0x0, 0x0, 0x2a, 0x7c, 0xa7, 0x7f, 0x27,
    0x0, 0x0, 0x0, 0x35, 0xaf, 0x3c, 0x9, 0x1c,
    0x76, 0x9c, 0x9, 0x3, 0x8b, 0x88, 0x27, 0x71,
    0x27, 0x94, 0x6b, 0x0, 0xc, 0xaf, 0x6, 0x0,
    0x2c, 0x3, 0x0, 0x31, 0x98, 0x86, 0x45, 0x0,
    0x0, 0xc2, 0x1b, 0x0, 0x82, 0x3f, 0x68, 0x42,
    0x0, 0x62, 0x7e, 0x2, 0x0, 0x0, 0x68, 0x80,
    0x0, 0x24, 0xb0, 0xff, 0xce, 0x53, 0x7, 0xa2,
    0x9c, 0x6, 0x9, 0x89, 0x0, 0x0, 0x0, 0x0,
    0x5, 0xe, 0x0, 0x0, 0x3a, 0xf0, 0x80, 0x8,
    0x0, 0xa2, 0x9a, 0x5, 0x31, 0x4d, 0x0, 0x0,
    0x1, 0x0, 0x0, 0x0, 0x53, 0x2e, 0x0, 0x8d,
    0x2, 0x0, 0x0, 0xa0, 0x79, 0x2a, 0x1d, 0x1a,
    0x0, 0x0, 0x5e, 0x0, 0x0, 0x0, 0x39, 0x1d,
    0x0, 0x2d, 0x0, 0x0, 0x0, 0xa3, 0x28, 0x82,
    0x0, 0x0, 0x0, 0x1, 0xc5, 0x0, 0x0, 0x0,
    0x0, 0x0, 0x0, 0x0, 0x0, 0x0, 0x33, 0x76,
    0x0, 0xa6, 0x11, 0x0, 0x0, 0x3e, 0xfd, 0x20,
    0x0, 0x0, 0x0, 0x0, 0x0, 0x0, 0x0, 0x0,
    0xa0, 0x16, 0x0, 0x2d, 0x99, 0x9, 0x57, 0xde,
    0xff, 0xd0, 0x4a, 0x5, 0x0, 0x14, 0xc5, 0x21,
    0x0, 0x4e, 0x75, 0x0, 0x0, 0x0, 0x6c, 0x7c,
    0x7d, 0xf3, 0xff, 0xea, 0x70, 0xe, 0x0, 0x2,
    0x6b, 0x6, 0x24, 0xa6, 0x2, 0x0, 0x0, 0x0,
    0x0, 0x90, 0x47, 0x4f, 0xff, 0x30, 0x0, 0x3,
    0x81, 0x0, 0x0, 0x14, 0xae, 0x10, 0x0, 0x0,
    0x0, 0x0, 0x0, 0x2, 0x95, 0x47, 0xd1, 0x0,
    0x0, 0x0, 0x7, 0x0, 0x14, 0xa9, 0x19, 0x0,
    0x0, 0x0, 0x0, 0x0, 0x0, 0x0, 0x1, 0x8d,
    0xbe, 0x0, 0x0, 0x0, 0x0, 0x1f, 0xa8, 0x17,
    0x0, 0x0, 0x0, 0x0, 0x0, 0x0, 0x0, 0x0,
    0x0, 0x0, 0x79, 0x71, 0x0, 0x0, 0x37, 0xa2,
    0xe, 0x0, 0x0, 0x0, 0x0, 0x0, 0x0, 0x0,
    0x0, 0x0, 0x0, 0x0, 0x0, 0x51, 0x94, 0x66,
    0x89, 0x3, 0x0, 0x0, 0x0, 0x0, 0x0, 0x0,
    0x0, 0x0, 0x0, 0x0, 0x0, 0x0, 0x0, 0x0,
    0x29, 0x56, 0x0, 0x0, 0x0, 0x0, 0x0, 0x0,
    0x0, 0x0,

    /* U+1F497 "💗" */
    0x0, 0x0, 0x2f, 0x7e, 0x8f, 0x66, 0xa, 0x0,
    0x0, 0x0, 0x42, 0x87, 0x8a, 0x59, 0x6, 0x0,
    0x0, 0x0, 0x7e, 0x78, 0x17, 0x5, 0x35, 0x9f,
    0x3e, 0x11, 0xa0, 0x5b, 0xf, 0x9, 0x43, 0xa4,
    0x1d, 0x0, 0x52, 0x60, 0x0, 0x0, 0x0, 0x0,
    0x2, 0x85, 0xa4, 0x16, 0x0, 0x0, 0x0, 0x0,
    0xe, 0xa4, 0x0, 0x9d, 0x0, 0x25, 0x8c, 0x92,
    0x90, 0x50, 0x5, 0x26, 0x26, 0x8a, 0x90, 0x97,
    0x58, 0x0, 0x67, 0x37, 0x94, 0x36, 0x92, 0xd,
    0x0, 0x1, 0x5c, 0x90, 0x5a, 0x8e, 0xd, 0x0,
    0x0, 0x54, 0x89, 0x2d, 0x6a, 0x90, 0x9d, 0x3,
    0x0, 0x0, 0x0, 0x0, 0x2f, 0x7a, 0x0, 0x0,
    0x0, 0x0, 0x0, 0x69, 0x65, 0x6d, 0xa6, 0x76,
    0x0, 0x42, 0x9d, 0x93, 0x93, 0x24, 0x9, 0x7c,
    0x95, 0x9a, 0x75, 0x2, 0xc, 0xd3, 0x4a, 0x9e,
    0x7d, 0x27, 0x91, 0x2, 0x0, 0xd, 0x93, 0x9c,
    0x2c, 0x0, 0x0, 0x4b, 0x73, 0x4, 0xff, 0xa,
    0x23, 0xaa, 0x7f, 0x1a, 0x0, 0x0, 0x0, 0x4,
    0x27, 0x0, 0x0, 0x0, 0x0, 0x9d, 0x35, 0xa9,
    0x0, 0x0, 0x78, 0x9c, 0xb, 0x0, 0x0, 0x0,
    0x0, 0x0, 0x0, 0x0, 0x0, 0x0, 0x92, 0x94,
    0x12, 0x0, 0x0, 0x9, 0xd1, 0x50, 0x0, 0x0,
    0x0, 0x0, 0x0, 0x0, 0x0, 0x0, 0xa, 0xeb,
    0x55, 0x0, 0x0, 0x0, 0x0, 0x22, 0xf0, 0x3,
    0x0, 0x0, 0x0, 0x0, 0x0, 0x0, 0x0, 0x90,
    0xab, 0x0, 0x0, 0x0, 0x0, 0x0, 0x0, 0x3d,
    0x7e, 0x0, 0x0, 0x0, 0x0, 0x0, 0x0, 0x3a,
    0xa2, 0x2, 0x0, 0x0, 0x0, 0x0, 0x0, 0x0,
    0x0, 0x45, 0x68, 0x0, 0x0, 0x0, 0x0, 0x2e,
    0x9c, 0x5, 0x0, 0x0, 0x0, 0x0, 0x0, 0x0,
    0x0, 0x0, 0x0, 0x3f, 0x70, 0x0, 0x0, 0x39,
    0x94, 0x4, 0x0, 0x0, 0x0, 0x0, 0x0, 0x0,
    0x0, 0x0, 0x0, 0x0, 0x0, 0x31, 0x88, 0x5f,
    0x87, 0x1, 0x0, 0x0, 0x0, 0x0, 0x0, 0x0,
    0x0, 0x0, 0x0, 0x0, 0x0, 0x0, 0x0, 0x1e,
    0x61, 0x0, 0x0, 0x0, 0x0, 0x0, 0x0, 0x0,
    0x0,

    /* U+1F498 "💘" */
    0x50, 0x3e, 0xf, 0x0, 0x0, 0x0, 0x0, 0x0,
    0x0, 0x0, 0x0, 0x0, 0x0, 0x0, 0x0, 0x0,
    0x0, 0xf4, 0xff, 0xda, 0x0, 0x0, 0x0, 0x0,
    0x0, 0x0, 0x0, 0x0, 0x0, 0x0, 0x0, 0x0,
    0x0, 0x0, 0xbf, 0xff, 0x83, 0x0, 0x0, 0x0,
    0x0, 0x0, 0x0, 0x0, 0x0, 0x0, 0x0, 0x0,
    0x0, 0x0, 0x0, 0x3a, 0x3a, 0x81, 0xab, 0xa7,
    0x9f, 0xa2, 0x5d, 0x0, 0x1e, 0x98, 0x9d, 0xa3,
    0x8d, 0xb, 0x0, 0x0, 0x0, 0x0, 0x3c, 0xaf,
    0x1, 0x17, 0x0, 0x64, 0x7d, 0xa7, 0x13, 0x0,
    0x0, 0x31, 0x9e, 0x0, 0x0, 0x0, 0x0, 0x9d,
    0x9, 0x69, 0x60, 0x0, 0x0, 0x8c, 0x19, 0x0,
    0x0, 0x0, 0x0, 0x8c, 0x1b, 0x0, 0x0, 0x0,
    0xa0, 0x0, 0x71, 0x0, 0x0, 0x0, 0x1, 0x0,
    0x0, 0x0, 0x0, 0x0, 0x68, 0x37, 0x0, 0x0,
    0x0, 0x9c, 0x6, 0x0, 0x0, 0x0, 0x0, 0x0,
    0x0, 0x0, 0x0, 0x0, 0x0, 0x89, 0x19, 0x0,
    0x0, 0x0, 0x53, 0x56, 0x0, 0x0, 0x0, 0x0,
    0x3a, 0x5e, 0x0, 0x0, 0x0, 0x4, 0xa6, 0x0,
    0x0, 0x0, 0x0, 0x3, 0xaa, 0xa, 0x0, 0x0,
    0xe, 0xff, 0x76, 0x0, 0x0, 0x0, 0x77, 0x40,
    0x0, 0x0, 0x0, 0x0, 0x0, 0x2c, 0x98, 0x0,
    0x0, 0x3, 0xe, 0x6a, 0x79, 0x0, 0x3e, 0x88,
    0x0, 0x0, 0x0, 0x0, 0x0, 0x0, 0x0, 0x49,
    0x87, 0x0, 0x0, 0x0, 0x0, 0x62, 0xb1, 0x9e,
    0x2, 0x0, 0x0, 0x0, 0x0, 0x0, 0x0, 0x0,
    0x0, 0x4e, 0x8d, 0x2, 0x0, 0x0, 0x37, 0xf9,
    0xff, 0xd5, 0xb1, 0x34, 0x0, 0x0, 0x0, 0x0,
    0x0, 0x0, 0x0, 0x43, 0xa1, 0xb, 0x55, 0x96,
    0x5, 0xff, 0xff, 0xff, 0xf6, 0x1e, 0x0, 0x0,
    0x0, 0x0, 0x0, 0x0, 0x0, 0x29, 0xbb, 0x77,
    0x0, 0x0, 0xe7, 0xff, 0xff, 0x8b, 0x16, 0x0,
    0x0, 0x0, 0x0, 0x0, 0x0, 0x0, 0x0, 0x4,
    0x0, 0x0, 0x0, 0x6f, 0xff, 0x9f, 0x7b, 0x0,
    0x0, 0x0, 0x0, 0x0, 0x0, 0x0, 0x0, 0x0,
    0x0, 0x0, 0x0, 0x0, 0x0, 0x57, 0x1b, 0x1,
    0x0,

    /* U+1F499 "💙" */
    0x0, 0x0, 0x10, 0x6d, 0x98, 0x87, 0x3c, 0x0,
    0x0, 0x0, 0x0, 0x21, 0x77, 0x99, 0x81, 0x2a,
    0x0, 0x0, 0x0, 0x32, 0xaf, 0x3e, 0xa, 0x1a,
    0x6e, 0xa1, 0xf, 0x0, 0x79, 0x8e, 0x2b, 0x7,
    0x25, 0x92, 0x6f, 0x0, 0x7, 0xef, 0xa7, 0x9f,
    0x9f, 0x9f, 0x9f, 0xc7, 0xbf, 0x6f, 0xea, 0x9f,
    0x9f, 0x9f, 0x9f, 0x9f, 0xfe, 0x42, 0x67, 0x44,
    0x0, 0x0, 0x0, 0x0, 0x0, 0x0, 0x55, 0x99,
    0x0, 0x0, 0x0, 0x0, 0x0, 0x0, 0x7, 0xa5,
    0xc9, 0xa6, 0x9f, 0x9f, 0x9f, 0x9f, 0x9f, 0x9f,
    0xa1, 0xb6, 0x9f, 0x9f, 0x9f, 0x9f, 0x9f, 0x9f,
    0x9f, 0xff, 0x9a, 0x5, 0x0, 0x0, 0x0, 0x0,
    0x0, 0x0, 0x0, 0x0, 0x0, 0x0, 0x0, 0x0,
    0x0, 0x0, 0x0, 0xa0, 0x99, 0xca, 0x9f, 0x9f,
    0x9f, 0x9f, 0x9f, 0x9f, 0x9f, 0x9f, 0x9f, 0x9f,
    0x9f, 0x9f, 0x9f, 0x9f, 0xa0, 0xf8, 0x28, 0x82,
    0x0, 0x0, 0x0, 0x0, 0x0, 0x0, 0x0, 0x0,
    0x0, 0x0, 0x0, 0x0, 0x0, 0x0, 0x33, 0x76,
    0x0, 0xda, 0xb1, 0x9f, 0x9f, 0x9f, 0x9f, 0x9f,
    0x9f, 0x9f, 0x9f, 0x9f, 0x9f, 0x9f, 0x9f, 0x9f,
    0xff, 0x16, 0x0, 0x2d, 0x99, 0x0, 0x0, 0x0,
    0x0, 0x0, 0x0, 0x0, 0x0, 0x0, 0x0, 0x0,
    0x0, 0x4e, 0x75, 0x0, 0x0, 0x0, 0x6c, 0xe4,
    0x9f, 0x9f, 0x9f, 0x9f, 0x9f, 0x9f, 0x9f, 0x9f,
    0x9f, 0x9f, 0xc4, 0xb2, 0x2, 0x0, 0x0, 0x0,
    0x0, 0x90, 0x47, 0x0, 0x0, 0x0, 0x0, 0x0,
    0x0, 0x0, 0x0, 0x14, 0xae, 0x10, 0x0, 0x0,
    0x0, 0x0, 0x0, 0x2, 0x95, 0xa7, 0x93, 0x93,
    0x93, 0x93, 0x93, 0x93, 0xa1, 0xa9, 0x19, 0x0,
    0x0, 0x0, 0x0, 0x0, 0x0, 0x0, 0x1, 0x94,
    0x5e, 0xb, 0xb, 0xb, 0xb, 0x2b, 0xb3, 0x17,
    0x0, 0x0, 0x0, 0x0, 0x0, 0x0, 0x0, 0x0,
    0x0, 0x0, 0x76, 0x73, 0x4, 0x3, 0x3a, 0xa2,
    0xe, 0x0, 0x0, 0x0, 0x0, 0x0, 0x0, 0x0,
    0x0, 0x0, 0x0, 0x0, 0x0, 0x86, 0xff, 0xff,
    0xea, 0x3, 0x0, 0x0, 0x0, 0x0, 0x0, 0x0,
    0x0, 0x0, 0x0, 0x0, 0x0, 0x0, 0x0, 0x0,
    0x29, 0x56, 0x0, 0x0, 0x0, 0x0, 0x0, 0x0,
    0x0, 0x0,

    /* U+1F49A "💚" */
    0x0, 0x0, 0x10, 0x6d, 0xa0, 0xab, 0x41, 0x0,
    0x0, 0x0, 0x0, 0x23, 0x79, 0xcb, 0x81, 0x2a,
    0x0, 0x0, 0x0, 0x32, 0xe7, 0xb7, 0xf, 0xb5,
    0xb6, 0xa6, 0x12, 0x0, 0x7c, 0xff, 0x3b, 0x69,
    0xac, 0x93, 0x6f, 0x0, 0x7, 0xfd, 0x13, 0x5e,
    0x89, 0x3, 0x8f, 0x7e, 0xa8, 0x9e, 0x86, 0x24,
    0xae, 0x17, 0x4f, 0x95, 0x84, 0x42, 0x67, 0x6e,
    0xac, 0x12, 0x4d, 0x97, 0x4, 0x7f, 0xba, 0xa7,
    0xa7, 0x36, 0x19, 0xae, 0x21, 0x3f, 0xa7, 0xac,
    0xb3, 0x42, 0x1f, 0xaf, 0x1a, 0x3f, 0xa2, 0x8,
    0x6e, 0x92, 0x6, 0x9e, 0x43, 0x11, 0xab, 0x2d,
    0x30, 0xff, 0x9f, 0x9d, 0x4b, 0x16, 0xae, 0x24,
    0x31, 0xa9, 0xe, 0x5b, 0x8d, 0x4, 0x93, 0x53,
    0xa, 0xa5, 0x3a, 0xa2, 0x79, 0x2b, 0x8a, 0x5c,
    0xe, 0xaa, 0x30, 0x25, 0xae, 0x15, 0x4a, 0x9a,
    0x5, 0x84, 0x64, 0x5, 0x9b, 0xea, 0x28, 0xdd,
    0x4, 0x79, 0x6e, 0x8, 0xa3, 0x3d, 0x1b, 0xae,
    0x1e, 0x3c, 0xa4, 0x9, 0x73, 0x76, 0x35, 0x93,
    0x0, 0xe3, 0xb7, 0x9, 0x67, 0x80, 0x4, 0x99,
    0x4b, 0x12, 0xac, 0x2a, 0x2e, 0xab, 0xf, 0x61,
    0xff, 0x16, 0x0, 0x2d, 0xc9, 0xab, 0xf, 0x55,
    0x91, 0x3, 0x8c, 0x5b, 0xb, 0xa7, 0x36, 0x23,
    0xae, 0x66, 0x7b, 0x0, 0x0, 0x0, 0x6c, 0x88,
    0xaf, 0x17, 0x45, 0x9d, 0x6, 0x7c, 0x6c, 0x6,
    0x9e, 0x44, 0x3e, 0xf1, 0x2, 0x0, 0x0, 0x0,
    0x0, 0x90, 0x61, 0xaf, 0x21, 0x37, 0xa6, 0xb,
    0x6b, 0x7d, 0x2, 0xa6, 0xd8, 0x10, 0x0, 0x0,
    0x0, 0x0, 0x0, 0x2, 0x95, 0x54, 0xac, 0x2c,
    0x2a, 0xac, 0x12, 0x59, 0xa2, 0xab, 0x19, 0x0,
    0x0, 0x0, 0x0, 0x0, 0x0, 0x0, 0x1, 0x8d,
    0x5d, 0xa6, 0x39, 0x1e, 0xae, 0x3b, 0xe0, 0x1c,
    0x0, 0x0, 0x0, 0x0, 0x0, 0x0, 0x0, 0x0,
    0x0, 0x0, 0x76, 0x77, 0x9d, 0x47, 0x4c, 0xe6,
    0xe, 0x0, 0x0, 0x0, 0x0, 0x0, 0x0, 0x0,
    0x0, 0x0, 0x0, 0x0, 0x0, 0x51, 0x96, 0xec,
    0x95, 0x3, 0x0, 0x0, 0x0, 0x0, 0x0, 0x0,
    0x0, 0x0, 0x0, 0x0, 0x0, 0x0, 0x0, 0x0,
    0x29, 0x56, 0x0, 0x0, 0x0, 0x0, 0x0, 0x0,
    0x0, 0x0,

    /* U+1F49B "💛" */
    0x0, 0x0, 0xd, 0x67, 0x8f, 0x7c, 0x2e, 0x0,
    0x0, 0x0, 0x0, 0x1c, 0x70, 0x91, 0x78, 0x22,
    0x0, 0x0, 0x0, 0x32, 0xb3, 0x45, 0x6, 0x1c,
    0x76, 0x94, 0x9, 0x0, 0x75, 0x92, 0x32, 0x1,
    0x2e, 0x98, 0x68, 0x0, 0xc, 0xb1, 0x3a, 0x29,
    0x3e, 0x2b, 0x3f, 0x4b, 0x99, 0x6a, 0x75, 0x47,
    0x3, 0x65, 0x7, 0x56, 0x86, 0x3e, 0x63, 0xf,
    0x1a, 0x34, 0x28, 0x1f, 0x36, 0x16, 0x17, 0x73,
    0x30, 0x12, 0x55, 0x0, 0x59, 0x0, 0x50, 0xa4,
    0x99, 0x7, 0x3, 0x3, 0x5, 0x0, 0x6, 0x0,
    0x5, 0x10, 0x2, 0x4, 0x4, 0x3, 0x4, 0x3,
    0x4, 0xa7, 0xb0, 0x48, 0x36, 0x1e, 0x58, 0x4,
    0x57, 0x2, 0x55, 0x35, 0x15, 0x5f, 0x9, 0x58,
    0x0, 0x59, 0xb, 0xec, 0x7a, 0x23, 0x36, 0x21,
    0x19, 0x34, 0x2, 0x3a, 0xb, 0x26, 0x38, 0x1,
    0x3e, 0x0, 0x39, 0x14, 0x24, 0xa3, 0x2b, 0x7c,
    0x23, 0x15, 0x10, 0x22, 0x0, 0x25, 0x6, 0x19,
    0x24, 0x0, 0x28, 0x0, 0x24, 0xc, 0x18, 0x79,
    0x0, 0xa7, 0x21, 0x2b, 0x5a, 0x9, 0x5e, 0x1,
    0x5b, 0x3c, 0x16, 0x6a, 0x5, 0x5e, 0x0, 0x5d,
    0x9d, 0x18, 0x0, 0x31, 0x95, 0x5, 0xa, 0xe,
    0x0, 0xf, 0x2, 0xb, 0xf, 0x0, 0x10, 0x0,
    0xf, 0x49, 0x7a, 0x0, 0x0, 0x0, 0x72, 0x3e,
    0x2e, 0x40, 0x8, 0x4b, 0xf, 0x32, 0x4c, 0x0,
    0x52, 0x4, 0x25, 0xa8, 0x3, 0x0, 0x0, 0x0,
    0x0, 0x95, 0x70, 0x20, 0x4c, 0x1, 0x4e, 0x29,
    0x1b, 0x55, 0x7, 0x5f, 0xae, 0x13, 0x0, 0x0,
    0x0, 0x0, 0x0, 0x3, 0xa6, 0x44, 0x13, 0x0,
    0x14, 0xb, 0x6, 0x17, 0x11, 0xbc, 0x1d, 0x0,
    0x0, 0x0, 0x0, 0x0, 0x0, 0x0, 0x3, 0x92,
    0x4c, 0x56, 0x1f, 0x44, 0x5e, 0x1b, 0xa8, 0x1b,
    0x0, 0x0, 0x0, 0x0, 0x0, 0x0, 0x0, 0x0,
    0x0, 0x0, 0x7c, 0x6a, 0x4, 0x13, 0x31, 0xa4,
    0x11, 0x0, 0x0, 0x0, 0x0, 0x0, 0x0, 0x0,
    0x0, 0x0, 0x0, 0x0, 0x0, 0x58, 0x81, 0x32,
    0x8f, 0x5, 0x0, 0x0, 0x0, 0x0, 0x0, 0x0,
    0x0, 0x0, 0x0, 0x0, 0x0, 0x0, 0x0, 0x0,
    0x2e, 0x5d, 0x0, 0x0, 0x0, 0x0, 0x0, 0x0,
    0x0, 0x0,

    /* U+1F49C "💜" */
    0x0, 0x0, 0x10, 0x6d, 0xd1, 0x8e, 0x41, 0x0,
    0x0, 0x0, 0x0, 0x23, 0x94, 0xa8, 0x81, 0x2d,
    0x0, 0x0, 0x0, 0x32, 0xaf, 0x94, 0x84, 0x1b,
    0xe7, 0xab, 0x12, 0x0, 0x7a, 0xb7, 0xc9, 0x14,
    0x6d, 0xff, 0x6f, 0x0, 0x7, 0xa4, 0x6d, 0x6a,
    0x5, 0x94, 0x36, 0x35, 0xf2, 0x6f, 0x8e, 0x97,
    0x7, 0x58, 0x79, 0x0, 0xf9, 0x4b, 0x67, 0xb9,
    0x5a, 0xb, 0x9c, 0x29, 0x18, 0xa1, 0x64, 0xdb,
    0x8d, 0x3, 0x68, 0x68, 0x3, 0x8e, 0x46, 0xa5,
    0xcd, 0x52, 0x12, 0xa0, 0x1e, 0x22, 0x9f, 0xf,
    0x4f, 0x95, 0x0, 0x77, 0x58, 0x7, 0x97, 0x31,
    0x1d, 0xff, 0x9a, 0x20, 0xa0, 0x15, 0x2c, 0x99,
    0x9, 0x5e, 0x71, 0x1, 0x86, 0x48, 0xd, 0x9d,
    0x25, 0x27, 0x9c, 0xac, 0x7e, 0xc2, 0xd, 0x39,
    0x92, 0x4, 0x6e, 0x62, 0x4, 0x92, 0x39, 0x14,
    0xa0, 0x1b, 0x34, 0x95, 0x6, 0xa3, 0x28, 0x82,
    0x46, 0x87, 0x2, 0x7d, 0x51, 0x9, 0x9a, 0x2c,
    0x1d, 0xa0, 0x12, 0x42, 0x8b, 0x2, 0x9e, 0x92,
    0x0, 0xbf, 0x8b, 0x2, 0x8b, 0x42, 0x10, 0x9f,
    0x20, 0x28, 0x9c, 0xb, 0x51, 0x7e, 0x0, 0x7a,
    0xf6, 0x16, 0x0, 0x2d, 0x9f, 0x95, 0x34, 0x18,
    0xa1, 0x17, 0x34, 0x95, 0x6, 0x62, 0x6e, 0x2,
    0x89, 0x93, 0x75, 0x0, 0x0, 0x0, 0x7a, 0x8a,
    0x22, 0x9f, 0xf, 0x42, 0x8b, 0x2, 0x71, 0x5e,
    0x5, 0x94, 0x5b, 0xa6, 0x2, 0x0, 0x0, 0x0,
    0x0, 0x91, 0xca, 0x9, 0x51, 0x7e, 0x1, 0x81,
    0x4e, 0xa, 0x9b, 0x3e, 0xae, 0x10, 0x0, 0x0,
    0x0, 0x0, 0x0, 0x2, 0x95, 0xa1, 0x6e, 0x3,
    0x8e, 0x3e, 0x11, 0x9f, 0x33, 0xa9, 0x19, 0x0,
    0x0, 0x0, 0x0, 0x0, 0x0, 0x0, 0x1, 0xa4,
    0x5a, 0x98, 0x30, 0x1a, 0xa0, 0x35, 0xa8, 0x17,
    0x0, 0x0, 0x0, 0x0, 0x0, 0x0, 0x0, 0x0,
    0x0, 0x0, 0x92, 0x96, 0x25, 0x9e, 0x44, 0xa2,
    0xe, 0x0, 0x0, 0x0, 0x0, 0x0, 0x0, 0x0,
    0x0, 0x0, 0x0, 0x0, 0x0, 0x51, 0xff, 0x6e,
    0x89, 0x3, 0x0, 0x0, 0x0, 0x0, 0x0, 0x0,
    0x0, 0x0, 0x0, 0x0, 0x0, 0x0, 0x0, 0x0,
    0x29, 0x56, 0x0, 0x0, 0x0, 0x0, 0x0, 0x0,
    0x0, 0x0,

    /* U+1F49D "💝" */
    0x0, 0x0, 0x8, 0x5c, 0x90, 0x94, 0x61, 0xd,
    0x0, 0x0, 0x0, 0x1c, 0x74, 0x98, 0x85, 0x36,
    0x0, 0x0, 0x0, 0x28, 0xae, 0x4c, 0xf, 0xc,
    0x44, 0xa6, 0x4a, 0x0, 0x64, 0x92, 0x30, 0x8,
    0x1e, 0x83, 0x8b, 0x0, 0x4, 0xaf, 0xc, 0x0,
    0x0, 0x0, 0x0, 0x0, 0x87, 0x79, 0x5f, 0x0,
    0x0, 0x0, 0x0, 0x0, 0x65, 0x5e, 0x4c, 0x5a,
    0x0, 0x0, 0x0, 0x21, 0xb4, 0x53, 0x2, 0x89,
    0x0, 0x0, 0x0, 0x0, 0x0, 0x0, 0x1, 0xa9,
    0x90, 0x92, 0x19, 0x0, 0x0, 0x77, 0xc5, 0xf8,
    0x29, 0x1, 0x0, 0x0, 0x0, 0x0, 0x0, 0x0,
    0x0, 0xa0, 0xea, 0xc1, 0xf4, 0x6d, 0x44, 0x93,
    0xfe, 0xff, 0x96, 0x0, 0x0, 0x0, 0x0, 0x0,
    0x0, 0x0, 0x0, 0x9d, 0xb2, 0x95, 0xff, 0xff,
    0xc1, 0xc3, 0xea, 0xff, 0xff, 0xec, 0xec, 0xec,
    0xec, 0xec, 0xec, 0xec, 0xec, 0xf6, 0x99, 0x9c,
    0xff, 0xff, 0xd4, 0xff, 0xff, 0xff, 0xff, 0xff,
    0xff, 0xff, 0xff, 0xff, 0xff, 0xff, 0xff, 0x79,
    0x59, 0xfe, 0xff, 0xff, 0xff, 0xff, 0xf9, 0xa9,
    0x6c, 0x44, 0x44, 0x44, 0x44, 0x44, 0x44, 0x44,
    0xd6, 0xa, 0x3, 0xaf, 0xff, 0xff, 0xdc, 0xb1,
    0xff, 0xdd, 0x5b, 0x0, 0x0, 0x0, 0x0, 0x0,
    0x0, 0x53, 0x53, 0x0, 0x0, 0x0, 0x3e, 0xff,
    0xc9, 0x7, 0xab, 0xff, 0x17, 0x0, 0x0, 0x0,
    0x0, 0x0, 0x26, 0x86, 0x0, 0x0, 0x0, 0x0,
    0x57, 0xff, 0xff, 0x3, 0x0, 0x60, 0xf, 0x0,
    0x0, 0x0, 0x0, 0x14, 0x92, 0x5, 0x0, 0x0,
    0x0, 0x0, 0x0, 0x22, 0x72, 0xa0, 0x5, 0x0,
    0x0, 0x0, 0x0, 0x0, 0x17, 0x93, 0xb, 0x0,
    0x0, 0x0, 0x0, 0x0, 0x0, 0x0, 0x0, 0x46,
    0xac, 0xb, 0x0, 0x0, 0x0, 0x1d, 0x8d, 0xa,
    0x0, 0x0, 0x0, 0x0, 0x0, 0x0, 0x0, 0x0,
    0x0, 0x0, 0x36, 0xba, 0x22, 0x0, 0x38, 0x83,
    0x4, 0x0, 0x0, 0x0, 0x0, 0x0, 0x0, 0x0,
    0x0, 0x0, 0x0, 0x0, 0x0, 0x1c, 0xb9, 0x80,
    0x69, 0x0, 0x0, 0x0, 0x0, 0x0, 0x0, 0x0,
    0x0, 0x0, 0x0, 0x0, 0x0, 0x0, 0x0, 0x0,
    0x8, 0x34, 0x0, 0x0, 0x0, 0x0, 0x0, 0x0,
    0x0, 0x0,

    /* U+1F49E "💞" */
    0x0, 0x0, 0x0, 0x0, 0x0, 0x0, 0x0, 0x0,
    0x0, 0x4a, 0x8f, 0x53, 0x0, 0x61, 0x8f, 0x3b,
    0x0, 0x0, 0x0, 0x0, 0x0, 0x6, 0x50, 0x63,
    0x51, 0x47, 0x77, 0x8, 0x53, 0xb3, 0x43, 0x8,
    0x88, 0x31, 0x0, 0x0, 0x0, 0x4c, 0x66, 0x15,
    0x0, 0x0, 0x8e, 0xc, 0x0, 0x0, 0x1d, 0x0,
    0x0, 0x28, 0x71, 0x0, 0x0, 0x5a, 0x2f, 0x7,
    0x3d, 0x58, 0x51, 0x61, 0x3b, 0x0, 0x0, 0x0,
    0x0, 0x0, 0x58, 0x45, 0x0, 0x32, 0x50, 0x6a,
    0x62, 0x27, 0xb, 0x1, 0x7, 0x9e, 0x4, 0x0,
    0x0, 0x0, 0xd, 0x9f, 0x1, 0x0, 0x7e, 0x70,
    0x6, 0x0, 0x0, 0x0, 0x0, 0x0, 0x2f, 0x95,
    0x3, 0x0, 0x8, 0xa0, 0x1e, 0x0, 0x0, 0x6e,
    0x1, 0x0, 0x0, 0x0, 0x0, 0x0, 0x0, 0x0,
    0x31, 0x9f, 0x24, 0xa4, 0x23, 0x8a, 0x0, 0xa,
    0x89, 0xa2, 0x92, 0x1e, 0x14, 0x8b, 0xa0, 0x97,
    0x16, 0x0, 0x1d, 0x96, 0x13, 0x2a, 0x8d, 0x0,
    0x99, 0x36, 0x0, 0x10, 0x9a, 0xa0, 0x1b, 0x0,
    0x21, 0xae, 0x0, 0x0, 0x0, 0x2, 0x74, 0x58,
    0x0, 0xa5, 0x0, 0x0, 0x0, 0x16, 0x24, 0x0,
    0x0, 0x0, 0x8e, 0x1a, 0x0, 0x6, 0x74, 0x22,
    0x45, 0x0, 0x9f, 0x0, 0x0, 0x0, 0x0, 0x0,
    0x0, 0x0, 0x0, 0x90, 0x29, 0x66, 0x69, 0xe,
    0x5a, 0x7, 0x0, 0x96, 0x10, 0x0, 0x0, 0x0,
    0x0, 0x0, 0x0, 0x3, 0xa7, 0x0, 0x0, 0x0,
    0xc, 0x58, 0x0, 0x0, 0x23, 0x8d, 0x0, 0x0,
    0x0, 0x0, 0x0, 0x0, 0x73, 0x42, 0x0, 0x0,
    0x4, 0x75, 0x5, 0x0, 0x0, 0x0, 0x58, 0x63,
    0x0, 0x0, 0x0, 0x0, 0x45, 0x79, 0x0, 0x0,
    0x28, 0x75, 0xc, 0x0, 0x0, 0x0, 0x0, 0x0,
    0x65, 0x62, 0x0, 0x0, 0x46, 0x82, 0x40, 0x6a,
    0x6c, 0x4b, 0x0, 0x0, 0x0, 0x0, 0x0, 0x0,
    0x0, 0x0, 0x56, 0x79, 0x61, 0x72, 0x0, 0x0,
    0x0, 0x0, 0x0, 0x0, 0x0, 0x0, 0x0, 0x0,
    0x0, 0x0, 0x0, 0x0, 0x36, 0x4e, 0x0, 0x0,
    0x0, 0x0, 0x0, 0x0, 0x0, 0x0, 0x0, 0x0,
    0x0,

    /* U+1F4A1 "💡" */
    0x0, 0x0, 0x4, 0x4f, 0x8b, 0x99, 0x7b, 0x2d,
    0x0, 0x0, 0x0, 0x0, 0x30, 0xad, 0x59, 0x15,
    0x6, 0x29, 0x81, 0x99, 0xa, 0x0, 0x20, 0xa4,
    0x7, 0x0, 0x0, 0x0, 0x0, 0x0, 0x30, 0xa1,
    0x0, 0x99, 0x16, 0x0, 0x0, 0x0, 0x0, 0x0,
    0x0, 0x0, 0x6c, 0x42, 0xa2, 0x0, 0x0, 0x81,
    0x6e, 0x84, 0x61, 0x54, 0x0, 0x17, 0x8a, 0xa0,
    0x0, 0x0, 0x7a, 0x8e, 0x62, 0x65, 0x5a, 0x0,
    0x7, 0x99, 0xac, 0x1, 0x0, 0x82, 0x30, 0x89,
    0x7f, 0x1d, 0x0, 0x3b, 0x72, 0x5d, 0x63, 0x0,
    0x66, 0x7f, 0x86, 0x8a, 0x33, 0x0, 0xa9, 0x13,
    0x1, 0xad, 0x10, 0x5f, 0xe, 0x0, 0x44, 0x3a,
    0x47, 0x76, 0x0, 0x0, 0x32, 0x78, 0x3, 0x64,
    0xa, 0x60, 0x0, 0xa5, 0x5, 0x0, 0x0, 0x1,
    0xa1, 0x0, 0x61, 0xc, 0x54, 0x0, 0xa4, 0x0,
    0x0, 0x0, 0x0, 0xff, 0x86, 0xc5, 0x5a, 0xca,
    0xc3, 0xcb, 0x0, 0x0, 0x0, 0x0, 0x8a, 0x99,
    0xbb, 0xc5, 0xb7, 0xe6, 0x2e, 0x0, 0x0, 0x0,
    0x0, 0x2d, 0xa5, 0x47, 0x6e, 0x7b, 0xe7, 0x0,
    0x0, 0x0, 0x0, 0x0, 0x2, 0xd2, 0x33, 0x43,
    0x6e, 0xa5, 0x0, 0x0, 0x0, 0x0, 0x0, 0x0,
    0x7a, 0xe3, 0xe7, 0xe1, 0x2e, 0x0, 0x0, 0x0,
    0x0, 0x0, 0x0, 0x0, 0x6f, 0x9c, 0x2f, 0x0,
    0x0, 0x0, 0x0,

    /* U+1F4AA "💪" */
    0x0, 0x0, 0x0, 0x0, 0x0, 0x6, 0x59, 0x92,
    0x60, 0x0, 0x0, 0x0, 0x0, 0x0, 0x0, 0x0,
    0x0, 0x0, 0x0, 0x0, 0x0, 0x2f, 0xac, 0x4f,
    0xd, 0x7e, 0x40, 0x0, 0x0, 0x0, 0x0, 0x0,
    0x0, 0x0, 0x0, 0x0, 0x0, 0x34, 0xa0, 0x8,
    0x38, 0x91, 0x6, 0xa1, 0x0, 0x0, 0x0, 0x0,
    0x0, 0x0, 0x0, 0x0, 0x0, 0x15, 0xa8, 0x5,
    0x1, 0x8b, 0x5a, 0x48, 0xba, 0x0, 0x0, 0x0,
    0x0, 0x0, 0x0, 0x0, 0x0, 0x0, 0x97, 0x1c,
    0x2, 0xa4, 0x2b, 0x69, 0xff, 0x33, 0x0, 0x0,
    0x0, 0x0, 0x0, 0x0, 0x0, 0x0, 0x2c, 0x80,
    0x0, 0x0, 0xad, 0x87, 0x9a, 0x5e, 0x0, 0x0,
    0x0, 0x0, 0x0, 0x0, 0x0, 0x0, 0x0, 0x9d,
    0x11, 0x0, 0x0, 0x8c, 0x0, 0x0, 0x0, 0x0,
    0x0, 0x0, 0x0, 0x0, 0x0, 0x0, 0x0, 0xf,
    0x93, 0x0, 0x0, 0x12, 0x7a, 0x0, 0x0, 0x0,
    0x0, 0x0, 0x0, 0x0, 0x0, 0x0, 0x0, 0x0,
    0x59, 0x4c, 0x0, 0x0, 0x9, 0x82, 0x0, 0x0,
    0x28, 0x9d, 0xa4, 0xa0, 0xa5, 0x72, 0x6, 0x0,
    0x0, 0x9c, 0x9, 0x0, 0x0, 0xd, 0x82, 0x0,
    0x62, 0x93, 0x14, 0x0, 0x0, 0x0, 0x51, 0xad,
    0xe, 0x0, 0xa2, 0x0, 0x0, 0x0, 0x3b, 0xd2,
    0xa8, 0x7e, 0x0, 0x0, 0x0, 0x0, 0x0, 0x0,
    0x2a, 0x8f, 0x0, 0xa0, 0x0, 0x0, 0x0, 0x98,
    0x3b, 0x3, 0x0, 0x0, 0x0, 0x0, 0x0, 0x0,
    0x0, 0x0, 0xa4, 0x0, 0x9f, 0x0, 0x0, 0xc,
    0x97, 0x0, 0x34, 0x57, 0x0, 0x0, 0x0, 0x0,
    0x0, 0x0, 0x0, 0x98, 0x8, 0xa3, 0x0, 0x0,
    0xc, 0x94, 0x0, 0x2, 0xa7, 0x38, 0x0, 0x0,
    0x0, 0x2f, 0x96, 0x0, 0xa7, 0x0, 0x95, 0x25,
    0x0, 0x0, 0x13, 0x0, 0x0, 0xc, 0x86, 0xa2,
    0x9f, 0x9e, 0x80, 0xd, 0x47, 0x81, 0x0, 0x17,
    0xb2, 0x77, 0x37, 0x15, 0x4, 0x0, 0x0, 0x0,
    0x0, 0x1, 0xf, 0x3c, 0x8c, 0x8c, 0x3, 0x0,
    0x0, 0x0, 0x33, 0x6b, 0x89, 0x9a, 0x9f, 0x9f,
    0xa0, 0xa0, 0x9e, 0x90, 0x65, 0x1f, 0x0, 0x0,
    0x0,

    /* U+1F4AF "💯" */
    0x0, 0x0, 0x0, 0x0, 0x6, 0x62, 0x30, 0x0,
    0x0, 0x0, 0x0, 0x0, 0x1, 0x14, 0x1c, 0x1,
    0x0, 0x0, 0x0, 0x0, 0x8, 0x6c, 0xe3, 0xfc,
    0x1b, 0x22, 0x9f, 0x34, 0x59, 0xb2, 0xeb, 0xf4,
    0xff, 0xe6, 0x38, 0x0, 0x0, 0x66, 0xe4, 0xb3,
    0xc2, 0xae, 0x1f, 0xdf, 0x48, 0x74, 0xff, 0x53,
    0x34, 0xd7, 0x32, 0x7c, 0xc0, 0x0, 0x0, 0x5f,
    0x1d, 0x4, 0xe8, 0x44, 0xaf, 0x79, 0x0, 0x48,
    0xd3, 0x0, 0xbd, 0x5c, 0x0, 0x2e, 0xe9, 0x0,
    0x0, 0x0, 0x0, 0x52, 0xdb, 0x22, 0xed, 0x8,
    0x0, 0x5b, 0xbf, 0x24, 0xf5, 0x9, 0x0, 0x3c,
    0xde, 0x0, 0x0, 0x0, 0x0, 0xb3, 0x74, 0x75,
    0xab, 0x0, 0x0, 0x74, 0xa6, 0x66, 0xba, 0x0,
    0x0, 0x55, 0xc2, 0x0, 0x0, 0x0, 0x13, 0xf3,
    0x14, 0x9f, 0x7f, 0x0, 0x0, 0xb3, 0x6d, 0x88,
    0x9d, 0x0, 0x0, 0x97, 0x87, 0x0, 0x0, 0x0,
    0x68, 0xa8, 0x0, 0xa3, 0x73, 0x0, 0x11, 0xf3,
    0x1c, 0x8b, 0x8d, 0x0, 0x7, 0xe7, 0x2e, 0x0,
    0x0, 0x0, 0xb8, 0x43, 0x0, 0x78, 0xb9, 0x15,
    0xac, 0xa0, 0x0, 0x62, 0xc2, 0x7, 0x95, 0xb5,
    0x0, 0x0, 0x0, 0x5, 0xd6, 0x1, 0x0, 0x12,
    0xc0, 0xee, 0x9a, 0x8, 0x0, 0xa, 0xbe, 0xfa,
    0xb4, 0x10, 0x0, 0x0, 0x0, 0x2c, 0x84, 0x0,
    0x0, 0x0, 0x0, 0x0, 0x0, 0x0, 0x0, 0x0,
    0xc, 0x21, 0x18, 0x0, 0x0, 0x0, 0x0, 0x11,
    0x16, 0x0, 0x0, 0x22, 0x50, 0x78, 0x9e, 0xbe,
    0xca, 0xb3, 0x91, 0x65, 0x2c, 0x0, 0x0, 0x0,
    0x0, 0x0, 0x0, 0x15, 0xe0, 0xf8, 0xc4, 0x89,
    0x54, 0x1f, 0x0, 0x0, 0xc, 0x3b, 0x69, 0x8a,
    0x7e, 0x2e, 0x0, 0x0, 0x0, 0x1, 0x32, 0x8,
    0x0, 0x4, 0x33, 0x6b, 0xa2, 0xb4, 0x9b, 0x66,
    0x2f, 0x4, 0x0, 0x0, 0x0, 0x0, 0x0, 0x8,
    0x40, 0x7f, 0xbc, 0xe6, 0xac, 0x65, 0x1e, 0x0,
    0x0, 0x0, 0x0, 0x0, 0x0, 0x0, 0x5, 0x71,
    0xbe, 0xf7, 0xd5, 0x8b, 0x40, 0x4, 0x0, 0x0,
    0x0, 0x0, 0x0, 0x0, 0x0, 0x0, 0x0, 0x0,
    0x14, 0x9c, 0x68, 0x1e, 0x0, 0x0, 0x0, 0x0,
    0x0, 0x0, 0x0, 0x0, 0x0, 0x0, 0x0, 0x0,
    0x0, 0x0,

    /* U+1F4B0 "💰" */
    0x0, 0x0, 0x0, 0x0, 0x0, 0x0, 0x0, 0x0,
    0x0, 0x1, 0x53, 0x70, 0x1b, 0x0, 0x0, 0x0,
    0x0, 0x0, 0x0, 0x0, 0x0, 0x0, 0x81, 0x8d,
    0xd0, 0x4e, 0x26, 0xb2, 0x0, 0x0, 0x0, 0x0,
    0x0, 0x0, 0x0, 0x0, 0x0, 0x99, 0x10, 0x88,
    0x0, 0x0, 0xa1, 0x5, 0x0, 0x0, 0x0, 0x0,
    0x0, 0x0, 0x0, 0x0, 0x96, 0x7, 0x10, 0x0,
    0x0, 0x4a, 0x5d, 0x0, 0x0, 0x0, 0x0, 0x0,
    0x0, 0x0, 0x4, 0xdd, 0xec, 0xc8, 0x54, 0x3a,
    0xa9, 0x27, 0x0, 0x0, 0x0, 0x0, 0x2, 0x56,
    0x8f, 0x87, 0x7a, 0x92, 0xcd, 0xff, 0x6f, 0x10,
    0x0, 0x0, 0x0, 0x0, 0x2a, 0x97, 0x42, 0x0,
    0x0, 0x11, 0x45, 0x0, 0x65, 0x7a, 0x0, 0x0,
    0x0, 0x0, 0x36, 0x8c, 0x3, 0x0, 0x38, 0xb2,
    0xdf, 0xb9, 0x0, 0x0, 0x9a, 0x10, 0x0, 0x0,
    0xd, 0xa2, 0x2, 0x0, 0x0, 0xda, 0x4b, 0xe,
    0x9e, 0x6a, 0x38, 0x77, 0x50, 0x0, 0x0, 0x7b,
    0x2b, 0x0, 0x0, 0x0, 0xb9, 0x8d, 0x3, 0xa,
    0xb, 0xe, 0x74, 0x92, 0x0, 0x0, 0xa1, 0x0,
    0x0, 0x0, 0x0, 0xc, 0x95, 0xc5, 0x18, 0x0,
    0x0, 0x0, 0x39, 0x79, 0x0, 0x9f, 0x0, 0x0,
    0x0, 0x54, 0x7, 0x0, 0x5d, 0xa7, 0x0, 0x0,
    0x0, 0x0, 0x8a, 0x18, 0xa1, 0x0, 0x0, 0x0,
    0xa0, 0x88, 0xe, 0x53, 0xad, 0x0, 0x0, 0x0,
    0x0, 0x4c, 0x52, 0xa5, 0xb, 0x0, 0x0, 0x4,
    0xff, 0xf6, 0xa5, 0x1f, 0x0, 0x0, 0x0, 0x0,
    0x69, 0x3d, 0x33, 0xa2, 0x7, 0x0, 0x0, 0x85,
    0x8, 0x0, 0x0, 0x0, 0x0, 0x0, 0x32, 0xa8,
    0x2, 0x0, 0x36, 0xaa, 0x73, 0x2f, 0x8, 0x0,
    0x0, 0x3, 0x1f, 0x53, 0x9a, 0x87, 0x8, 0x0,
    0x0, 0x0, 0x0, 0x2e, 0x6c, 0x90, 0x97, 0x97,
    0x94, 0x7c, 0x4a, 0xb, 0x0, 0x0, 0x0,

    /* U+1F4BA "💺" */
    0x0, 0x1d, 0x8d, 0x8c, 0x8e, 0x93, 0x93, 0x7e,
    0x2, 0x0, 0x0, 0x0, 0x0, 0x0, 0x0, 0x9c,
    0x96, 0x71, 0x3, 0x0, 0x0, 0x67, 0x4a, 0x0,
    0x0, 0x0, 0x0, 0x0, 0x0, 0x99, 0x20, 0x86,
    0x0, 0x0, 0x0, 0x28, 0x78, 0x0, 0x0, 0x0,
    0x0, 0x0, 0x1, 0x9e, 0x21, 0x8e, 0x1f, 0x37,
    0x4f, 0xbd, 0x3b, 0x0, 0x0, 0x0, 0x0, 0x0,
    0x3, 0x9c, 0xa1, 0xf0, 0x7b, 0x63, 0x4b, 0xac,
    0x1c, 0x0, 0x0, 0x0, 0x0, 0x0, 0x0, 0x9e,
    0x3e, 0x7b, 0x0, 0x0, 0x0, 0x5c, 0x56, 0x0,
    0x0, 0x0, 0x0, 0x0, 0x0, 0x9f, 0x13, 0x94,
    0x0, 0x0, 0x0, 0x6, 0xbf, 0x3b, 0x2b, 0x1a,
    0x1, 0x0, 0x0, 0x98, 0x7, 0x9b, 0x0, 0x0,
    0x0, 0x0, 0x6a, 0xff, 0xff, 0xff, 0xf8, 0x84,
    0x0, 0xb1, 0xdf, 0xff, 0x84, 0x51, 0x15, 0xa,
    0x55, 0xff, 0xb0, 0x53, 0x25, 0x8, 0x0, 0x88,
    0xfc, 0xe6, 0xf6, 0xff, 0xff, 0x81, 0x55, 0x39,
    0x32, 0x62, 0xa5, 0x0, 0x0, 0x50, 0xff, 0x90,
    0x80, 0x69, 0x3b, 0x0, 0x0, 0x0, 0x0, 0x0,
    0x9e, 0x0, 0x0, 0xe, 0xfa, 0xc1, 0x79, 0x71,
    0x5e, 0x7d, 0x0, 0x0, 0x0, 0x2d, 0xbf, 0x0,
    0x0, 0x0, 0xa0, 0xff, 0xff, 0xff, 0xb0, 0x8d,
    0x38, 0x89, 0xff, 0xac, 0x2b, 0x0, 0x0, 0x0,
    0x0, 0x28, 0xff, 0xbd, 0xd5, 0xed, 0x9a, 0x8a,
    0xff, 0xcf, 0x7d, 0x1e, 0x0, 0x0, 0x0, 0x0,
    0xac, 0x10, 0x0, 0x0, 0x0, 0x0, 0x8, 0x32,
    0x5f, 0x28, 0x0, 0x0, 0x6d, 0xf1, 0xff, 0xb1,
    0x4a, 0x0, 0x0, 0x0, 0x0, 0x0, 0x0, 0x0,
    0x0, 0x0, 0x0, 0x2, 0x2a, 0x5c, 0x8a, 0xe,
    0x0, 0x0, 0x0, 0x0, 0x0, 0x0,

    /* U+1F4BB "💻" */
    0x0, 0x0, 0x86, 0x9c, 0x9c, 0x9c, 0x9c, 0x9c,
    0x9c, 0x9c, 0x9c, 0x9c, 0x9c, 0x9c, 0x9c, 0x99,
    0x0, 0x0, 0x0, 0x0, 0xa0, 0x4, 0x4, 0x4,
    0x4, 0x4, 0x4, 0x4, 0x4, 0x4, 0x4, 0x4,
    0x4, 0xa1, 0x0, 0x0, 0x0, 0x0, 0xa0, 0x13,
    0xf4, 0xf4, 0xf4, 0xf4, 0xf4, 0xf4, 0xf4, 0xf4,
    0xf4, 0xf4, 0x6a, 0xa0, 0x0, 0x0, 0x0, 0x0,
    0xa0, 0x14, 0xff, 0xff, 0xff, 0xff, 0xff, 0xff,
    0xff, 0xff, 0xff, 0xff, 0x70, 0xa0, 0x0, 0x0,
    0x0, 0x0, 0xa0, 0x14, 0xff, 0xff, 0xff, 0xff,
    0xff, 0xff, 0xff, 0xff, 0xff, 0xff, 0x70, 0xa0,
    0x0, 0x0, 0x0, 0x0, 0xa0, 0x14, 0xff, 0xff,
    0xff, 0xff, 0xff, 0xff, 0xff, 0xff, 0xff, 0xff,
    0x70, 0xa0, 0x0, 0x0, 0x0, 0x0, 0xa0, 0x14,
    0xff, 0xff, 0xff, 0xff, 0xff, 0xff, 0xff, 0xff,
    0xff, 0xff, 0x70, 0xa0, 0x0, 0x0, 0x0, 0x0,
    0xa0, 0x14, 0xff, 0xff, 0xff, 0xff, 0xff, 0xff,
    0xff, 0xff, 0xff, 0xff, 0x70, 0xa0, 0x0, 0x0,
    0x0, 0x0, 0xa0, 0x3, 0x2c, 0x2c, 0x2c, 0x2c,
    0x2c, 0x2c, 0x2c, 0x2c, 0x2c, 0x2c, 0x13, 0xa0,
    0x0, 0x0, 0x0, 0xa, 0xd1, 0x94, 0x94, 0x94,
    0x94, 0x94, 0x94, 0x94, 0x94, 0x94, 0x94, 0x94,
    0x94, 0xd4, 0x1a, 0x0, 0x0, 0x7e, 0x14, 0x6c,
    0x3c, 0x41, 0x51, 0x4e, 0x43, 0x49, 0x51, 0x4e,
    0x3f, 0x4d, 0x5d, 0x14, 0x99, 0x0, 0x18, 0xa0,
    0x7d, 0x82, 0x53, 0x61, 0x4e, 0x5e, 0x6d, 0x4e,
    0x7f, 0x5f, 0x3b, 0x8b, 0x6b, 0x8c, 0x85, 0x30,
    0x99, 0x88, 0x38, 0x64, 0x3f, 0x6e, 0x3e, 0x38,
    0x38, 0x38, 0x38, 0x38, 0x62, 0x4b, 0x61, 0x38,
    0x70, 0xbc, 0xd4, 0x44, 0x44, 0x44, 0x44, 0x44,
    0x44, 0x44, 0x44, 0x44, 0x44, 0x44, 0x44, 0x44,
    0x44, 0x44, 0x44, 0xde, 0x69, 0xa0, 0xa0, 0xa0,
    0xa0, 0xa0, 0xa0, 0xa0, 0xa0, 0xa0, 0xa0, 0xa0,
    0xa0, 0xa0, 0xa0, 0xa0, 0xa0, 0x7f,

    /* U+1F4C5 "📅" */
    0x43, 0x6c, 0x37, 0x66, 0x6c, 0x6c, 0x6c, 0x6c,
    0x6c, 0x6c, 0x6c, 0x6c, 0x6c, 0x32, 0x6c, 0x5b,
    0xa0, 0xff, 0x54, 0xbe, 0xff, 0xff, 0xff, 0xff,
    0xfd, 0xfc, 0xff, 0xff, 0xe9, 0x37, 0xf3, 0xd8,
    0xa0, 0xff, 0x50, 0xa9, 0xff, 0x9b, 0xf4, 0xf7,
    0xcd, 0xb6, 0xfa, 0xf5, 0xd7, 0x39, 0xeb, 0xd8,
    0xa0, 0xff, 0xff, 0xff, 0xff, 0x84, 0x88, 0xa8,
    0xb0, 0xaa, 0x9f, 0x93, 0xff, 0xff, 0xff, 0xd8,
    0xa0, 0xff, 0xff, 0xfc, 0xae, 0x92, 0x85, 0x7c,
    0xb7, 0xae, 0x83, 0xc4, 0xff, 0xff, 0xff, 0xd8,
    0xa0, 0xff, 0xff, 0xff, 0xf5, 0xfe, 0xfc, 0xf9,
    0xff, 0xf0, 0x99, 0xff, 0xff, 0xff, 0xff, 0xd8,
    0xa0, 0xf4, 0xf4, 0xf4, 0xf4, 0xf4, 0xf4, 0xf4,
    0xf4, 0xf4, 0xf4, 0xf4, 0xf4, 0xf4, 0xf4, 0xd5,
    0xa0, 0x0, 0x0, 0x0, 0x0, 0x0, 0x0, 0x0,
    0x0, 0x0, 0x0, 0x0, 0x0, 0x0, 0x0, 0xa0,
    0xa0, 0x0, 0x0, 0x0, 0x2a, 0x8c, 0x41, 0x0,
    0x3f, 0xa8, 0xa8, 0xa8, 0x30, 0x0, 0x0, 0xa0,
    0xa0, 0x0, 0x0, 0x0, 0x5c, 0xd4, 0x64, 0x0,
    0xa, 0x1c, 0x26, 0xc1, 0x8, 0x0, 0x0, 0xa0,
    0xa0, 0x0, 0x0, 0x0, 0x0, 0x88, 0x64, 0x0,
    0x0, 0x0, 0x7c, 0x51, 0x0, 0x0, 0x0, 0xa0,
    0xa0, 0x0, 0x0, 0x0, 0x0, 0x88, 0x64, 0x0,
    0x0, 0x0, 0xd1, 0xa, 0x0, 0x0, 0x0, 0xa0,
    0xa0, 0x0, 0x0, 0x0, 0x0, 0x88, 0x64, 0x0,
    0x0, 0x18, 0xcc, 0x0, 0x0, 0x0, 0x0, 0xa0,
    0xa0, 0x0, 0x0, 0x0, 0x89, 0xda, 0xcf, 0x58,
    0x0, 0x35, 0xb5, 0x0, 0x0, 0x0, 0x0, 0xa0,
    0xa0, 0x0, 0x0, 0x0, 0xc, 0x10, 0x10, 0x8,
    0x0, 0x4, 0xa, 0x0, 0x0, 0x0, 0x0, 0xa0,
    0xa0, 0x0, 0x0, 0x0, 0x0, 0x0, 0x0, 0x0,
    0x0, 0x0, 0x0, 0x0, 0x0, 0x0, 0x0, 0xa0,
    0x69, 0xa0, 0xa0, 0xa0, 0xa0, 0xa0, 0xa0, 0xa0,
    0xa0, 0xa0, 0xa0, 0xa0, 0xa0, 0xa0, 0xa0, 0x8c,

    /* U+1F4C8 "📈" */
    0x79, 0x68, 0x97, 0x68, 0x68, 0x95, 0x68, 0x68,
    0x95, 0x68, 0x95, 0x68, 0x68, 0x95, 0x68, 0x89,
    0x1b, 0x6c, 0x0, 0x6c, 0x0, 0x0, 0x6c, 0x0,
    0x0, 0x6c, 0x0, 0x6c, 0x0, 0x0, 0x6c, 0x6,
    0xf4, 0x3f, 0x6c, 0x0, 0x6c, 0x0, 0x0, 0x6c,
    0x0, 0x0, 0x6c, 0x0, 0x6c, 0x0, 0x0, 0x6c,
    0x8e, 0x88, 0x2c, 0xbd, 0x68, 0xd4, 0x68, 0x68,
    0xd4, 0x68, 0x68, 0xd4, 0x68, 0xd4, 0x68, 0x68,
    0xff, 0xf4, 0xa4, 0x2d, 0x6c, 0x0, 0x6c, 0x0,
    0x0, 0x6c, 0x0, 0x0, 0x6c, 0x0, 0x6c, 0x0,
    0x1a, 0xff, 0x6, 0x3c, 0x2c, 0xbe, 0x68, 0xd4,
    0x68, 0x68, 0xd4, 0x68, 0x68, 0xd4, 0x68, 0xd4,
    0x6a, 0xff, 0xf7, 0x68, 0xa4, 0x2c, 0x6c, 0x0,
    0x6c, 0x0, 0x0, 0x6c, 0x0, 0x0, 0x6c, 0x0,
    0x6c, 0x7d, 0x58, 0x6c, 0x0, 0x3c, 0x2c, 0x6c,
    0x0, 0x6c, 0x0, 0x0, 0x6c, 0x0, 0x0, 0x6c,
    0x0, 0xa9, 0x97, 0x0, 0x6c, 0x0, 0x3c, 0x2c,
    0xbe, 0x68, 0xd4, 0x68, 0x68, 0xd4, 0x68, 0x68,
    0xd4, 0x7a, 0xff, 0x72, 0x68, 0xd4, 0x68, 0xa4,
    0x2c, 0x6c, 0x0, 0x6c, 0x74, 0x15, 0x6c, 0x0,
    0x0, 0x6c, 0xa7, 0x98, 0x0, 0x0, 0x6c, 0x0,
    0x3c, 0x2c, 0x6c, 0x0, 0x93, 0xb8, 0xbe, 0x88,
    0x0, 0x0, 0xda, 0x65, 0x6c, 0x0, 0x0, 0x6c,
    0x0, 0x3c, 0x2c, 0xc2, 0x6c, 0xff, 0x90, 0x8d,
    0xff, 0x8f, 0x9c, 0xff, 0x6c, 0xd8, 0x6c, 0x6c,
    0xd8, 0x6c, 0xa8, 0x2c, 0x6c, 0x2c, 0xff, 0x0,
    0x0, 0x83, 0xb6, 0xb9, 0x7a, 0x0, 0x6c, 0x0,
    0x0, 0x6c, 0x0, 0x3c, 0x2c, 0xc2, 0xff, 0xf6,
    0x6c, 0x6c, 0xd8, 0x7b, 0x97, 0xd8, 0x6c, 0xd8,
    0x6c, 0x6c, 0xd8, 0x6c, 0xa8, 0x2c, 0x9f, 0x91,
    0x6c, 0x0, 0x0, 0x6c, 0x0, 0x0, 0x6c, 0x0,
    0x6c, 0x0, 0x0, 0x6c, 0x0, 0x3c, 0x2c, 0xff,
    0x18, 0x6c, 0x0, 0x0, 0x6c, 0x0, 0x0, 0x6c,
    0x0, 0x6c, 0x0, 0x0, 0x6c, 0x0, 0x3c, 0x2c,
    0xa2, 0x68, 0x9a, 0x68, 0x68, 0x9a, 0x68, 0x68,
    0x9a, 0x68, 0x9a, 0x68, 0x68, 0x9a, 0x68, 0x76,
    0x1c,

    /* U+1F4C9 "📉" */
    0x90, 0x68, 0x97, 0x68, 0x68, 0x95, 0x68, 0x68,
    0x95, 0x68, 0x95, 0x68, 0x68, 0x95, 0x68, 0x73,
    0x1a, 0xff, 0x11, 0x6c, 0x0, 0x0, 0x6c, 0x0,
    0x0, 0x6c, 0x0, 0x6c, 0x0, 0x0, 0x6c, 0x0,
    0x3c, 0x2c, 0xab, 0x86, 0x6c, 0x0, 0x0, 0x6c,
    0x0, 0x0, 0x6c, 0x0, 0x6c, 0x0, 0x0, 0x6c,
    0x0, 0x3c, 0x2c, 0xbd, 0xff, 0xeb, 0x68, 0x68,
    0xd4, 0x70, 0x88, 0xd4, 0x68, 0xd4, 0x68, 0x68,
    0xd4, 0x68, 0xa4, 0x2d, 0x6c, 0x38, 0xfc, 0x0,
    0x0, 0x7b, 0xb1, 0xb8, 0x75, 0x0, 0x6c, 0x0,
    0x0, 0x6c, 0x0, 0x3c, 0x2c, 0xbe, 0x68, 0xff,
    0x85, 0x7f, 0xff, 0x98, 0xa4, 0xff, 0x68, 0xd4,
    0x68, 0x68, 0xd4, 0x68, 0xa4, 0x2c, 0x6c, 0x0,
    0x9d, 0xae, 0xc0, 0x94, 0x0, 0x0, 0xe8, 0x56,
    0x6c, 0x0, 0x0, 0x6c, 0x0, 0x3c, 0x2c, 0x6c,
    0x0, 0x6c, 0x8a, 0x20, 0x6c, 0x0, 0x0, 0x6e,
    0xae, 0x8d, 0x0, 0x0, 0x6c, 0x0, 0x3c, 0x2c,
    0xbe, 0x68, 0xd4, 0x68, 0x68, 0xd4, 0x68, 0x68,
    0xd4, 0x81, 0xff, 0x6d, 0x68, 0xd4, 0x68, 0xa4,
    0x2c, 0x6c, 0x0, 0x6c, 0x0, 0x0, 0x6c, 0x0,
    0x0, 0x6c, 0x0, 0xb6, 0x8a, 0x0, 0x6c, 0x0,
    0x3c, 0x2c, 0x6c, 0x0, 0x6c, 0x0, 0x0, 0x6c,
    0x0, 0x0, 0x6c, 0x0, 0x6c, 0x8b, 0x49, 0x6c,
    0x0, 0x3c, 0x2c, 0xc2, 0x6c, 0xd8, 0x6c, 0x6c,
    0xd8, 0x6c, 0x6c, 0xd8, 0x6c, 0xd8, 0x71, 0xff,
    0xf1, 0x6c, 0xa8, 0x2c, 0x6c, 0x0, 0x6c, 0x0,
    0x0, 0x6c, 0x0, 0x0, 0x6c, 0x0, 0x6c, 0x0,
    0x23, 0xff, 0x2, 0x3c, 0x2c, 0xc2, 0x6c, 0xd8,
    0x6c, 0x6c, 0xd8, 0x6c, 0x6c, 0xd8, 0x6c, 0xd8,
    0x6c, 0x6c, 0xff, 0xe8, 0xa8, 0x2c, 0x6c, 0x0,
    0x6c, 0x0, 0x0, 0x6c, 0x0, 0x0, 0x6c, 0x0,
    0x6c, 0x0, 0x0, 0x6c, 0x99, 0x79, 0x2c, 0x6c,
    0x0, 0x6c, 0x0, 0x0, 0x6c, 0x0, 0x0, 0x6c,
    0x0, 0x6c, 0x0, 0x0, 0x6c, 0xa, 0xf6, 0x3c,
    0x7e, 0x68, 0x9a, 0x68, 0x68, 0x9a, 0x68, 0x68,
    0x9a, 0x68, 0x9a, 0x68, 0x68, 0x9a, 0x68, 0x96,
    0x1f,

    /* U+1F4CA "📊" */
    0x79, 0x68, 0x68, 0x68, 0x68, 0x68, 0x68, 0x68,
    0x68, 0x68, 0x68, 0x68, 0x68, 0x68, 0x68, 0x73,
    0x1a, 0x6c, 0x0, 0x0, 0x0, 0x0, 0x0, 0x0,
    0x0, 0x0, 0x0, 0x0, 0x0, 0x0, 0x0, 0x0,
    0x3c, 0x2c, 0x6c, 0x0, 0x0, 0x0, 0x0, 0x0,
    0x0, 0x0, 0x0, 0x0, 0x0, 0x0, 0x0, 0x0,
    0x0, 0x3c, 0x2c, 0xbd, 0x68, 0x68, 0x68, 0x68,
    0x68, 0x68, 0x68, 0x68, 0x68, 0x68, 0xb7, 0xff,
    0xff, 0x68, 0xa4, 0x2d, 0x6c, 0x0, 0x0, 0x0,
    0x0, 0x0, 0x0, 0x0, 0x0, 0x0, 0x0, 0x60,
    0xff, 0xec, 0x0, 0x3c, 0x2c, 0xbe, 0x68, 0x68,
    0x68, 0x68, 0x68, 0x68, 0x68, 0x68, 0x68, 0x68,
    0xc8, 0xff, 0xff, 0x68, 0xa4, 0x2c, 0x6c, 0x0,
    0x0, 0x0, 0x0, 0x0, 0x0, 0x0, 0x0, 0x0,
    0x0, 0x60, 0xff, 0xec, 0x0, 0x3c, 0x2c, 0x6c,
    0x0, 0x49, 0xbc, 0xad, 0x0, 0x0, 0x0, 0x0,
    0x0, 0x0, 0x60, 0xff, 0xec, 0x0, 0x3c, 0x2c,
    0xbe, 0x68, 0xcc, 0xff, 0xff, 0x68, 0x68, 0x68,
    0x68, 0x68, 0x68, 0xc8, 0xff, 0xff, 0x68, 0xa4,
    0x2c, 0x6c, 0x0, 0x64, 0xff, 0xec, 0x0, 0x0,
    0x1b, 0x1c, 0x8, 0x0, 0x60, 0xff, 0xec, 0x0,
    0x3c, 0x2c, 0x6c, 0x0, 0x64, 0xff, 0xec, 0x0,
    0x0, 0xfc, 0xff, 0x50, 0x0, 0x60, 0xff, 0xec,
    0x0, 0x3c, 0x2c, 0xc2, 0x6c, 0xd0, 0xff, 0xff,
    0x6c, 0x6c, 0xff, 0xff, 0xbc, 0x6c, 0xcc, 0xff,
    0xff, 0x6c, 0xa8, 0x2c, 0x6c, 0x0, 0x64, 0xff,
    0xec, 0x0, 0x0, 0xfc, 0xff, 0x50, 0x0, 0x60,
    0xff, 0xec, 0x0, 0x3c, 0x2c, 0xc2, 0x6c, 0xd0,
    0xff, 0xff, 0x6c, 0x6c, 0xff, 0xff, 0xbc, 0x6c,
    0xcc, 0xff, 0xff, 0x6c, 0xa8, 0x2c, 0x6c, 0x0,
    0x64, 0xff, 0xec, 0x0, 0x0, 0xfc, 0xff, 0x50,
    0x0, 0x60, 0xff, 0xec, 0x0, 0x3c, 0x2c, 0x6c,
    0x0, 0x64, 0xff, 0xec, 0x0, 0x0, 0xfc, 0xff,
    0x50, 0x0, 0x60, 0xff, 0xec, 0x0, 0x3c, 0x2c,
    0x7f, 0x68, 0x93, 0xd8, 0xcf, 0x68, 0x68, 0xd6,
    0xd8, 0x8b, 0x68, 0x92, 0xd8, 0xcf, 0x68, 0x77,
    0x1c,

    /* U+1F4D6 "📖" */
    0x0, 0x0, 0x0, 0x7, 0x30, 0x5a, 0x7f, 0x8f,
    0x6b, 0x30, 0x82, 0x8d, 0x70, 0x48, 0x1c, 0x0,
    0x0, 0x0, 0x0, 0xa, 0x99, 0xad, 0x9d, 0x6d,
    0x3f, 0x18, 0x8, 0x43, 0xe2, 0x19, 0x8, 0x28,
    0x52, 0x82, 0xa6, 0xd2, 0x32, 0x2, 0xef, 0xff,
    0x2c, 0x3a, 0x69, 0x7b, 0x44, 0x92, 0x0, 0x94,
    0x4f, 0x7d, 0x55, 0x76, 0x4a, 0xa, 0xaa, 0xff,
    0x93, 0xcc, 0xbc, 0x2c, 0x65, 0x38, 0x9, 0x0,
    0x1, 0x0, 0x94, 0x0, 0x0, 0x2, 0x29, 0x60,
    0x1c, 0x94, 0x90, 0x90, 0xcc, 0xbc, 0x2c, 0x6c,
    0x36, 0x8a, 0x35, 0x92, 0x0, 0x94, 0x4f, 0x44,
    0x88, 0x45, 0x6d, 0x17, 0x94, 0x90, 0x90, 0xcc,
    0xbc, 0x2c, 0x23, 0x4f, 0x45, 0x6b, 0x58, 0x0,
    0x94, 0x51, 0x59, 0x37, 0x5b, 0x2f, 0x6, 0x94,
    0x90, 0x90, 0xcc, 0xbc, 0x2c, 0x66, 0x45, 0x16,
    0x9, 0x18, 0x0, 0x94, 0xd, 0x12, 0xa, 0x39,
    0x65, 0x1b, 0x94, 0x90, 0x90, 0xcc, 0xbc, 0x2c,
    0x83, 0x5c, 0x69, 0x40, 0x77, 0x0, 0x94, 0x40,
    0x6c, 0x51, 0x49, 0x8f, 0x1d, 0x94, 0x90, 0x90,
    0xcc, 0xbc, 0x2c, 0xb, 0x1e, 0x5d, 0x3e, 0x90,
    0x0, 0x94, 0x4f, 0x47, 0x69, 0x35, 0x9, 0x1,
    0x94, 0x90, 0x90, 0xcc, 0xbc, 0x2c, 0x7f, 0x26,
    0x36, 0xd, 0x2, 0x0, 0x94, 0x1, 0x2, 0x2a,
    0x39, 0x5f, 0x20, 0x94, 0x90, 0x90, 0xcc, 0xbc,
    0x2c, 0x0, 0x1f, 0x5a, 0x89, 0x84, 0x40, 0x9e,
    0x68, 0x8e, 0x78, 0x41, 0xa, 0x0, 0x94, 0x90,
    0x90, 0xcc, 0xae, 0x9f, 0x99, 0x79, 0x3d, 0xd,
    0x14, 0x62, 0xb4, 0x32, 0x7, 0x1f, 0x59, 0x8f,
    0x98, 0xb6, 0x90, 0x90, 0xcc, 0x7e, 0x3f, 0x4c,
    0x69, 0x88, 0x85, 0x85, 0x8c, 0x2e, 0x97, 0x84,
    0x88, 0x7f, 0x59, 0x46, 0x3c, 0xa0, 0x90, 0xb4,
    0x8b, 0xa9, 0xb2, 0xab, 0x9b, 0x9b, 0x9c, 0xac,
    0xaf, 0xba, 0x98, 0x98, 0x9d, 0xaf, 0xaf, 0x9f,
    0x6d, 0x91, 0x69, 0x54, 0x3e, 0x28, 0x12, 0x0,
    0x0, 0x0, 0x3b, 0x6b, 0x15, 0x0, 0x0, 0x5,
    0x1a, 0x30, 0x46, 0x5c, 0x41,

    /* U+1F4DA "📚" */
    0x0, 0x0, 0x0, 0x0, 0x0, 0x13, 0x80, 0xc0,
    0x7c, 0xb, 0x0, 0x0, 0x0, 0x0, 0x0, 0x0,
    0x0, 0x0, 0x0, 0x0, 0x0, 0x19, 0x83, 0x87,
    0x2a, 0x82, 0xf4, 0xe6, 0x66, 0x3, 0x0, 0x0,
    0x0, 0x0, 0x0, 0x0, 0x0, 0x1f, 0x8b, 0x85,
    0x18, 0x0, 0x0, 0x0, 0x17, 0x95, 0xfa, 0xd5,
    0x4d, 0x0, 0x0, 0x0, 0x0, 0x0, 0x6, 0xed,
    0x45, 0x0, 0x0, 0x0, 0x0, 0x0, 0x0, 0x0,
    0x23, 0xa7, 0xfe, 0xc0, 0x35, 0x0, 0x0, 0x0,
    0x0, 0x5b, 0xb8, 0x99, 0x1e, 0x0, 0x0, 0x0,
    0x0, 0x0, 0x0, 0x0, 0x31, 0xb9, 0xfe, 0xa8,
    0x1f, 0x0, 0x6, 0xca, 0x31, 0x1e, 0x9d, 0x88,
    0x10, 0x0, 0x0, 0x0, 0x0, 0x0, 0x0, 0x3,
    0x98, 0xb9, 0xca, 0x19, 0x0, 0x3d, 0xc5, 0x5e,
    0x0, 0x36, 0xb1, 0x72, 0x6, 0x0, 0x0, 0x7,
    0x63, 0x85, 0x2c, 0x0, 0x95, 0x3b, 0x0, 0x0,
    0x36, 0xff, 0xff, 0x32, 0x0, 0x54, 0xbc, 0x5c,
    0x70, 0x88, 0x27, 0x0, 0x21, 0xad, 0x84, 0x1,
    0x0, 0x12, 0x7b, 0xf8, 0xff, 0xf8, 0x76, 0xe,
    0x6, 0xad, 0x22, 0x0, 0x24, 0x92, 0x87, 0x94,
    0x30, 0x0, 0x0, 0x9e, 0x86, 0x13, 0xe5, 0xfc,
    0x3e, 0x6b, 0x56, 0x8e, 0x27, 0x96, 0xaf, 0x77,
    0x7d, 0xd8, 0x4d, 0x0, 0x0, 0xa, 0xb0, 0x90,
    0x94, 0xff, 0xc7, 0x24, 0x70, 0xff, 0xe7, 0x7d,
    0x46, 0x14, 0x0, 0xb8, 0x55, 0x0, 0x0, 0x87,
    0x74, 0x0, 0x43, 0xff, 0xc1, 0x3e, 0xd, 0x0,
    0x7, 0x33, 0x64, 0x88, 0xdd, 0xff, 0xd0, 0x48,
    0x0, 0x6, 0x6e, 0x8d, 0x1e, 0x10, 0x98, 0x93,
    0xc2, 0x83, 0x7b, 0x6b, 0x96, 0x81, 0x29, 0x0,
    0x40, 0x60, 0x0, 0x0, 0x0, 0xf, 0x80, 0x83,
    0x12, 0x0, 0x56, 0xaa, 0x8a, 0x6d, 0xf, 0x0,
    0x3b, 0xa3, 0x78, 0x1, 0x0, 0x0, 0x0, 0x0,
    0x0, 0x1c, 0x8f, 0x74, 0x9, 0x52, 0x3a, 0x1,
    0x4f, 0xb3, 0x80, 0x11, 0x0, 0x0, 0x0, 0x0,
    0x0, 0x0, 0x0, 0x0, 0x0, 0x2d, 0x9a, 0xb8,
    0x88, 0xc1, 0x78, 0xd, 0x0, 0x0, 0x0, 0x0,
    0x0, 0x0, 0x0, 0x0, 0x0, 0x0, 0x0, 0x0,
    0x0, 0x42, 0x6d, 0x9, 0x0, 0x0, 0x0, 0x0,
    0x0, 0x0,

    /* U+1F4E1 "📡" */
    0x2, 0x67, 0x97, 0x80, 0x3d, 0x1, 0x0, 0x0,
    0x0, 0x0, 0x0, 0x0, 0x32, 0x2, 0x0, 0x0,
    0x75, 0x52, 0x7, 0x20, 0x65, 0xa4, 0x6d, 0x6,
    0x0, 0x0, 0x0, 0x4a, 0xfa, 0x3b, 0x0, 0x0,
    0xf8, 0x22, 0x0, 0x0, 0x0, 0x0, 0x3d, 0xa8,
    0x43, 0x39, 0xa0, 0xff, 0xa9, 0x0, 0x0, 0x0,
    0x9f, 0x9f, 0x0, 0x0, 0x0, 0x0, 0x3, 0x58,
    0xff, 0xff, 0x9b, 0xc1, 0x2f, 0x0, 0x0, 0x0,
    0x27, 0xff, 0x1b, 0x0, 0xd, 0x6f, 0xaa, 0x5a,
    0x4, 0x85, 0xff, 0xb7, 0xf, 0x0, 0x0, 0x0,
    0x0, 0xba, 0xb2, 0x94, 0xa0, 0x3e, 0x0, 0x0,
    0x34, 0x9a, 0x12, 0xff, 0x34, 0x0, 0x0, 0x0,
    0x0, 0x65, 0x69, 0xca, 0x7, 0x0, 0x0, 0x0,
    0x59, 0x8, 0x0, 0xaa, 0xa9, 0x36, 0x0, 0x0,
    0x0, 0x6, 0xa5, 0x32, 0xae, 0x15, 0x0, 0x0,
    0x0, 0x0, 0x0, 0xa1, 0x8, 0xb0, 0x21, 0x0,
    0x0, 0x0, 0x53, 0x57, 0x22, 0xb2, 0x30, 0x0,
    0x0, 0x0, 0x14, 0x8e, 0x0, 0x16, 0xb0, 0x1,
    0x0, 0x0, 0x0, 0x99, 0x5a, 0x83, 0xa7, 0x80,
    0x6, 0x0, 0x34, 0x6e, 0x0, 0x0, 0x6b, 0x4b,
    0x0, 0x0, 0x0, 0xb, 0xf0, 0x54, 0x8a, 0x4a,
    0xb1, 0x48, 0x54, 0x4d, 0x0, 0x0, 0x13, 0x94,
    0x0, 0x0, 0x0, 0x0, 0xa4, 0x3d, 0xee, 0x7b,
    0x2b, 0x69, 0xf1, 0x8e, 0x25, 0x6, 0x4d, 0x7e,
    0x0, 0x0, 0x0, 0x6, 0x9c, 0x0, 0xa0, 0x33,
    0xff, 0xff, 0x9f, 0xd6, 0xff, 0xff, 0xd3, 0x7,
    0x0, 0x0, 0x0, 0x44, 0x8b, 0x0, 0x9b, 0xde,
    0xff, 0xff, 0x51, 0x0, 0x0, 0x0, 0x0, 0x0,
    0x0, 0x0, 0x89, 0x9c, 0x8c, 0x99, 0xca, 0xfb,
    0xe6, 0xa8, 0xa4, 0x88, 0x0, 0x0, 0x0, 0x0,
    0x0, 0x9, 0xc3, 0x6e, 0x2f, 0xb, 0xf, 0x26,
    0x6, 0x23, 0x5e, 0xc3, 0xc, 0x0, 0x0, 0x0,
    0x0, 0x0, 0x2, 0x3a, 0x72, 0x94, 0x9f, 0x9e,
    0x9a, 0x80, 0x4e, 0x8, 0x0, 0x0, 0x0, 0x0,

    /* U+1F4E2 "📢" */
    0x0, 0x0, 0x0, 0x0, 0x0, 0x0, 0x0, 0x0,
    0x0, 0x0, 0x0, 0x0, 0x0, 0x0, 0x34, 0x46,
    0x0, 0x0, 0x0, 0x0, 0x0, 0x0, 0x0, 0x0,
    0x0, 0x0, 0x0, 0x0, 0x0, 0x0, 0x14, 0xba,
    0xff, 0xff, 0x61, 0x0, 0x0, 0x0, 0x0, 0x0,
    0x0, 0x0, 0x0, 0x0, 0x0, 0x1, 0x35, 0x8a,
    0x87, 0xd1, 0xff, 0xff, 0xe5, 0x4, 0x0, 0x0,
    0x1c, 0x6a, 0x74, 0x80, 0x81, 0x8e, 0x9b, 0x9a,
    0x65, 0xf, 0x15, 0xfd, 0xff, 0xff, 0xff, 0x42,
    0x0, 0x26, 0xa3, 0x36, 0x2c, 0xb4, 0x31, 0xe,
    0x0, 0x0, 0x0, 0x0, 0x51, 0xff, 0xff, 0xff,
    0xff, 0x7f, 0x0, 0x98, 0xb, 0x0, 0x0, 0x9b,
    0x0, 0x0, 0x0, 0x0, 0x0, 0x0, 0x77, 0xcf,
    0xf2, 0xff, 0xff, 0xa2, 0x0, 0x9e, 0x0, 0x0,
    0x0, 0x9e, 0x0, 0x0, 0x0, 0x0, 0x0, 0x0,
    0x8b, 0x6, 0x0, 0x2d, 0xfa, 0xb7, 0xa, 0x94,
    0x0, 0x0, 0x0, 0x9f, 0x0, 0x0, 0x0, 0x0,
    0x0, 0x0, 0x9c, 0x0, 0x0, 0x0, 0xdd, 0xc9,
    0x0, 0x9d, 0x0, 0x0, 0x0, 0x9e, 0x0, 0x0,
    0x0, 0x0, 0x0, 0x0, 0x94, 0x15, 0x32, 0x6d,
    0xfe, 0xbf, 0x0, 0x98, 0x9, 0x0, 0x0, 0x9b,
    0x0, 0x0, 0x0, 0x0, 0x0, 0x0, 0x7f, 0xff,
    0xff, 0xff, 0xff, 0xab, 0x0, 0x28, 0xa3, 0x3d,
    0x34, 0xbd, 0x30, 0xe, 0x0, 0x0, 0x0, 0x0,
    0x64, 0xff, 0xff, 0xff, 0xff, 0x92, 0x0, 0x0,
    0x21, 0xff, 0x89, 0x90, 0xff, 0x9a, 0xff, 0x9f,
    0x58, 0x4, 0x2f, 0xff, 0xff, 0xff, 0xff, 0x5f,
    0x0, 0x0, 0x0, 0x57, 0x53, 0x0, 0x85, 0x27,
    0x81, 0x42, 0x4e, 0x9a, 0x6c, 0xe4, 0xff, 0xff,
    0xfc, 0x18, 0x0, 0x0, 0x0, 0xa, 0x9d, 0x0,
    0x16, 0xa7, 0xd8, 0x5, 0x0, 0x0, 0x3d, 0xff,
    0xff, 0xff, 0xa5, 0x0, 0x0, 0x0, 0x0, 0x0,
    0x9d, 0xb, 0x0, 0x0, 0xa1, 0x0, 0x0, 0x0,
    0x0, 0xa, 0xc6, 0xb6, 0x14, 0x0, 0x0, 0x0,
    0x0, 0x0, 0x3e, 0x84, 0x5, 0xb, 0xac, 0x0,
    0x0, 0x0, 0x0, 0x0, 0x0, 0x0, 0x0, 0x0,
    0x0, 0x0, 0x0, 0x0, 0x0, 0x50, 0x94, 0x93,
    0x33, 0x0, 0x0, 0x0, 0x0, 0x0, 0x0, 0x0,
    0x0, 0x0,

    /* U+1F4E3 "📣" */
    0x0, 0x0, 0x0, 0x0, 0x0, 0x0, 0x0, 0x0,
    0x0, 0x0, 0x0, 0x16, 0xd2, 0x95, 0x14, 0x0,
    0x0, 0x0, 0x0, 0x0, 0x0, 0x0, 0x0, 0x0,
    0x0, 0x0, 0x0, 0x0, 0x0, 0x1f, 0xff, 0xff,
    0xff, 0xdb, 0x17, 0x0, 0x0, 0x0, 0x0, 0x0,
    0x0, 0x0, 0x0, 0x0, 0x0, 0x0, 0x0, 0x37,
    0xab, 0xbc, 0xff, 0xff, 0xff, 0xb7, 0x0, 0x0,
    0x0, 0x0, 0x0, 0x0, 0x0, 0x0, 0x0, 0x0,
    0x0, 0x57, 0x9a, 0x6, 0xb6, 0xff, 0xff, 0xff,
    0xff, 0x5d, 0x0, 0x0, 0x0, 0x0, 0x0, 0x0,
    0x0, 0x0, 0x0, 0x7a, 0x7c, 0x0, 0x0, 0x9b,
    0xff, 0xff, 0xff, 0xff, 0xdf, 0x4, 0x0, 0x0,
    0x0, 0x0, 0x0, 0x0, 0x6, 0x9a, 0x58, 0x0,
    0x0, 0x0, 0x77, 0xff, 0xff, 0xff, 0xff, 0xff,
    0x5b, 0x0, 0x0, 0x0, 0x0, 0x0, 0x14, 0xad,
    0x39, 0x41, 0x64, 0x0, 0x0, 0x31, 0xff, 0xff,
    0xff, 0xff, 0xff, 0xbc, 0x0, 0x0, 0x0, 0x0,
    0x28, 0xb2, 0x22, 0x77, 0x88, 0x4, 0x0, 0x0,
    0x0, 0xe4, 0xff, 0xff, 0xff, 0xff, 0xfa, 0xe,
    0x17, 0x8a, 0xab, 0xaa, 0x20, 0xa3, 0x51, 0x0,
    0x0, 0x0, 0x0, 0x0, 0x7c, 0xff, 0xff, 0xff,
    0xff, 0xff, 0x48, 0xa1, 0x56, 0xa7, 0x34, 0xaf,
    0x25, 0x0, 0x0, 0x0, 0x0, 0x0, 0x0, 0x11,
    0xf3, 0xff, 0xff, 0xff, 0xff, 0x67, 0x9d, 0x8c,
    0x17, 0x40, 0x9, 0x0, 0x0, 0x0, 0x0, 0x0,
    0x0, 0x0, 0x0, 0x73, 0xff, 0xff, 0xff, 0xff,
    0x7d, 0x97, 0x75, 0x33, 0x0, 0x0, 0x0, 0x0,
    0x0, 0x0, 0x0, 0x0, 0x0, 0x0, 0x3, 0xc6,
    0xff, 0xff, 0xff, 0x68, 0x9f, 0x28, 0x95, 0x0,
    0x0, 0x0, 0x0, 0x0, 0x0, 0x0, 0x0, 0x0,
    0x0, 0x1, 0x25, 0xf1, 0xff, 0xf7, 0x1e, 0x3d,
    0x7b, 0x73, 0x96, 0x98, 0x84, 0xb2, 0xc3, 0xf4,
    0xa0, 0xa4, 0xff, 0xf0, 0xd2, 0x92, 0x8c, 0xcf,
    0x32, 0x0, 0x0, 0x68, 0x9b, 0x97, 0xbd, 0x1b,
    0x1f, 0x8b, 0x6b, 0x7e, 0x6a, 0xb6, 0x19, 0x81,
    0x0, 0x0, 0x0, 0x0, 0x0, 0x0, 0x0, 0x14,
    0x27, 0x0, 0x0, 0x0, 0x94, 0x24, 0x27, 0x2a,
    0x15, 0x35, 0x74, 0x0, 0x0, 0x0, 0x0, 0x0,
    0x0, 0x0, 0x0, 0x0, 0x0, 0x0, 0x0, 0xe,
    0x7c, 0x93, 0x94, 0x94, 0x7a, 0x7, 0x0, 0x0,
    0x0, 0x0, 0x0,

    /* U+1F4F1 "📱" */
    0x27, 0xbb, 0xd0, 0xb8, 0xa0, 0xa0, 0xa9, 0xd0,
    0xca, 0x5d, 0xa3, 0xff, 0xff, 0xc4, 0x88, 0x88,
    0x9e, 0xff, 0xff, 0xf3, 0xae, 0x4a, 0x18, 0x18,
    0x18, 0x18, 0x18, 0x18, 0x26, 0xd9, 0xa0, 0x0,
    0x6a, 0x2b, 0x57, 0x60, 0x24, 0x74, 0x5, 0xa0,
    0xa0, 0x0, 0x97, 0x3d, 0x7b, 0x87, 0x33, 0xa4,
    0x7, 0xa0, 0xa0, 0x0, 0xd2, 0x55, 0xab, 0xbc,
    0x47, 0xe4, 0xa, 0xa0, 0xa0, 0x0, 0x67, 0x2a,
    0x54, 0x5c, 0x23, 0x70, 0x5, 0xa0, 0xa0, 0x0,
    0xec, 0x60, 0xc0, 0xd4, 0x50, 0xff, 0xc, 0xa0,
    0xa0, 0x0, 0x67, 0x2a, 0x54, 0x17, 0x8, 0x1c,
    0x1, 0xa0, 0xa0, 0x0, 0xb4, 0x49, 0x93, 0x0,
    0x0, 0x0, 0x0, 0xa0, 0xa0, 0x0, 0x0, 0x0,
    0x0, 0x0, 0x0, 0x0, 0x0, 0xa0, 0xa0, 0x0,
    0x0, 0x0, 0x0, 0x0, 0x0, 0x0, 0x0, 0xa0,
    0xa0, 0x0, 0x0, 0x0, 0x0, 0x0, 0x0, 0x0,
    0x0, 0xa0, 0xa0, 0x0, 0xb8, 0x4b, 0x96, 0xa5,
    0x3e, 0xc8, 0x9, 0xa0, 0xa0, 0x0, 0x4d, 0x1f,
    0x3f, 0x45, 0x1a, 0x54, 0x3, 0xa0, 0x97, 0x2b,
    0x0, 0x0, 0x0, 0x0, 0x0, 0x0, 0xa, 0xb8,
    0x17, 0x93, 0xa0, 0xa0, 0xa0, 0xa0, 0xa0, 0xa0,
    0x9e, 0x3e,

    /* U+1F4F7 "📷" */
    0x0, 0x0, 0xa3, 0xd0, 0xd0, 0x6f, 0x0, 0x0,
    0x0, 0x0, 0x0, 0x0, 0x0, 0x0, 0x0, 0x0,
    0x0, 0x0, 0x37, 0xa1, 0xff, 0xff, 0xff, 0xff,
    0xa0, 0xa0, 0xa0, 0xa0, 0xa0, 0xa0, 0xa0, 0xa0,
    0xa0, 0xa0, 0xa1, 0x5e, 0xa4, 0x5, 0x0, 0x0,
    0x0, 0x0, 0x0, 0x0, 0x0, 0x25, 0x5c, 0x2f,
    0x0, 0x17, 0x54, 0x4f, 0x4, 0xab, 0xa0, 0x0,
    0x0, 0x0, 0x0, 0x0, 0x0, 0x0, 0x0, 0x8a,
    0xff, 0xa6, 0x0, 0x73, 0xff, 0xff, 0x2f, 0xa0,
    0xa0, 0x0, 0x0, 0x0, 0x0, 0x0, 0x0, 0x0,
    0x0, 0x21, 0x61, 0x29, 0x0, 0x2b, 0x80, 0x7c,
    0xc, 0xa0, 0xb4, 0xa0, 0xa0, 0xa0, 0xa0, 0xa0,
    0xa0, 0xb9, 0xff, 0xed, 0xd8, 0xff, 0xff, 0xba,
    0xa0, 0xa0, 0xa0, 0xdc, 0xa0, 0x0, 0x0, 0x0,
    0x0, 0x0, 0x19, 0xde, 0x78, 0xa, 0x4, 0x5,
    0x64, 0xd9, 0x1e, 0x0, 0x0, 0xa0, 0xa0, 0x0,
    0x0, 0x0, 0x0, 0x0, 0xa8, 0x72, 0x19, 0xc5,
    0xff, 0xe0, 0x47, 0x56, 0xb7, 0x0, 0x0, 0xa0,
    0xa0, 0x0, 0x0, 0x0, 0x0, 0xb, 0xe9, 0x6,
    0xca, 0xff, 0xff, 0xff, 0xf2, 0xf, 0xd7, 0x1f,
    0x0, 0xa0, 0xa0, 0x0, 0x0, 0x0, 0x0, 0x25,
    0xcc, 0x7, 0xff, 0xff, 0xff, 0xff, 0xff, 0x37,
    0xad, 0x44, 0x0, 0xa0, 0xa0, 0x0, 0x0, 0x0,
    0x0, 0x13, 0xe3, 0x0, 0xd9, 0xff, 0xff, 0xff,
    0xf7, 0x13, 0xc6, 0x30, 0x0, 0xa0, 0xa0, 0x0,
    0x0, 0x0, 0x0, 0x0, 0xc6, 0x48, 0x2b, 0xe4,
    0xff, 0xf4, 0x4c, 0x2d, 0xdf, 0x2, 0x0, 0xa0,
    0xb4, 0xa4, 0xa4, 0xa4, 0xa4, 0xa4, 0xdb, 0xff,
    0x36, 0x5, 0x27, 0xc, 0x25, 0xff, 0xf3, 0xa4,
    0xa4, 0xdd, 0xa4, 0x0, 0x0, 0x0, 0x0, 0x0,
    0x0, 0x43, 0xdf, 0xbb, 0x94, 0xb2, 0xe5, 0x56,
    0x0, 0x0, 0x0, 0xa5, 0x56, 0xa7, 0xa0, 0xa0,
    0xa0, 0xa0, 0xa0, 0xa0, 0xa5, 0xe3, 0xff, 0xe9,
    0xaa, 0xa0, 0xa0, 0xa0, 0xa1, 0x82,

    /* U+1F4F8 "📸" */
    0x0, 0x0, 0x0, 0x0, 0x0, 0x0, 0x22, 0x1,
    0x0, 0x0, 0x0, 0x2, 0x1f, 0x0, 0x0, 0x0,
    0x0, 0x0, 0x0, 0x0, 0x0, 0x0, 0x0, 0x0,
    0x3e, 0xb1, 0xf, 0x0, 0x0, 0x78, 0x59, 0x0,
    0x0, 0x0, 0x0, 0x0, 0x0, 0x0, 0xcf, 0xff,
    0xff, 0x8e, 0x2, 0xcf, 0xb7, 0x2e, 0x33, 0xc6,
    0x61, 0x0, 0x1, 0x2d, 0x61, 0xc, 0x56, 0xa7,
    0xff, 0xff, 0xff, 0xec, 0xa0, 0xff, 0x2d, 0x9c,
    0xb8, 0x3e, 0xff, 0xff, 0xff, 0xff, 0xd0, 0x83,
    0xa3, 0x0, 0x0, 0x0, 0x0, 0x0, 0x0, 0x3a,
    0x75, 0x0, 0x12, 0x12, 0x44, 0x29, 0xff, 0xa2,
    0xe, 0xa3, 0xa0, 0x0, 0x0, 0x0, 0x0, 0x0,
    0x3d, 0xa9, 0x60, 0x0, 0x0, 0x0, 0x2c, 0xfd,
    0xff, 0xff, 0x33, 0xa0, 0xa0, 0x0, 0x0, 0x0,
    0x3d, 0xbc, 0xbe, 0x53, 0x48, 0x14, 0x0, 0xb,
    0x4b, 0x7d, 0x4f, 0x4d, 0x5, 0xa0, 0xb4, 0xa0,
    0xa0, 0xbc, 0xf7, 0xf8, 0xf8, 0xff, 0xff, 0x7a,
    0x54, 0xff, 0xff, 0xff, 0xa9, 0xa0, 0xa0, 0xdc,
    0xa0, 0x0, 0x0, 0x0, 0x0, 0x0, 0x2b, 0xe5,
    0x6c, 0x96, 0xd3, 0x11, 0x35, 0xff, 0x49, 0x0,
    0x0, 0xa0, 0xa0, 0x0, 0x0, 0x0, 0x0, 0x0,
    0xba, 0x60, 0x39, 0xff, 0xff, 0xf7, 0x60, 0x2f,
    0xc6, 0x0, 0x0, 0xa0, 0xa0, 0x0, 0x0, 0x0,
    0x0, 0x10, 0xe4, 0x0, 0xda, 0xff, 0xff, 0xff,
    0xf8, 0x13, 0xbf, 0x2c, 0x0, 0xa0, 0xa0, 0x0,
    0x0, 0x0, 0x0, 0x25, 0xcb, 0x7, 0xff, 0xff,
    0xff, 0xff, 0xff, 0x37, 0xa0, 0x4c, 0x0, 0xa0,
    0xa0, 0x0, 0x0, 0x0, 0x0, 0xd, 0xe9, 0x5,
    0xd0, 0xff, 0xff, 0xff, 0xf1, 0xe, 0xc6, 0x2f,
    0x0, 0xa0, 0xa0, 0x0, 0x0, 0x0, 0x0, 0x0,
    0xb0, 0x69, 0x21, 0xd8, 0xff, 0xea, 0x3c, 0x3e,
    0xd4, 0x0, 0x0, 0xa0, 0xb4, 0xa0, 0xa0, 0xa0,
    0xa0, 0xa0, 0xbf, 0xff, 0x6a, 0x6, 0x17, 0x5,
    0x4f, 0xff, 0xd8, 0xa0, 0xa0, 0xdc, 0xa4, 0xa,
    0x0, 0x0, 0x0, 0x0, 0x0, 0x20, 0xb5, 0xe9,
    0xc8, 0xe3, 0xc7, 0x33, 0x0, 0x0, 0x1, 0xad,
    0x2f, 0x9b, 0xa0, 0xa0, 0xa0, 0xa0, 0xa0, 0xa0,
    0xa0, 0xb4, 0xd1, 0xbb, 0xa0, 0xa0, 0xa0, 0xa0,
    0x9f, 0x52,

    /* U+1F504 "🔄" */
    0x1c, 0x5d, 0x60, 0x60, 0x60, 0x60, 0x60, 0x60,
    0x60, 0x60, 0x60, 0x60, 0x60, 0x60, 0x60, 0x38,
    0x0, 0xda, 0xff, 0xff, 0xff, 0xff, 0xff, 0xff,
    0xff, 0xff, 0xff, 0xff, 0xff, 0xff, 0xff, 0xff,
    0xfe, 0x2b, 0xf8, 0xff, 0xff, 0xff, 0xff, 0xfd,
    0xff, 0xff, 0xff, 0xff, 0xff, 0xff, 0xff, 0xff,
    0xff, 0xff, 0x48, 0xf8, 0xff, 0xff, 0xff, 0xc4,
    0x82, 0xff, 0xff, 0xff, 0xff, 0xff, 0xff, 0xff,
    0xff, 0xff, 0xff, 0x48, 0xf8, 0xff, 0xff, 0xad,
    0x8, 0x6a, 0xf4, 0xf4, 0xf4, 0xf4, 0xf6, 0xff,
    0xff, 0xff, 0xff, 0xff, 0x48, 0xf8, 0xff, 0x9f,
    0x2, 0x0, 0x0, 0x0, 0x0, 0x0, 0x0, 0x0,
    0x17, 0x7e, 0xfc, 0xff, 0xff, 0x48, 0xf8, 0xff,
    0xe0, 0x28, 0x0, 0x2a, 0x60, 0x60, 0x60, 0x60,
    0x5d, 0x2a, 0x0, 0x8b, 0xff, 0xff, 0x48, 0xf8,
    0xff, 0xff, 0xed, 0x3a, 0x70, 0xff, 0xff, 0xff,
    0xff, 0xff, 0xfb, 0x24, 0x38, 0xff, 0xff, 0x48,
    0xf8, 0xff, 0x8d, 0xa4, 0xf7, 0xb8, 0xff, 0xff,
    0xff, 0xff, 0xf5, 0xff, 0x7d, 0x25, 0xff, 0xff,
    0x48, 0xf8, 0xff, 0x7b, 0x1, 0xeb, 0xff, 0xff,
    0xff, 0xff, 0xff, 0xc4, 0x58, 0xf6, 0xc8, 0xff,
    0xff, 0x48, 0xf8, 0xff, 0xbe, 0x0, 0x68, 0xd3,
    0xdc, 0xdc, 0xdc, 0xdc, 0xa8, 0x0, 0x34, 0xe4,
    0xff, 0xff, 0x48, 0xf8, 0xff, 0xff, 0x95, 0x17,
    0x0, 0x0, 0x0, 0x0, 0x0, 0x0, 0x0, 0x0,
    0x3b, 0xfe, 0xff, 0x48, 0xf8, 0xff, 0xff, 0xff,
    0xff, 0xf0, 0xe8, 0xe8, 0xe8, 0xe8, 0xb1, 0x0,
    0x41, 0xec, 0xff, 0xff, 0x48, 0xf8, 0xff, 0xff,
    0xff, 0xff, 0xff, 0xff, 0xff, 0xff, 0xff, 0xc4,
    0x6a, 0xfb, 0xff, 0xff, 0xff, 0x48, 0xf8, 0xff,
    0xff, 0xff, 0xff, 0xff, 0xff, 0xff, 0xff, 0xff,
    0xfa, 0xff, 0xff, 0xff, 0xff, 0xff, 0x48, 0xe0,
    0xff, 0xff, 0xff, 0xff, 0xff, 0xff, 0xff, 0xff,
    0xff, 0xff, 0xff, 0xff, 0xff, 0xff, 0xff, 0x30,
    0x27, 0x6d, 0x70, 0x70, 0x70, 0x70, 0x70, 0x70,
    0x70, 0x70, 0x70, 0x70, 0x70, 0x70, 0x70, 0x47,
    0x0,

    /* U+1F507 "🔇" */
    0x0, 0x0, 0x0, 0x0, 0x0, 0x26, 0x70, 0x91,
    0x94, 0x76, 0x2f, 0x0, 0x0, 0x0, 0x0, 0x0,
    0x0, 0x0, 0x0, 0x27, 0xa4, 0x82, 0x32, 0xf,
    0xc, 0x2c, 0x78, 0xaa, 0x36, 0x0, 0x0, 0x0,
    0x0, 0x0, 0x4c, 0x9e, 0x10, 0x0, 0x0, 0x0,
    0x0, 0x0, 0x0, 0xa, 0x92, 0x5e, 0x0, 0x0,
    0x0, 0x2f, 0xde, 0x72, 0x0, 0x0, 0x0, 0x0,
    0x22, 0xa3, 0x1e, 0x0, 0x0, 0x89, 0x46, 0x0,
    0x1, 0xaa, 0x8, 0x53, 0x72, 0x0, 0x0, 0x2d,
    0xa9, 0x54, 0x5a, 0x0, 0x0, 0x3, 0xad, 0x8,
    0x4b, 0x5e, 0x0, 0x0, 0x51, 0x73, 0x38, 0xa6,
    0x9, 0x44, 0x5c, 0x0, 0x0, 0x0, 0x47, 0x67,
    0x97, 0xd, 0x0, 0x0, 0xa0, 0xf0, 0xfe, 0x6,
    0x0, 0x44, 0x5c, 0x0, 0x0, 0x0, 0x2, 0xa4,
    0x9f, 0x0, 0x0, 0x0, 0xa0, 0x0, 0x4e, 0x77,
    0x0, 0x44, 0xb1, 0x0, 0x0, 0x0, 0x0, 0x9f,
    0xa0, 0x0, 0x0, 0x0, 0xa0, 0x0, 0x0, 0x4d,
    0x79, 0x44, 0xff, 0x0, 0x0, 0x0, 0x0, 0x9f,
    0x9f, 0x0, 0x0, 0x0, 0xa0, 0x0, 0x0, 0x0,
    0x4c, 0xbf, 0xae, 0x0, 0x0, 0x0, 0x0, 0xa0,
    0x98, 0xc, 0x0, 0x0, 0xa0, 0xa0, 0x88, 0x5,
    0x0, 0x8e, 0xd8, 0x0, 0x0, 0x0, 0x2, 0xa3,
    0x4e, 0x5b, 0x0, 0x0, 0x0, 0x0, 0x3a, 0xa5,
    0x8, 0x44, 0xa5, 0x7e, 0x0, 0x0, 0x43, 0x6a,
    0x1, 0xaa, 0x7, 0x0, 0x0, 0x0, 0x0, 0x32,
    0xaa, 0x50, 0x5b, 0x47, 0x80, 0x2, 0xac, 0x9,
    0x0, 0x33, 0x94, 0x0, 0x0, 0x0, 0x0, 0x0,
    0x2a, 0xad, 0x23, 0x0, 0x46, 0xfe, 0x4b, 0x0,
    0x0, 0x0, 0x4d, 0x99, 0xc, 0x0, 0x0, 0x0,
    0x0, 0x0, 0x0, 0x6, 0x8b, 0x72, 0x0, 0x0,
    0x0, 0x0, 0x0, 0x2e, 0xa8, 0x76, 0x28, 0x6,
    0x5, 0x23, 0x6c, 0xad, 0x3d, 0x0, 0x0, 0x0,
    0x0, 0x0, 0x0, 0x0, 0x0, 0x32, 0x7a, 0x99,
    0x9b, 0x80, 0x3b, 0x1, 0x0, 0x0, 0x0, 0x0,

    /* U+1F50A "🔊" */
    0x0, 0x0, 0x0, 0x0, 0x0, 0x0, 0x0, 0x0,
    0x0, 0x0, 0x90, 0x96, 0x98, 0x9d, 0x81, 0x11,
    0x0, 0x0, 0x0, 0x0, 0x0, 0x0, 0x13, 0xc2,
    0xf2, 0xcb, 0x70, 0xb, 0x0, 0x0, 0x0, 0x0,
    0x28, 0xa9, 0x2a, 0x0, 0x0, 0x0, 0x0, 0x0,
    0x70, 0xff, 0xff, 0xff, 0xff, 0xe3, 0x4c, 0x27,
    0x9e, 0x8d, 0x11, 0x9, 0xab, 0x9, 0x0, 0x0,
    0x0, 0x0, 0x71, 0xff, 0xff, 0xff, 0xff, 0xff,
    0xff, 0x8a, 0x1, 0x19, 0xa5, 0xf, 0x3b, 0x6c,
    0x0, 0x0, 0x0, 0x0, 0x30, 0xff, 0xff, 0xff,
    0xff, 0xff, 0xff, 0xff, 0xa3, 0x1, 0x1d, 0x88,
    0x0, 0x9b, 0x0, 0x0, 0x0, 0x0, 0x12, 0xff,
    0xff, 0xff, 0xff, 0xff, 0xff, 0xff, 0xff, 0x91,
    0x0, 0x99, 0x0, 0x98, 0x0, 0x0, 0x0, 0x0,
    0x48, 0x91, 0xfb, 0xff, 0xc8, 0x3e, 0x93, 0xff,
    0xff, 0xff, 0x5b, 0x2b, 0x0, 0x99, 0x0, 0x0,
    0x0, 0x0, 0xa5, 0xf, 0x7a, 0xad, 0x3, 0x0,
    0x0, 0xc1, 0xff, 0xff, 0xef, 0x18, 0x35, 0x6b,
    0x0, 0x0, 0x0, 0x57, 0x6b, 0x0, 0x0, 0x9b,
    0x37, 0x0, 0x11, 0xe6, 0xff, 0xff, 0xff, 0x97,
    0x22, 0xf, 0x0, 0x0, 0x31, 0xe3, 0x1, 0x0,
    0x0, 0x4, 0x9e, 0x3c, 0xa7, 0xff, 0xff, 0xff,
    0xff, 0xf8, 0xf, 0x0, 0x0, 0x25, 0xa9, 0xa7,
    0xe, 0x0, 0x0, 0x0, 0x3, 0x91, 0xff, 0xff,
    0xff, 0xff, 0xff, 0xff, 0x53, 0x0, 0x0, 0xa7,
    0xf, 0x29, 0xa9, 0x5, 0x0, 0x0, 0x0, 0x0,
    0x5d, 0xf0, 0xff, 0xff, 0xff, 0xff, 0x64, 0x0,
    0x5, 0x94, 0x0, 0x0, 0x3d, 0xa7, 0x15, 0x0,
    0x0, 0x1c, 0x90, 0xbb, 0xce, 0xe5, 0xff, 0xdf,
    0x1a, 0x0, 0x0, 0xa3, 0xa, 0x0, 0x0, 0x21,
    0xa8, 0x78, 0x78, 0x9b, 0x1f, 0x0, 0x0, 0x0,
    0xf, 0x1, 0x0, 0x0, 0x0, 0x2c, 0xa4, 0x8,
    0x0, 0x0, 0x0, 0xaa, 0x91, 0x0, 0x0, 0x0,
    0x0, 0x0, 0x0, 0x0, 0x0, 0x0, 0x0, 0x0,
    0x33, 0xad, 0x31, 0x3, 0x71, 0x73, 0x0, 0x0,
    0x0, 0x0, 0x0, 0x0, 0x0, 0x0, 0x0, 0x0,
    0x0, 0x0, 0x0, 0xc, 0x71, 0x92, 0x4b, 0x0,
    0x0, 0x0, 0x0, 0x0, 0x0, 0x0, 0x0, 0x0,
    0x0, 0x0,

    /* U+1F50B "🔋" */
    0x0, 0xd, 0x5e, 0xc0, 0xe4, 0x8f, 0x40, 0x0,
    0x0, 0x46, 0xa3, 0x98, 0x8d, 0x3b, 0xcb, 0x67,
    0xa8, 0x11, 0xa8, 0x0, 0x30, 0xcf, 0xd0, 0x93,
    0x0, 0x24, 0x86, 0xe6, 0x31, 0x0, 0x0, 0x0,
    0x0, 0x3, 0x74, 0xa0, 0xa8, 0x7a, 0xa4, 0xa8,
    0x9f, 0xa9, 0xa1, 0x47, 0xa0, 0xa0, 0x0, 0x0,
    0x0, 0x3, 0x0, 0x0, 0x0, 0xa0, 0xa0, 0x0,
    0x0, 0x6, 0x2c, 0x0, 0x0, 0x0, 0xa0, 0xa0,
    0x0, 0x13, 0x2b, 0x96, 0x21, 0x0, 0x0, 0xa0,
    0xa0, 0x0, 0x34, 0x8f, 0xca, 0x72, 0x0, 0x0,
    0xa0, 0xa0, 0x0, 0x0, 0x10, 0x78, 0x0, 0x0,
    0x0, 0xa0, 0xa0, 0x0, 0x0, 0x0, 0x0, 0x0,
    0x0, 0x0, 0xa0, 0xa0, 0x0, 0x0, 0x0, 0x0,
    0x0, 0x0, 0x0, 0xa0, 0xa0, 0x0, 0x0, 0x0,
    0x0, 0x0, 0x0, 0x0, 0xa0, 0xa0, 0x0, 0x25,
    0x26, 0x1a, 0x3b, 0x0, 0x0, 0xa0, 0xa4, 0x0,
    0x26, 0x7e, 0x89, 0x5d, 0x0, 0xd, 0x97, 0x72,
    0x8e, 0x34, 0x10, 0x2, 0x1b, 0x4e, 0xaf, 0x2c,
    0x0, 0x22, 0x72, 0x9b, 0xa1, 0x90, 0x5a, 0xa,
    0x0,

    /* U+1F50D "🔍" */
    0x0, 0x0, 0x0, 0x3c, 0x85, 0x99, 0x7c, 0x2b,
    0x0, 0x0, 0x0, 0x0, 0x0, 0x0, 0x0, 0x0,
    0x0, 0x0, 0xf, 0x9e, 0x6f, 0x1d, 0x7, 0x29,
    0x88, 0x91, 0x5, 0x0, 0x0, 0x0, 0x0, 0x0,
    0x0, 0x0, 0x4, 0xa7, 0x20, 0x0, 0x74, 0x0,
    0x0, 0x0, 0x40, 0x9b, 0x0, 0x0, 0x0, 0x0,
    0x0, 0x0, 0x0, 0x69, 0x47, 0x11, 0x5c, 0x0,
    0x0, 0x0, 0x0, 0x0, 0x7e, 0x41, 0x0, 0x0,
    0x0, 0x0, 0x0, 0x0, 0xa4, 0x0, 0x88, 0x15,
    0x0, 0x0, 0x0, 0x0, 0x0, 0x15, 0x9d, 0x0,
    0x0, 0x0, 0x0, 0x0, 0x0, 0x9f, 0x0, 0x90,
    0x0, 0x0, 0x0, 0x0, 0x0, 0x0, 0x0, 0xac,
    0x0, 0x0, 0x0, 0x0, 0x0, 0x0, 0xa0, 0x0,
    0x8e, 0x0, 0x0, 0x0, 0x0, 0x0, 0x0, 0x0,
    0xab, 0x0, 0x0, 0x0, 0x0, 0x0, 0x0, 0xa5,
    0x0, 0x90, 0x0, 0x0, 0x0, 0x0, 0x0, 0x0,
    0x14, 0x9d, 0x0, 0x0, 0x0, 0x0, 0x0, 0x0,
    0x6e, 0x46, 0x17, 0x0, 0x0, 0x0, 0x0, 0x0,
    0x0, 0x7d, 0x41, 0x0, 0x0, 0x0, 0x0, 0x0,
    0x0, 0x6, 0xae, 0x1f, 0x0, 0x0, 0x0, 0x0,
    0x0, 0x47, 0xff, 0x12, 0x0, 0x0, 0x0, 0x0,
    0x0, 0x0, 0x0, 0x13, 0xa4, 0x6b, 0x1a, 0x6,
    0x26, 0x84, 0xad, 0xfe, 0xff, 0xb1, 0x46, 0x0,
    0x0, 0x0, 0x0, 0x0, 0x0, 0x0, 0x40, 0x86,
    0x99, 0x7d, 0x2b, 0x0, 0x93, 0x2c, 0x3, 0x98,
    0x57, 0x0, 0x0, 0x0, 0x0, 0x0, 0x0, 0x0,
    0x0, 0x0, 0x0, 0x0, 0x0, 0x2b, 0xa7, 0xb,
    0x0, 0x86, 0x68, 0x0, 0x0, 0x0, 0x0, 0x0,
    0x0, 0x0, 0x0, 0x0, 0x0, 0x0, 0x0, 0x2b,
    0xae, 0x12, 0x0, 0x72, 0x79, 0x0, 0x0, 0x0,
    0x0, 0x0, 0x0, 0x0, 0x0, 0x0, 0x0, 0x0,
    0x0, 0x21, 0xb2, 0x1c, 0x0, 0x62, 0x65, 0x0,
    0x0, 0x0, 0x0, 0x0, 0x0, 0x0, 0x0, 0x0,
    0x0, 0x0, 0x0, 0x18, 0xb3, 0x2e, 0x43, 0x7e,
    0x0, 0x0, 0x0, 0x0, 0x0, 0x0, 0x0, 0x0,
    0x0, 0x0, 0x0, 0x0, 0x0, 0x10, 0x8a, 0x78,
    0x4,

    /* U+1F50E "🔎" */
    0x0, 0x0, 0x0, 0x0, 0x0, 0x0, 0x0, 0x0,
    0x12, 0x65, 0x93, 0x93, 0x64, 0x11, 0x0, 0x0,
    0x0, 0x0, 0x0, 0x0, 0x0, 0x0, 0x0, 0x0,
    0x61, 0xa3, 0x41, 0xc, 0xd, 0x41, 0xa2, 0x5b,
    0x0, 0x0, 0x0, 0x0, 0x0, 0x0, 0x0, 0x0,
    0x61, 0x78, 0x0, 0x0, 0x0, 0x17, 0x5c, 0x0,
    0x78, 0x5c, 0x0, 0x0, 0x0, 0x0, 0x0, 0x0,
    0x12, 0xa4, 0x0, 0x0, 0x0, 0x0, 0x0, 0x0,
    0x6b, 0x0, 0xa3, 0x12, 0x0, 0x0, 0x0, 0x0,
    0x0, 0x66, 0x40, 0x0, 0x0, 0x0, 0x0, 0x0,
    0x0, 0x51, 0x47, 0x40, 0x65, 0x0, 0x0, 0x0,
    0x0, 0x0, 0x94, 0xb, 0x0, 0x0, 0x0, 0x0,
    0x0, 0x0, 0x1, 0x8b, 0xc, 0x93, 0x0, 0x0,
    0x0, 0x0, 0x0, 0x93, 0xc, 0x0, 0x0, 0x0,
    0x0, 0x0, 0x0, 0x0, 0x8a, 0xd, 0x93, 0x0,
    0x0, 0x0, 0x0, 0x0, 0x65, 0x3f, 0x0, 0x0,
    0x0, 0x0, 0x0, 0x0, 0x26, 0x68, 0x40, 0x66,
    0x0, 0x0, 0x0, 0x0, 0x0, 0x12, 0xa2, 0x0,
    0x0, 0x0, 0x0, 0x0, 0x0, 0xf, 0x8, 0xa3,
    0x13, 0x0, 0x0, 0x0, 0x0, 0x0, 0x3, 0xea,
    0x99, 0x0, 0x0, 0x0, 0x0, 0x0, 0x0, 0x78,
    0x61, 0x0, 0x0, 0x0, 0x0, 0xf, 0xa1, 0xf3,
    0xff, 0xac, 0xa0, 0x3e, 0xc, 0xb, 0x3e, 0xa1,
    0x61, 0x0, 0x0, 0x0, 0x0, 0x12, 0xa9, 0x1d,
    0x8, 0xc7, 0x0, 0x12, 0x66, 0x94, 0x94, 0x67,
    0x13, 0x0, 0x0, 0x0, 0x0, 0x14, 0xab, 0x1b,
    0x0, 0x87, 0x5a, 0x0, 0x0, 0x0, 0x0, 0x0,
    0x0, 0x0, 0x0, 0x0, 0x0, 0x17, 0xad, 0x1a,
    0x0, 0x87, 0x61, 0x0, 0x0, 0x0, 0x0, 0x0,
    0x0, 0x0, 0x0, 0x0, 0x0, 0x0, 0xad, 0x18,
    0x0, 0x89, 0x5c, 0x0, 0x0, 0x0, 0x0, 0x0,
    0x0, 0x0, 0x0, 0x0, 0x0, 0x0, 0x0, 0xae,
    0x12, 0x8c, 0x58, 0x0, 0x0, 0x0, 0x0, 0x0,
    0x0, 0x0, 0x0, 0x0, 0x0, 0x0, 0x0, 0x0,
    0x2b, 0x96, 0x46, 0x0, 0x0, 0x0, 0x0, 0x0,
    0x0, 0x0, 0x0, 0x0, 0x0, 0x0, 0x0, 0x0,
    0x0,

    /* U+1F511 "🔑" */
    0x0, 0x0, 0x0, 0x0, 0x0, 0x0, 0x0, 0x0,
    0x1, 0x49, 0x8a, 0x98, 0x77, 0x24, 0x0, 0x0,
    0x0, 0x0, 0x0, 0x0, 0x0, 0x0, 0x0, 0x0,
    0x1f, 0xac, 0x61, 0x17, 0x7, 0x2d, 0x8d, 0x84,
    0x2, 0x0, 0x0, 0x0, 0x0, 0x0, 0x0, 0x0,
    0xf, 0xae, 0x12, 0x0, 0x0, 0x0, 0x0, 0x0,
    0x4c, 0x83, 0x0, 0x0, 0x0, 0x0, 0x0, 0x0,
    0x0, 0x84, 0x2e, 0x0, 0x0, 0x1b, 0x99, 0x90,
    0xc, 0x0, 0x89, 0x23, 0x0, 0x0, 0x0, 0x0,
    0x0, 0x0, 0xa5, 0x0, 0x0, 0x0, 0x97, 0x12,
    0x29, 0x80, 0x0, 0x2c, 0x76, 0x0, 0x0, 0x0,
    0x0, 0x0, 0x0, 0xa0, 0x0, 0x0, 0x0, 0x8e,
    0x28, 0x43, 0x73, 0x0, 0xa, 0x95, 0x0, 0x0,
    0x0, 0x0, 0x0, 0x0, 0xa2, 0x0, 0x0, 0x0,
    0xc, 0x80, 0x73, 0x3, 0x0, 0x21, 0x80, 0x0,
    0x0, 0x0, 0x0, 0x0, 0x15, 0xb5, 0x0, 0x0,
    0x0, 0x0, 0x0, 0x0, 0x0, 0x0, 0x76, 0x36,
    0x0, 0x0, 0x0, 0x0, 0x18, 0xae, 0x1b, 0x59,
    0x1d, 0x0, 0x0, 0x0, 0x0, 0x0, 0x26, 0x98,
    0x0, 0x0, 0x0, 0x0, 0x1b, 0xae, 0x18, 0x5c,
    0x49, 0x0, 0xa, 0x0, 0x0, 0x4, 0x5a, 0x9e,
    0xa, 0x0, 0x0, 0x0, 0x1f, 0xaf, 0x15, 0x5f,
    0x47, 0x0, 0x57, 0xae, 0x9c, 0x97, 0x97, 0x4d,
    0x0, 0x0, 0x0, 0x0, 0x23, 0xae, 0x12, 0x63,
    0x44, 0x76, 0xa5, 0x85, 0x0, 0x0, 0x0, 0x0,
    0x0, 0x0, 0x0, 0x0, 0x27, 0xad, 0xf, 0x65,
    0x42, 0x3, 0x9d, 0x0, 0x0, 0x0, 0x0, 0x0,
    0x0, 0x0, 0x0, 0x0, 0x0, 0xb9, 0xd, 0x68,
    0x40, 0xaa, 0xa3, 0x58, 0x0, 0x0, 0x0, 0x0,
    0x0, 0x0, 0x0, 0x0, 0x0, 0x0, 0xa0, 0x6c,
    0x3d, 0x2, 0x9b, 0x0, 0x0, 0x0, 0x0, 0x0,
    0x0, 0x0, 0x0, 0x0, 0x0, 0x0, 0x0, 0xde,
    0x3b, 0x0, 0x43, 0x7e, 0x0, 0x0, 0x0, 0x0,
    0x0, 0x0, 0x0, 0x0, 0x0, 0x0, 0x0, 0x0,
    0xa5, 0xa0, 0xa0, 0x88, 0x4, 0x0, 0x0, 0x0,
    0x0, 0x0, 0x0, 0x0, 0x0, 0x0, 0x0, 0x0,
    0x0,

    /* U+1F512 "🔒" */
    0x0, 0x0, 0x0, 0x0, 0x22, 0x68, 0x67, 0x20,
    0x0, 0x0, 0x0, 0x0, 0x0, 0x0, 0x0, 0x64,
    0xfc, 0xf2, 0xf3, 0xfb, 0x60, 0x0, 0x0, 0x0,
    0x0, 0x0, 0x1b, 0xf9, 0x93, 0x2, 0x3, 0x97,
    0xf8, 0x18, 0x0, 0x0, 0x0, 0x0, 0x63, 0xfe,
    0xe, 0x0, 0x0, 0x11, 0xff, 0x5f, 0x0, 0x0,
    0x0, 0x0, 0x7a, 0xed, 0x0, 0x0, 0x0, 0x0,
    0xf2, 0x76, 0x0, 0x0, 0x0, 0x0, 0x7c, 0xec,
    0x0, 0x0, 0x0, 0x0, 0xf0, 0x78, 0x0, 0x0,
    0x0, 0x1b, 0xe5, 0xff, 0x9c, 0x9c, 0x9c, 0x9c,
    0xff, 0xe1, 0x1b, 0x0, 0x64, 0x84, 0xab, 0xef,
    0x0, 0x0, 0x0, 0x0, 0xf3, 0xa6, 0x84, 0x64,
    0xf6, 0x96, 0x42, 0x1c, 0x0, 0x0, 0x0, 0x0,
    0x1d, 0x41, 0x95, 0xf5, 0xa0, 0x1c, 0x67, 0x93,
    0xa5, 0xa0, 0xa0, 0xa5, 0x94, 0x66, 0x1b, 0xa0,
    0xa0, 0x0, 0x0, 0x0, 0x0, 0x1, 0x1, 0x0,
    0x0, 0x0, 0x0, 0xa0, 0xa0, 0x0, 0x0, 0x0,
    0x0, 0xd8, 0xda, 0x1, 0x0, 0x0, 0x0, 0xa0,
    0xa0, 0x0, 0x0, 0x0, 0x0, 0xc4, 0xc7, 0x0,
    0x0, 0x0, 0x0, 0xa0, 0xa0, 0x0, 0x0, 0x0,
    0x0, 0xbd, 0xc5, 0x0, 0x0, 0x0, 0x0, 0xa0,
    0x99, 0x8, 0x0, 0x0, 0x1, 0xad, 0xb0, 0x5,
    0x0, 0x0, 0x8, 0x98, 0x31, 0xab, 0x5e, 0x2a,
    0xc, 0x1, 0x1, 0xc, 0x2a, 0x5d, 0xaa, 0x30,
    0x0, 0x7, 0x48, 0x7a, 0x95, 0x9d, 0x9d, 0x95,
    0x7a, 0x48, 0x7, 0x0,

    /* U+1F513 "🔓" */
    0x0, 0x0, 0x0, 0x0, 0x1d, 0x65, 0x6b, 0x2e,
    0x0, 0x0, 0x0, 0x0, 0x0, 0x0, 0x0, 0x5f,
    0xfa, 0xf5, 0xee, 0xff, 0x8c, 0x0, 0x0, 0x0,
    0x0, 0x0, 0x1b, 0xf8, 0x9a, 0x4, 0x0, 0x6b,
    0xff, 0x45, 0x0, 0x0, 0x0, 0x0, 0x63, 0xff,
    0xf, 0x0, 0x0, 0x0, 0xda, 0x97, 0x0, 0x0,
    0x0, 0x0, 0x7a, 0xee, 0x0, 0x0, 0x0, 0x0,
    0xba, 0xae, 0x0, 0x0, 0x0, 0x0, 0x7c, 0xec,
    0x0, 0x0, 0x0, 0x0, 0x38, 0x35, 0x0, 0x0,
    0x0, 0x1b, 0xe5, 0xff, 0x9c, 0x9c, 0x9c, 0x9c,
    0x9c, 0x69, 0x1b, 0x0, 0x64, 0x84, 0xab, 0xef,
    0x0, 0x0, 0x0, 0x0, 0x5d, 0x62, 0x84, 0x64,
    0xf6, 0x96, 0x42, 0x1c, 0x0, 0x0, 0x0, 0x0,
    0x43, 0x59, 0x95, 0xf5, 0xa0, 0x1c, 0x67, 0x93,
    0xa5, 0xa0, 0xa0, 0xa5, 0x94, 0x66, 0x1b, 0xa0,
    0xa0, 0x0, 0x0, 0x0, 0x0, 0x1, 0x1, 0x0,
    0x0, 0x0, 0x0, 0xa0, 0xa0, 0x0, 0x0, 0x0,
    0x0, 0xd8, 0xda, 0x1, 0x0, 0x0, 0x0, 0xa0,
    0xa0, 0x0, 0x0, 0x0, 0x0, 0xc4, 0xc7, 0x0,
    0x0, 0x0, 0x0, 0xa0, 0xa0, 0x0, 0x0, 0x0,
    0x0, 0xbd, 0xc5, 0x0, 0x0, 0x0, 0x0, 0xa0,
    0x99, 0x8, 0x0, 0x0, 0x1, 0xad, 0xb0, 0x5,
    0x0, 0x0, 0x8, 0x98, 0x31, 0xab, 0x5e, 0x2a,
    0xc, 0x1, 0x1, 0xc, 0x2a, 0x5d, 0xaa, 0x30,
    0x0, 0x7, 0x48, 0x7a, 0x95, 0x9d, 0x9d, 0x95,
    0x7a, 0x48, 0x7, 0x0,

    /* U+1F514 "🔔" */
    0x0, 0x0, 0x0, 0x0, 0x0, 0x0, 0x2, 0x69,
    0x83, 0x14, 0x0, 0x0, 0x0, 0x0, 0x0, 0x0,
    0x0, 0x0, 0x0, 0x0, 0x0, 0x0, 0x0, 0x61,
    0x55, 0x1b, 0x9b, 0x0, 0x0, 0x0, 0x0, 0x0,
    0x0, 0x0, 0x0, 0x0, 0x0, 0x0, 0x0, 0x0,
    0x70, 0x43, 0xd, 0xa4, 0x0, 0x0, 0x0, 0x0,
    0x0, 0x0, 0x0, 0x0, 0x0, 0x0, 0x0, 0x0,
    0xd, 0x69, 0xea, 0xea, 0x93, 0x25, 0x0, 0x0,
    0x0, 0x0, 0x0, 0x0, 0x0, 0x0, 0x0, 0x0,
    0x42, 0x96, 0x2d, 0x0, 0x0, 0x13, 0x74, 0x7b,
    0x0, 0x0, 0x0, 0x0, 0x0, 0x0, 0x0, 0x0,
    0x23, 0x8a, 0x13, 0x78, 0x0, 0x0, 0x0, 0x0,
    0x45, 0x67, 0x0, 0x0, 0x0, 0x0, 0x0, 0x0,
    0x0, 0x8c, 0xc, 0xa6, 0x14, 0x0, 0x0, 0x0,
    0x0, 0x0, 0x8e, 0x7, 0x0, 0x0, 0x0, 0x0,
    0x0, 0x1, 0x8e, 0x2b, 0x5b, 0x0, 0x0, 0x0,
    0x0, 0x0, 0x0, 0x4c, 0x43, 0x0, 0x0, 0x0,
    0x0, 0x0, 0x1c, 0x71, 0x0, 0x0, 0x0, 0x0,
    0x0, 0x0, 0x0, 0x0, 0x20, 0x6d, 0x0, 0x0,
    0x0, 0x0, 0x0, 0x42, 0x4a, 0x0, 0x0, 0x0,
    0x0, 0x0, 0x0, 0x0, 0x0, 0x3, 0x8b, 0x0,
    0x0, 0x0, 0x0, 0x0, 0x73, 0x1b, 0x0, 0x0,
    0x0, 0x0, 0x0, 0x0, 0x0, 0x0, 0x0, 0x90,
    0x0, 0x0, 0x0, 0x0, 0x3, 0xbd, 0x68, 0x8b,
    0x8e, 0x8c, 0x8c, 0x8c, 0x8c, 0x3f, 0x0, 0x0,
    0x6e, 0x2b, 0x0, 0x0, 0x0, 0x81, 0x86, 0x26,
    0x3, 0x0, 0x0, 0x0, 0x0, 0x0, 0x0, 0x0,
    0x0, 0x6, 0x9c, 0xd, 0x0, 0x5c, 0x61, 0x53,
    0x80, 0xa2, 0xbe, 0xd0, 0xc6, 0xc4, 0xcf, 0xc6,
    0xab, 0x8c, 0x60, 0x43, 0x91, 0x0, 0xbf, 0xff,
    0xff, 0xff, 0xff, 0xff, 0x9a, 0x0, 0x0, 0x46,
    0xff, 0xff, 0xff, 0xff, 0xff, 0xff, 0xf, 0x32,
    0xc6, 0xff, 0xff, 0xff, 0xff, 0xed, 0x39, 0x1b,
    0xbf, 0xff, 0xff, 0xff, 0xff, 0xe2, 0x65, 0x0,
    0x0, 0x0, 0x1d, 0x56, 0x7b, 0x95, 0xa4, 0xab,
    0xad, 0xa6, 0x9c, 0x84, 0x64, 0x30, 0x2, 0x0,
    0x0,

    /* U+1F51D "🔝" */
    0x6f, 0xcd, 0xd0, 0xd0, 0xd0, 0xd0, 0xd0, 0xd0,
    0xd0, 0xd0, 0xd0, 0xd0, 0xd0, 0xd0, 0xcf, 0x9f,
    0x4, 0xf2, 0xff, 0xff, 0xff, 0xff, 0xff, 0xff,
    0xff, 0xf6, 0xff, 0xff, 0xff, 0xff, 0xff, 0xff,
    0xff, 0x36, 0xf8, 0xff, 0xff, 0xff, 0xff, 0xff,
    0xff, 0x8c, 0x4e, 0xfe, 0xff, 0xff, 0xff, 0xff,
    0xff, 0xff, 0x3c, 0xf8, 0xff, 0xff, 0xff, 0xff,
    0xff, 0xc0, 0x4, 0x0, 0x7a, 0xff, 0xff, 0xff,
    0xff, 0xff, 0xff, 0x3c, 0xf8, 0xff, 0xff, 0xff,
    0xff, 0xe5, 0x17, 0x0, 0x0, 0x0, 0xa6, 0xff,
    0xff, 0xff, 0xff, 0xff, 0x3c, 0xf8, 0xff, 0xff,
    0xff, 0xfa, 0x3a, 0x0, 0x0, 0x0, 0x0, 0x9,
    0xcb, 0xff, 0xff, 0xff, 0xff, 0x3c, 0xf8, 0xff,
    0xff, 0xff, 0xf9, 0xe4, 0xe4, 0x35, 0x0, 0xd9,
    0xe4, 0xee, 0xff, 0xff, 0xff, 0xff, 0x3c, 0xf8,
    0xff, 0xff, 0xff, 0xff, 0xff, 0xff, 0x3c, 0x0,
    0xf4, 0xff, 0xff, 0xff, 0xff, 0xff, 0xff, 0x3c,
    0xf8, 0xff, 0xff, 0xff, 0xff, 0xff, 0xff, 0x3c,
    0x0, 0xf4, 0xff, 0xff, 0xff, 0xff, 0xff, 0xff,
    0x3c, 0xf8, 0xff, 0xff, 0xff, 0xff, 0xff, 0xff,
    0xb6, 0xa0, 0xfb, 0xff, 0xff, 0xff, 0xff, 0xff,
    0xff, 0x3c, 0xf8, 0xff, 0xff, 0xff, 0xff, 0xff,
    0xff, 0xff, 0xff, 0xff, 0xff, 0xff, 0xff, 0xff,
    0xff, 0xff, 0x3c, 0xf8, 0xff, 0xff, 0x70, 0x36,
    0x4c, 0xc0, 0x54, 0x44, 0xb1, 0xcf, 0x3f, 0x68,
    0xff, 0xff, 0xff, 0x3c, 0xf8, 0xff, 0xff, 0xff,
    0x38, 0xff, 0x66, 0xb9, 0xca, 0x1b, 0xc4, 0x87,
    0x45, 0xf5, 0xff, 0xff, 0x3c, 0xf8, 0xff, 0xff,
    0xff, 0x38, 0xff, 0x5a, 0xcb, 0xdd, 0xe, 0xc4,
    0x29, 0x82, 0xff, 0xff, 0xff, 0x3c, 0xf8, 0xff,
    0xff, 0xff, 0x38, 0xff, 0xc0, 0x43, 0x3f, 0x80,
    0xc4, 0x88, 0xff, 0xff, 0xff, 0xff, 0x3c, 0xe9,
    0xff, 0xff, 0xff, 0xf6, 0xff, 0xff, 0xfa, 0xf2,
    0xff, 0xfd, 0xfa, 0xff, 0xff, 0xff, 0xff, 0x2d,
    0x41, 0x95, 0x98, 0x98, 0x98, 0x98, 0x98, 0x98,
    0x98, 0x98, 0x98, 0x98, 0x98, 0x98, 0x97, 0x68,
    0x0,

    /* U+1F525 "🔥" */
    0x0, 0x0, 0x0, 0x0, 0x0, 0x1d, 0x60, 0x2f,
    0x0, 0x0, 0x0, 0x0, 0x0, 0x0, 0x0, 0x0,
    0x0, 0x0, 0x0, 0xd, 0xe3, 0xff, 0x9a, 0x2,
    0x0, 0x0, 0x0, 0x0, 0x0, 0x0, 0x0, 0x0,
    0x0, 0x0, 0x9c, 0xff, 0xff, 0x68, 0x0, 0x0,
    0x0, 0x0, 0x0, 0x0, 0x0, 0x0, 0x0, 0x0,
    0x9b, 0xff, 0xff, 0xe7, 0x3, 0x0, 0x0, 0x0,
    0x0, 0x0, 0x0, 0x0, 0x0, 0x12, 0xeb, 0xff,
    0xff, 0xff, 0x2d, 0x0, 0x0, 0x0, 0x0, 0x0,
    0x1c, 0x13, 0x0, 0xa9, 0xff, 0xff, 0xfb, 0xff,
    0x40, 0x0, 0x0, 0x0, 0x0, 0xa, 0xdb, 0x18,
    0x60, 0xff, 0xfd, 0x81, 0xac, 0xff, 0x2c, 0x0,
    0x0, 0x0, 0x0, 0x70, 0xff, 0x2d, 0xe1, 0xff,
    0x68, 0x0, 0xe0, 0xff, 0x8, 0x0, 0x0, 0x0,
    0x0, 0xd8, 0xff, 0xb5, 0xff, 0xbc, 0x0, 0x0,
    0xe9, 0xff, 0x38, 0x1a, 0x5b, 0x0, 0x9, 0xff,
    0xff, 0xff, 0xff, 0x68, 0x0, 0x0, 0xbb, 0xff,
    0xfe, 0xfd, 0xf6, 0xe, 0x12, 0xff, 0xff, 0xff,
    0xfe, 0x6f, 0x0, 0x0, 0x34, 0xf8, 0xff, 0xff,
    0xff, 0x4d, 0x2, 0xfb, 0xff, 0xff, 0x73, 0xbe,
    0x0, 0x0, 0x0, 0x57, 0xff, 0xff, 0xff, 0x5f,
    0x0, 0xc3, 0xff, 0xf5, 0x2, 0x13, 0x0, 0x0,
    0x0, 0x0, 0xc1, 0xff, 0xff, 0x3c, 0x0, 0x5f,
    0xff, 0xec, 0x0, 0x0, 0x0, 0x0, 0x0, 0x0,
    0x9c, 0xff, 0xde, 0x2, 0x0, 0x3, 0xbf, 0xff,
    0x3f, 0x0, 0x0, 0x0, 0x0, 0x9, 0xdf, 0xfb,
    0x46, 0x0, 0x0, 0x0, 0xf, 0xb6, 0xeb, 0x5e,
    0x11, 0x8, 0x3a, 0xc3, 0xed, 0x4e, 0x0, 0x0,
    0x0, 0x0, 0x0, 0x0, 0x4a, 0xa0, 0xc9, 0xd0,
    0xb4, 0x6f, 0xf, 0x0, 0x0, 0x0,

    /* U+1F527 "🔧" */
    0x0, 0x0, 0x4b, 0x91, 0x91, 0x50, 0x1, 0x0,
    0x0, 0x0, 0x0, 0x0, 0x0, 0x0, 0x0, 0x0,
    0x0, 0x2a, 0xe0, 0x36, 0x13, 0x6b, 0xa2, 0x3,
    0x0, 0x0, 0x0, 0x0, 0x0, 0x0, 0x0, 0x0,
    0x0, 0x0, 0x16, 0x92, 0x71, 0x0, 0x4a, 0x70,
    0x0, 0x0, 0x0, 0x0, 0x0, 0x0, 0x0, 0x0,
    0x57, 0x13, 0x0, 0x2, 0xa0, 0x0, 0x0, 0xa3,
    0x0, 0x0, 0x0, 0x0, 0x0, 0x0, 0x0, 0x0,
    0xac, 0xa4, 0x6f, 0x8d, 0x4f, 0x0, 0x0, 0xa3,
    0x0, 0x0, 0x0, 0x0, 0x0, 0x0, 0x0, 0x0,
    0x8a, 0x1e, 0x46, 0x42, 0x0, 0x0, 0x18, 0x9e,
    0x0, 0x0, 0x0, 0x0, 0x0, 0x0, 0x0, 0x0,
    0x1c, 0xaa, 0xe, 0x0, 0x0, 0x0, 0x5, 0x9d,
    0x47, 0x0, 0x0, 0x0, 0x0, 0x0, 0x0, 0x0,
    0x0, 0x27, 0xa2, 0xa0, 0x9a, 0xb0, 0xd, 0x2,
    0x92, 0x55, 0x0, 0x0, 0x0, 0x0, 0x0, 0x0,
    0x0, 0x0, 0x0, 0x0, 0x0, 0x29, 0xa7, 0x4,
    0x0, 0x85, 0x64, 0x0, 0x0, 0x0, 0x0, 0x0,
    0x0, 0x0, 0x0, 0x0, 0x0, 0x0, 0x41, 0x92,
    0x0, 0x0, 0x76, 0x74, 0x0, 0x0, 0x0, 0x0,
    0x0, 0x0, 0x0, 0x0, 0x0, 0x0, 0x0, 0x5e,
    0x74, 0x0, 0x0, 0x66, 0x84, 0x0, 0x0, 0x0,
    0x0, 0x0, 0x0, 0x0, 0x0, 0x0, 0x0, 0x0,
    0x7e, 0x53, 0x0, 0x0, 0x57, 0x92, 0x2, 0x0,
    0x0, 0x0, 0x0, 0x0, 0x0, 0x0, 0x0, 0x0,
    0x0, 0x98, 0x37, 0x0, 0x0, 0x49, 0x9d, 0x4,
    0x0, 0x0, 0x0, 0x0, 0x0, 0x0, 0x0, 0x0,
    0x0, 0x6, 0xa8, 0x21, 0x0, 0xd, 0x41, 0x8e,
    0x0, 0x0, 0x0, 0x0, 0x0, 0x0, 0x0, 0x0,
    0x0, 0x0, 0x10, 0xad, 0x10, 0xc0, 0x44, 0xa1,
    0x0, 0x0, 0x0, 0x0, 0x0, 0x0, 0x0, 0x0,
    0x0, 0x0, 0x0, 0x20, 0xaa, 0x10, 0x18, 0xa8,
    0x0, 0x0, 0x0, 0x0, 0x0, 0x0, 0x0, 0x0,
    0x0, 0x0, 0x0, 0x0, 0x20, 0x8c, 0x93, 0x19,

    /* U+1F528 "🔨" */
    0x0, 0x0, 0x0, 0x0, 0x0, 0x0, 0x0, 0x2d,
    0x79, 0x90, 0x78, 0x0, 0x0, 0x0, 0x0, 0x0,
    0x0, 0x0, 0x0, 0x0, 0x0, 0x0, 0x0, 0x4,
    0x92, 0x7d, 0x28, 0x68, 0xab, 0x1, 0x0, 0x0,
    0x0, 0x0, 0x0, 0x0, 0x0, 0x0, 0x0, 0x0,
    0xa, 0xa6, 0x3d, 0x0, 0xb3, 0x41, 0x0, 0x0,
    0x0, 0x0, 0x0, 0x0, 0x0, 0x0, 0x0, 0x0,
    0x0, 0x0, 0x9f, 0x31, 0x0, 0x0, 0x9f, 0xe,
    0x0, 0x0, 0x0, 0x0, 0x0, 0x0, 0x0, 0x0,
    0x0, 0x0, 0x0, 0x0, 0x9f, 0x0, 0x0, 0x0,
    0x90, 0x22, 0x0, 0x0, 0x0, 0x0, 0x0, 0x0,
    0x0, 0x0, 0x0, 0x1e, 0x9d, 0x95, 0x76, 0x0,
    0x2, 0xc6, 0xff, 0x73, 0x0, 0x0, 0x0, 0x0,
    0x0, 0x0, 0x0, 0x0, 0x5, 0xb2, 0xe, 0x2,
    0x4a, 0xac, 0xb5, 0xff, 0x4, 0x72, 0x66, 0x0,
    0x0, 0x0, 0x0, 0x0, 0x0, 0x0, 0x1, 0xb2,
    0xa, 0x0, 0x6a, 0x4b, 0x0, 0x3d, 0x8e, 0x0,
    0x80, 0x59, 0x0, 0x0, 0x0, 0x0, 0x0, 0x0,
    0x0, 0x37, 0xa3, 0x1d, 0xae, 0x2a, 0x0, 0x0,
    0x63, 0x68, 0x0, 0x8c, 0x4d, 0x0, 0x0, 0x0,
    0x0, 0x0, 0x0, 0x0, 0x2d, 0x91, 0x25, 0x0,
    0x0, 0x0, 0x0, 0x8b, 0x41, 0x1, 0x97, 0x42,
    0x0, 0x0, 0x0, 0x0, 0x0, 0x0, 0x0, 0x0,
    0x0, 0x0, 0x0, 0x0, 0x0, 0x3, 0xa6, 0x23,
    0x3, 0xa0, 0x37, 0x0, 0x0, 0x0, 0x0, 0x0,
    0x0, 0x0, 0x0, 0x0, 0x0, 0x0, 0x0, 0x0,
    0x10, 0xae, 0xe, 0x6, 0xa7, 0x2d, 0x0, 0x0,
    0x0, 0x0, 0x0, 0x0, 0x0, 0x0, 0x0, 0x0,
    0x0, 0x0, 0x0, 0x26, 0xa4, 0x2, 0xa, 0xac,
    0x25, 0x0, 0x0, 0x0, 0x0, 0x0, 0x0, 0x0,
    0x0, 0x0, 0x0, 0x0, 0x0, 0x0, 0x45, 0x88,
    0x0, 0xf, 0xaf, 0x1e, 0x0, 0x0, 0x0, 0x0,
    0x0, 0x0, 0x0, 0x0, 0x0, 0x0, 0x0, 0x0,
    0x0, 0x6d, 0x5f, 0x0, 0x15, 0xa5, 0x0, 0x0,
    0x0, 0x0, 0x0, 0x0, 0x0, 0x0, 0x0, 0x0,
    0x0, 0x0, 0x0, 0x0, 0x93, 0x3d, 0x5f, 0x7d,
    0x0, 0x0, 0x0, 0x0, 0x0, 0x0, 0x0, 0x0,
    0x0, 0x0, 0x0, 0x0, 0x0, 0x0, 0x5, 0x86,
    0x68, 0x0,

    /* U+1F529 "🔩" */
    0x0, 0x0, 0x0, 0x0, 0x26, 0x52, 0x76, 0x8b,
    0x0, 0x0, 0x0, 0x0, 0x0, 0x0, 0x0, 0x0,
    0x0, 0x0, 0x0, 0x0, 0x57, 0x98, 0x51, 0x45,
    0xeb, 0x84, 0x0, 0x0, 0x0, 0x0, 0x0, 0x0,
    0x0, 0x0, 0x0, 0x0, 0x57, 0x87, 0x0, 0x0,
    0x3c, 0x64, 0x6a, 0x5e, 0x0, 0x0, 0x0, 0x0,
    0x0, 0x0, 0x0, 0x0, 0x57, 0x87, 0x0, 0x0,
    0x0, 0x96, 0x7c, 0x4a, 0x59, 0x0, 0x0, 0x0,
    0x0, 0x0, 0x0, 0x0, 0x4e, 0x88, 0x0, 0x0,
    0x0, 0x69, 0x79, 0x9a, 0xb6, 0x34, 0x0, 0x0,
    0x0, 0x0, 0x0, 0x0, 0x0, 0xa0, 0x3, 0x0,
    0x0, 0x69, 0x77, 0x0, 0xa, 0xff, 0x11, 0x0,
    0x0, 0x0, 0x0, 0x0, 0x0, 0x0, 0xa3, 0x0,
    0x0, 0x69, 0x77, 0x0, 0x7, 0xa8, 0xf9, 0x98,
    0xf, 0x32, 0x5c, 0x2e, 0x0, 0x0, 0x0, 0xff,
    0xa3, 0xa2, 0xf6, 0xe, 0x7, 0xa5, 0x75, 0x5c,
    0xcc, 0xff, 0x71, 0xa4, 0xf3, 0x2d, 0x0, 0x0,
    0x56, 0x8c, 0x0, 0x27, 0xc5, 0xd3, 0x34, 0x7b,
    0x1e, 0x88, 0x96, 0xd, 0x7d, 0x2e, 0xb9, 0x4,
    0x0, 0x0, 0x57, 0xae, 0xa3, 0xa9, 0xa6, 0x79,
    0x0, 0x5a, 0x2b, 0xa5, 0x4, 0xef, 0x28, 0xa3,
    0x0, 0x0, 0x0, 0x0, 0x0, 0x0, 0x0, 0x0,
    0x91, 0xae, 0x40, 0xa7, 0x21, 0x9f, 0x4d, 0xaf,
    0xc6, 0x0, 0x0, 0x0, 0x0, 0x0, 0x0, 0x0,
    0x0, 0x82, 0x50, 0x63, 0x10, 0x9f, 0x3c, 0x0,
    0x95, 0xf7, 0x0, 0x0, 0x0, 0x0, 0x0, 0x0,
    0x0, 0x0, 0xa1, 0xd, 0x2e, 0xa9, 0x3c, 0x0,
    0x5b, 0xff, 0xca, 0x55, 0x0, 0x0, 0x0, 0x0,
    0x0, 0x0, 0x0, 0xe6, 0xbe, 0x74, 0xce, 0x31,
    0x5b, 0x97, 0x89, 0x8b, 0xa6, 0x23, 0x0, 0x0,
    0x0, 0x0, 0x0, 0x0, 0xe, 0xad, 0x54, 0x73,
    0xff, 0xff, 0x12, 0x18, 0x7b, 0x80, 0x25, 0x0,
    0x0, 0x0, 0x0, 0x0, 0x0, 0x0, 0xe, 0x5b,
    0x38, 0x14, 0x26, 0xad, 0x1b, 0x5e, 0x82, 0x0,
    0x0, 0x0, 0x0, 0x0, 0x0, 0x0, 0x0, 0x0,
    0x0, 0x0, 0x0, 0x0, 0x15, 0x8f, 0x5b, 0x0,
    0x0,

    /* U+1F579 "🕹" */
    0x0, 0x0, 0x0, 0x0, 0x0, 0x0, 0x39, 0x90,
    0x89, 0x2a, 0x0, 0x0, 0x0, 0x0, 0x0, 0x0,
    0x0, 0x0, 0x0, 0x0, 0x0, 0x61, 0x92, 0x12,
    0x1a, 0xa8, 0x41, 0x0, 0x0, 0x0, 0x0, 0x0,
    0x0, 0x0, 0x0, 0x0, 0x5, 0xac, 0x3, 0xa5,
    0xc, 0x6, 0xa9, 0x0, 0x0, 0x0, 0x0, 0x0,
    0x0, 0x0, 0x0, 0x0, 0x20, 0x83, 0x27, 0x4c,
    0x0, 0x0, 0x9f, 0x0, 0x0, 0x0, 0x0, 0x0,
    0x0, 0x0, 0x0, 0x0, 0x9, 0xa3, 0x0, 0x0,
    0x0, 0x1, 0xa9, 0x0, 0x0, 0x0, 0x0, 0x0,
    0x0, 0x0, 0x0, 0x0, 0x0, 0x7f, 0x70, 0x1,
    0x5, 0x90, 0x5a, 0x0, 0x0, 0x0, 0x0, 0x0,
    0x0, 0x0, 0x0, 0x0, 0x0, 0x0, 0x5f, 0xff,
    0xe2, 0x7b, 0x0, 0x0, 0x0, 0x0, 0x0, 0x0,
    0x0, 0x0, 0x0, 0x0, 0x0, 0x9, 0x65, 0xdc,
    0x5c, 0xdc, 0x2b, 0x0, 0x0, 0x0, 0x0, 0x0,
    0x0, 0x0, 0x0, 0x1b, 0x85, 0xac, 0x53, 0xa9,
    0x5c, 0x6d, 0x91, 0xac, 0x49, 0x1, 0x0, 0x0,
    0x0, 0x36, 0x9d, 0x9a, 0x42, 0x0, 0xbb, 0xff,
    0xff, 0xff, 0x0, 0xf, 0x74, 0xb8, 0x67, 0x9,
    0x31, 0xf6, 0x5e, 0x39, 0xac, 0x12, 0xc0, 0xff,
    0xff, 0xca, 0x2, 0x0, 0x0, 0x39, 0xe4, 0x6c,
    0x34, 0xff, 0xff, 0xe0, 0x7c, 0x19, 0x0, 0x11,
    0x12, 0x0, 0x0, 0x45, 0xbd, 0xff, 0xff, 0x6c,
    0x34, 0xff, 0xff, 0xff, 0xff, 0xfb, 0xae, 0x47,
    0x4, 0x56, 0xcd, 0xff, 0xff, 0xff, 0xff, 0x6c,
    0x15, 0xad, 0xfc, 0xff, 0xff, 0xff, 0xff, 0xff,
    0xf6, 0xff, 0xff, 0xff, 0xff, 0xff, 0xbb, 0x29,
    0x0, 0x0, 0x1d, 0x87, 0xeb, 0xff, 0xff, 0xff,
    0xff, 0xff, 0xff, 0xff, 0xb5, 0x38, 0x0, 0x0,
    0x0, 0x0, 0x0, 0x0, 0x8, 0x61, 0xce, 0xff,
    0xff, 0xfe, 0xae, 0x32, 0x0, 0x0, 0x0, 0x0,
    0x0, 0x0, 0x0, 0x0, 0x0, 0x0, 0x0, 0x3b,
    0x8b, 0x2c, 0x0, 0x0, 0x0, 0x0, 0x0, 0x0,

    /* U+1F58B "🖋" */
    0x0, 0x0, 0x0, 0x0, 0x0, 0x0, 0x0, 0x0,
    0x0, 0x0, 0x62, 0x6b, 0x0, 0x40, 0x42, 0x0,
    0x0, 0x0, 0x0, 0x0, 0x0, 0x0, 0x0, 0x0,
    0x0, 0x0, 0x83, 0xf3, 0xff, 0xd0, 0x84, 0x7a,
    0x65, 0x0, 0x0, 0x0, 0x0, 0x0, 0x0, 0x0,
    0x0, 0x0, 0x88, 0xc8, 0x43, 0xff, 0xff, 0xb4,
    0x7, 0xa4, 0x12, 0x0, 0x0, 0x0, 0x0, 0x0,
    0x0, 0x0, 0x8d, 0xbf, 0x5f, 0x9a, 0x9, 0x51,
    0xf9, 0xcf, 0xa5, 0x0, 0x0, 0x0, 0x0, 0x0,
    0x0, 0x0, 0x8c, 0xe2, 0x65, 0x85, 0x0, 0x0,
    0x0, 0x50, 0xff, 0x39, 0x0, 0x0, 0x0, 0x0,
    0x0, 0x0, 0x0, 0x5b, 0x7a, 0x89, 0x0, 0x0,
    0x0, 0x0, 0x75, 0x86, 0x0, 0x0, 0x0, 0x0,
    0x0, 0x0, 0x0, 0x0, 0x1b, 0xed, 0x8b, 0x1,
    0x0, 0x0, 0x47, 0x85, 0x0, 0x0, 0x0, 0x0,
    0x0, 0x0, 0x0, 0x0, 0x1a, 0xb1, 0x32, 0xd2,
    0x98, 0x0, 0x3c, 0x99, 0x2, 0x0, 0x0, 0x0,
    0x0, 0x0, 0x0, 0x0, 0x16, 0xb2, 0x18, 0x0,
    0x14, 0xd7, 0xa6, 0x9a, 0x4, 0x0, 0x0, 0x0,
    0x0, 0x0, 0x0, 0x0, 0x10, 0xb0, 0x1c, 0x0,
    0x0, 0x0, 0x98, 0x7b, 0x1, 0x0, 0x0, 0x0,
    0x0, 0x0, 0x0, 0x0, 0x6, 0xac, 0x25, 0x0,
    0x0, 0x1, 0x90, 0x4e, 0x0, 0x0, 0x0, 0x0,
    0x0, 0x0, 0x0, 0x0, 0x0, 0x73, 0x9e, 0x0,
    0x0, 0x3, 0x96, 0x46, 0x0, 0x0, 0x0, 0x0,
    0x0, 0x0, 0x0, 0x0, 0x0, 0x4a, 0xb0, 0xbb,
    0x47, 0x9, 0xa0, 0x3d, 0x0, 0x0, 0x0, 0x0,
    0x0, 0x0, 0x0, 0x0, 0x0, 0xc, 0xa2, 0x22,
    0x4, 0xff, 0xb7, 0x2d, 0x0, 0x0, 0x0, 0x0,
    0x0, 0x0, 0x0, 0x0, 0x0, 0x0, 0x50, 0x88,
    0x92, 0x66, 0x55, 0x11, 0x0, 0x0, 0x0, 0x0,
    0x0, 0x0, 0x0, 0x0, 0x0, 0x0, 0x0, 0xda,
    0xd4, 0xa7, 0x91, 0x0, 0x0, 0x0, 0x0, 0x0,
    0x0, 0x0, 0x0, 0x0, 0x0, 0x0, 0x0, 0x0,
    0xbc, 0x4b, 0x1, 0x0, 0x0, 0x0, 0x0, 0x0,
    0x0, 0x0, 0x0, 0x0, 0x0, 0x0, 0x0, 0x0,
    0x0,

    /* U+1F596 "🖖" */
    0x0, 0x0, 0x0, 0x0, 0x0, 0x0, 0x0, 0x34,
    0x93, 0x25, 0x0, 0x0, 0x0, 0x0, 0x0, 0x0,
    0x2e, 0x1a, 0x0, 0x0, 0x0, 0xa9, 0x26, 0x98,
    0x0, 0x0, 0x0, 0x0, 0x0, 0x31, 0x8d, 0xa9,
    0x2, 0x0, 0x30, 0x6f, 0x34, 0xd7, 0xa1, 0x1,
    0x0, 0x0, 0x0, 0x48, 0x4f, 0x65, 0x36, 0x0,
    0x80, 0x21, 0x79, 0x35, 0x96, 0xb, 0x0, 0x0,
    0x87, 0xb3, 0x8c, 0x1d, 0x7c, 0x0, 0xa2, 0x0,
    0xa8, 0x1, 0xa3, 0x0, 0x0, 0x0, 0xa2, 0x0,
    0xa3, 0x0, 0x98, 0x21, 0x82, 0xa, 0x9e, 0x0,
    0xa4, 0x0, 0x0, 0x0, 0x92, 0x12, 0x95, 0xb,
    0x88, 0x80, 0x33, 0x49, 0x60, 0x15, 0x8f, 0x0,
    0x0, 0x0, 0x55, 0x4f, 0x5c, 0x45, 0x44, 0xd8,
    0x0, 0x8d, 0x1b, 0x42, 0x64, 0x0, 0x5, 0x0,
    0x17, 0x8d, 0x1f, 0x76, 0x3, 0x32, 0x0, 0x64,
    0x0, 0x6f, 0x54, 0xb2, 0xa1, 0x98, 0x0, 0xa0,
    0x0, 0x0, 0x0, 0x0, 0x0, 0x0, 0x0, 0x9c,
    0xb4, 0x1c, 0x14, 0xae, 0x0, 0xa0, 0x0, 0x0,
    0x0, 0x0, 0x0, 0x9, 0x87, 0xac, 0x29, 0x23,
    0xaa, 0x1c, 0x0, 0xa0, 0x0, 0x0, 0x0, 0x0,
    0x0, 0xa8, 0x42, 0x0, 0xc, 0xa9, 0xe, 0x0,
    0x0, 0xa0, 0x0, 0x0, 0x0, 0x0, 0x46, 0x6f,
    0x0, 0x0, 0x81, 0x2c, 0x0, 0x0, 0x0, 0xa1,
    0x0, 0x0, 0x0, 0x0, 0x85, 0x1d, 0x0, 0x10,
    0x9e, 0x0, 0x0, 0x0, 0x0, 0xa2, 0x12, 0x0,
    0x0, 0x0, 0x9, 0x0, 0x0, 0x94, 0x2c, 0x0,
    0x0, 0x0, 0x0, 0x23, 0xaf, 0x58, 0x16, 0x1,
    0xb, 0x38, 0xa1, 0x58, 0x0, 0x0, 0x0, 0x0,
    0x0, 0x0, 0x3, 0x51, 0x87, 0x9d, 0x92, 0x6d,
    0x16, 0x0, 0x0, 0x0, 0x0, 0x0,

    /* U+1F5A4 "🖤" */
    0x0, 0x0, 0xb, 0x63, 0xa4, 0x83, 0x3f, 0x0,
    0x0, 0x0, 0x0, 0x19, 0x6d, 0xa5, 0x7a, 0x25,
    0x0, 0x0, 0x0, 0x2d, 0xff, 0x65, 0xa6, 0x3a,
    0x9d, 0xe0, 0x15, 0x0, 0x67, 0xf8, 0x51, 0xa4,
    0x47, 0xeb, 0x6b, 0x0, 0x5, 0xda, 0xff, 0x77,
    0xef, 0x77, 0x9f, 0xed, 0xb8, 0x58, 0xcc, 0xf0,
    0x77, 0xef, 0x77, 0xf0, 0xe5, 0x3f, 0x64, 0x53,
    0x77, 0x0, 0x77, 0x0, 0x27, 0x4f, 0x44, 0xff,
    0x0, 0x77, 0x0, 0x77, 0x0, 0x77, 0xc, 0xa8,
    0xbf, 0x82, 0xef, 0x77, 0xef, 0x77, 0x9f, 0xc7,
    0x77, 0xff, 0x77, 0xef, 0x77, 0xef, 0x77, 0xef,
    0x77, 0xee, 0x9a, 0x3, 0x77, 0x0, 0x77, 0x0,
    0x27, 0x4f, 0x0, 0x77, 0x0, 0x77, 0x0, 0x77,
    0x0, 0x77, 0x0, 0x9d, 0x91, 0x9a, 0xef, 0x77,
    0xef, 0x77, 0x9f, 0xc7, 0x77, 0xef, 0x77, 0xef,
    0x77, 0xef, 0x77, 0xef, 0x77, 0xdb, 0x2b, 0x74,
    0x77, 0x0, 0x77, 0x0, 0x27, 0x4f, 0x0, 0x77,
    0x0, 0x77, 0x0, 0x77, 0x0, 0x77, 0x26, 0x79,
    0x0, 0xd8, 0xf8, 0x77, 0xef, 0x77, 0x9f, 0xc7,
    0x77, 0xef, 0x77, 0xef, 0x77, 0xef, 0x77, 0xef,
    0xed, 0x18, 0x0, 0x31, 0xef, 0x0, 0x77, 0x0,
    0x27, 0x4f, 0x0, 0x77, 0x0, 0x77, 0x0, 0x77,
    0x0, 0xa6, 0x78, 0x0, 0x0, 0x0, 0x80, 0xc1,
    0xef, 0x77, 0x9f, 0xc7, 0x77, 0xef, 0x77, 0xef,
    0x77, 0xef, 0x8d, 0xd0, 0x3, 0x0, 0x0, 0x0,
    0x0, 0x8e, 0xa7, 0x0, 0x27, 0x4f, 0x0, 0x77,
    0x0, 0x77, 0x0, 0x80, 0x9e, 0x13, 0x0, 0x0,
    0x0, 0x0, 0x0, 0x3, 0xf4, 0xa2, 0x9f, 0xc7,
    0x77, 0xef, 0x77, 0xef, 0x80, 0xff, 0x1d, 0x0,
    0x0, 0x0, 0x0, 0x0, 0x0, 0x0, 0x3, 0x88,
    0x5e, 0x4f, 0x0, 0x77, 0x0, 0x87, 0x95, 0x1b,
    0x0, 0x0, 0x0, 0x0, 0x0, 0x0, 0x0, 0x0,
    0x0, 0x0, 0x8b, 0xf2, 0x77, 0xef, 0x98, 0xf8,
    0x11, 0x0, 0x0, 0x0, 0x0, 0x0, 0x0, 0x0,
    0x0, 0x0, 0x0, 0x0, 0x0, 0x56, 0x73, 0xbb,
    0x84, 0x5, 0x0, 0x0, 0x0, 0x0, 0x0, 0x0,
    0x0, 0x0, 0x0, 0x0, 0x0, 0x0, 0x0, 0x0,
    0x2e, 0x7f, 0x0, 0x0, 0x0, 0x0, 0x0, 0x0,
    0x0, 0x0,

    /* U+1F5A5 "🖥" */
    0x1, 0x69, 0x97, 0x98, 0x98, 0x98, 0x98, 0x98,
    0x98, 0x98, 0x98, 0x98, 0x98, 0x96, 0x55, 0x0,
    0x6d, 0x4f, 0xd, 0x10, 0x10, 0x10, 0x10, 0x10,
    0x10, 0x10, 0x10, 0x10, 0x10, 0x10, 0x76, 0x45,
    0x9f, 0x0, 0xea, 0xff, 0xff, 0xff, 0xff, 0xff,
    0xff, 0xff, 0xff, 0xff, 0xff, 0xff, 0x43, 0x77,
    0xa0, 0x0, 0xf0, 0xff, 0xff, 0xff, 0xff, 0xff,
    0xff, 0xff, 0xff, 0xff, 0xff, 0xff, 0x48, 0x78,
    0xa0, 0x0, 0xf0, 0xff, 0xff, 0xff, 0xff, 0xff,
    0xff, 0xff, 0xff, 0xff, 0xff, 0xff, 0x48, 0x78,
    0xa0, 0x0, 0xf0, 0xff, 0xff, 0xff, 0xff, 0xff,
    0xff, 0xff, 0xff, 0xff, 0xff, 0xff, 0x48, 0x78,
    0xa0, 0x0, 0xf0, 0xff, 0xff, 0xff, 0xff, 0xff,
    0xff, 0xff, 0xff, 0xff, 0xff, 0xff, 0x48, 0x78,
    0xa0, 0x0, 0xf0, 0xff, 0xff, 0xff, 0xff, 0xff,
    0xff, 0xff, 0xff, 0xff, 0xff, 0xff, 0x48, 0x78,
    0x93, 0xa, 0x84, 0x94, 0x94, 0x94, 0x94, 0x94,
    0x94, 0x94, 0x94, 0x94, 0x94, 0x92, 0x40, 0x6b,
    0x32, 0xa9, 0x7c, 0x7c, 0x7c, 0x7c, 0x8d, 0x7c,
    0x7c, 0x8d, 0x7c, 0x7c, 0x7c, 0x7d, 0xad, 0x1a,
    0x0, 0x6, 0x23, 0x24, 0x24, 0x24, 0xc4, 0x24,
    0x24, 0xc4, 0x24, 0x24, 0x24, 0x22, 0x2, 0x0,
    0x0, 0x0, 0x0, 0x0, 0x0, 0x89, 0xeb, 0xa0,
    0xa0, 0xeb, 0x93, 0x0, 0x0, 0x0, 0x0, 0x0,
    0x0, 0x7, 0x95, 0x84, 0x84, 0x84, 0x84, 0x84,
    0x84, 0x84, 0x84, 0x84, 0x84, 0x94, 0x19, 0x0,
    0x0, 0x66, 0x60, 0x5c, 0x64, 0x51, 0x51, 0x55,
    0x54, 0x56, 0x5c, 0x57, 0x5b, 0x5a, 0x6f, 0x0,
    0x2, 0xac, 0x55, 0x5a, 0x4d, 0x3f, 0x75, 0x7b,
    0x5d, 0x6d, 0x61, 0x50, 0x61, 0x67, 0x97, 0x0,
    0x2a, 0xda, 0x84, 0x84, 0x84, 0x84, 0x84, 0x84,
    0x84, 0x84, 0x84, 0x84, 0x84, 0x84, 0xe9, 0x0,
    0x17, 0x93, 0x84, 0x84, 0x84, 0x84, 0x84, 0x84,
    0x84, 0x84, 0x84, 0x84, 0x84, 0x84, 0x96, 0x0,

    /* U+1F600 "😀" */
    0x0, 0x0, 0x0, 0x0, 0x0, 0x27, 0x6d, 0x8a,
    0x8c, 0x71, 0x2f, 0x0, 0x0, 0x0, 0x0, 0x0,
    0x0, 0x0, 0x0, 0x0, 0x34, 0xa5, 0x78, 0x2e,
    0xe, 0xb, 0x29, 0x6f, 0xa8, 0x40, 0x0, 0x0,
    0x0, 0x0, 0x0, 0x0, 0x5e, 0x8e, 0x8, 0x0,
    0x0, 0x0, 0x0, 0x0, 0x0, 0x4, 0x7f, 0x71,
    0x0, 0x0, 0x0, 0x0, 0x46, 0x86, 0x0, 0x0,
    0x0, 0x0, 0x0, 0x0, 0x0, 0x0, 0x0, 0x0,
    0x70, 0x5c, 0x0, 0x0, 0x8, 0xab, 0x2, 0x0,
    0x0, 0x0, 0x0, 0x0, 0x0, 0x0, 0x0, 0x0,
    0x0, 0x0, 0xa2, 0x12, 0x0, 0x66, 0x45, 0x0,
    0x0, 0x2, 0x4c, 0x5, 0x0, 0x0, 0x0, 0x35,
    0x22, 0x0, 0x0, 0x2e, 0x7d, 0x0, 0xa2, 0x3,
    0x0, 0x0, 0x57, 0xff, 0x67, 0x0, 0x0, 0x8,
    0xf7, 0xcd, 0x0, 0x0, 0x0, 0xa5, 0x0, 0xa0,
    0x0, 0x0, 0x0, 0x33, 0xe9, 0x3f, 0x0, 0x0,
    0x1, 0xca, 0x9b, 0x0, 0x0, 0x0, 0xa0, 0x0,
    0xa0, 0x0, 0x0, 0x0, 0x0, 0x0, 0x0, 0x0,
    0x0, 0x0, 0x0, 0x0, 0x0, 0x0, 0x0, 0x96,
    0x9, 0x9f, 0x0, 0x0, 0x29, 0x13, 0x0, 0x0,
    0x0, 0x0, 0x0, 0x0, 0x2, 0x28, 0x10, 0x0,
    0x9f, 0x0, 0xa2, 0x2, 0x0, 0xab, 0x67, 0x71,
    0x6f, 0x70, 0x6d, 0x71, 0x6e, 0x70, 0x65, 0x79,
    0x0, 0xa5, 0x0, 0x69, 0x42, 0x0, 0x9e, 0xf8,
    0xd2, 0xb6, 0xa9, 0xa6, 0xad, 0xc3, 0xe4, 0xf9,
    0x2c, 0x2a, 0x80, 0x0, 0x9, 0xa7, 0x1, 0xa,
    0xb2, 0xff, 0xfa, 0xbc, 0xac, 0xe4, 0xff, 0xf1,
    0x50, 0x0, 0x9f, 0x14, 0x0, 0x0, 0x4b, 0x79,
    0x0, 0x0, 0x41, 0x83, 0x6f, 0x71, 0x7a, 0x7e,
    0x11, 0x0, 0x66, 0x62, 0x0, 0x0, 0x0, 0x0,
    0x65, 0x83, 0x5, 0x0, 0x0, 0x0, 0x0, 0x0,
    0x0, 0x2, 0x75, 0x78, 0x0, 0x0, 0x0, 0x0,
    0x0, 0x0, 0x3b, 0xa7, 0x6c, 0x24, 0x5, 0x4,
    0x1f, 0x64, 0xa8, 0x48, 0x0, 0x0, 0x0, 0x0,
    0x0, 0x0, 0x0, 0x0, 0x0, 0x33, 0x77, 0x92,
    0x93, 0x7b, 0x3a, 0x2, 0x0, 0x0, 0x0, 0x0,
    0x0,

    /* U+1F601 "😁" */
    0x0, 0x0, 0x0, 0x0, 0x0, 0x2d, 0x74, 0x92,
    0x94, 0x78, 0x34, 0x0, 0x0, 0x0, 0x0, 0x0,
    0x0, 0x0, 0x0, 0x0, 0x32, 0xab, 0x7a, 0x2f,
    0xe, 0xb, 0x2a, 0x72, 0xac, 0x3d, 0x0, 0x0,
    0x0, 0x0, 0x0, 0x0, 0x58, 0x97, 0xb, 0x0,
    0x0, 0x0, 0x0, 0x0, 0x0, 0x6, 0x86, 0x68,
    0x0, 0x0, 0x0, 0x0, 0x40, 0x8f, 0x0, 0x0,
    0x0, 0x0, 0x0, 0x0, 0x0, 0x0, 0x0, 0x0,
    0x78, 0x52, 0x0, 0x0, 0x6, 0xae, 0x4, 0x0,
    0x0, 0x0, 0x0, 0x0, 0x0, 0x0, 0x0, 0x0,
    0x0, 0x0, 0xa6, 0xf, 0x0, 0x61, 0x4d, 0x0,
    0x0, 0x0, 0x0, 0x0, 0x0, 0x0, 0x0, 0x0,
    0x0, 0x0, 0x0, 0x35, 0x78, 0x0, 0xa1, 0x5,
    0x0, 0x0, 0x7a, 0x98, 0x3f, 0x0, 0x0, 0x44,
    0x99, 0x7e, 0x0, 0x0, 0x0, 0xa6, 0x0, 0xa0,
    0x0, 0x0, 0x19, 0x5e, 0x0, 0x74, 0x0, 0x0,
    0x7a, 0x0, 0x57, 0x22, 0x0, 0x0, 0x9f, 0x0,
    0xa0, 0x0, 0x0, 0x0, 0x0, 0x0, 0x0, 0x0,
    0x0, 0x0, 0x0, 0x0, 0x0, 0x0, 0x0, 0x96,
    0x9, 0xa0, 0x0, 0x16, 0x85, 0x7b, 0x5c, 0x2e,
    0x19, 0x18, 0x2b, 0x57, 0x77, 0x88, 0x26, 0x0,
    0x9f, 0x0, 0xa2, 0x4, 0x71, 0x46, 0xe, 0xa6,
    0x57, 0xa9, 0x94, 0x59, 0xb0, 0xf, 0x2f, 0x98,
    0x0, 0xa6, 0x0, 0x64, 0x4a, 0x26, 0xd1, 0x80,
    0xdc, 0x3a, 0x64, 0x4b, 0x36, 0xdf, 0x82, 0xd4,
    0x3f, 0x31, 0x7b, 0x0, 0x7, 0xae, 0x3, 0x5b,
    0x63, 0x83, 0x42, 0x9f, 0x89, 0x47, 0x90, 0x5a,
    0x6d, 0x0, 0xa4, 0x11, 0x0, 0x0, 0x44, 0x8a,
    0x0, 0x38, 0xd2, 0x61, 0x73, 0x5a, 0x5c, 0xdc,
    0x45, 0x0, 0x72, 0x57, 0x0, 0x0, 0x0, 0x0,
    0x5f, 0x91, 0x8, 0x0, 0x2c, 0x60, 0x61, 0x34,
    0x1, 0x4, 0x7f, 0x6f, 0x0, 0x0, 0x0, 0x0,
    0x0, 0x0, 0x38, 0xad, 0x72, 0x26, 0x6, 0x4,
    0x21, 0x69, 0xad, 0x44, 0x0, 0x0, 0x0, 0x0,
    0x0, 0x0, 0x0, 0x0, 0x1, 0x36, 0x7c, 0x9a,
    0x9b, 0x81, 0x3d, 0x2, 0x0, 0x0, 0x0, 0x0,
    0x0,

    /* U+1F602 "😂" */
    0x0, 0x0, 0x0, 0x0, 0x0, 0x0, 0x0, 0x2c,
    0x74, 0x92, 0x93, 0x75, 0x2e, 0x0, 0x0, 0x0,
    0x0, 0x0, 0x0, 0x0, 0x0, 0x0, 0x0, 0x0,
    0x0, 0x32, 0xab, 0x7d, 0x2f, 0xe, 0xc, 0x2e,
    0x7b, 0xab, 0x34, 0x0, 0x0, 0x0, 0x0, 0x0,
    0x0, 0x0, 0x0, 0x0, 0x5b, 0x9b, 0xd, 0x0,
    0x0, 0x0, 0x0, 0x0, 0x0, 0xc, 0x98, 0x5b,
    0x0, 0x0, 0x0, 0x0, 0x0, 0x0, 0x0, 0x42,
    0x92, 0x0, 0x5, 0x0, 0x0, 0x0, 0x0, 0x0,
    0x0, 0x4, 0x0, 0x8f, 0x44, 0x0, 0x0, 0x0,
    0x0, 0x0, 0x7, 0xaf, 0x5, 0x73, 0x89, 0x0,
    0x0, 0x0, 0x0, 0x0, 0x0, 0x3d, 0x93, 0x20,
    0xad, 0x8, 0x0, 0x0, 0x0, 0x0, 0x66, 0x47,
    0x60, 0x49, 0x0, 0x0, 0x0, 0x0, 0x0, 0x0,
    0x0, 0x0, 0xa, 0x8b, 0x44, 0x69, 0x0, 0x0,
    0x0, 0x0, 0xa1, 0x2, 0x0, 0x28, 0xa2, 0x9f,
    0x46, 0x0, 0x0, 0x6, 0x8f, 0x9d, 0x7e, 0x0,
    0x1, 0xa0, 0x0, 0x0, 0x0, 0x0, 0xa0, 0x4,
    0x18, 0x36, 0x9, 0x0, 0x3e, 0x0, 0x0, 0x14,
    0x29, 0x0, 0x37, 0x13, 0xf, 0x9d, 0x0, 0x0,
    0x0, 0x4e, 0xce, 0x99, 0x93, 0x0, 0x0, 0x0,
    0x0, 0x0, 0x0, 0x0, 0x0, 0x0, 0x0, 0x1b,
    0xba, 0xd3, 0x75, 0x3, 0x48, 0x77, 0x0, 0x5f,
    0x44, 0x29, 0x13, 0x0, 0x0, 0x0, 0x0, 0x0,
    0x0, 0x2, 0x28, 0x10, 0x78, 0x0, 0x3f, 0x7e,
    0x8b, 0xd, 0x0, 0x9b, 0x5, 0xab, 0x67, 0x71,
    0x6f, 0x70, 0x6d, 0x71, 0x6e, 0x70, 0x65, 0x79,
    0x71, 0x9, 0x0, 0x94, 0x42, 0x93, 0x9d, 0x99,
    0x0, 0x9e, 0xf8, 0xd2, 0xb6, 0xa9, 0xa6, 0xad,
    0xc3, 0xe4, 0xf9, 0x2c, 0x43, 0xb5, 0x7c, 0x75,
    0x0, 0x11, 0x20, 0xac, 0x2, 0xa, 0xb2, 0xff,
    0xfc, 0xbf, 0xab, 0xdf, 0xff, 0xf1, 0x50, 0x0,
    0xa7, 0x17, 0x1c, 0x0, 0x0, 0x0, 0x0, 0x47,
    0x86, 0x0, 0x0, 0x41, 0x88, 0x71, 0x70, 0x74,
    0x7b, 0x11, 0x0, 0x7c, 0x53, 0x0, 0x0, 0x0,
    0x0, 0x0, 0x0, 0x0, 0x62, 0x8f, 0x8, 0x0,
    0x0, 0x0, 0x0, 0x0, 0x0, 0x6, 0x88, 0x6b,
    0x0, 0x0, 0x0, 0x0, 0x0, 0x0, 0x0, 0x0,
    0x0, 0x39, 0xac, 0x71, 0x26, 0x6, 0x5, 0x23,
    0x6c, 0xac, 0x3f, 0x0, 0x0, 0x0, 0x0, 0x0,
    0x0, 0x0, 0x0, 0x0, 0x0, 0x0, 0x1, 0x37,
    0x7d, 0x9a, 0x9a, 0x7f, 0x3b, 0x1, 0x0, 0x0,
    0x0, 0x0, 0x0, 0x0,

    /* U+1F603 "😃" */
    0x0, 0x0, 0x0, 0x0, 0x0, 0x27, 0x6d, 0x8a,
    0x8c, 0x71, 0x2f, 0x0, 0x0, 0x0, 0x0, 0x0,
    0x0, 0x0, 0x0, 0x0, 0x34, 0xa5, 0x78, 0x2e,
    0xe, 0xb, 0x29, 0x6f, 0xa8, 0x40, 0x0, 0x0,
    0x0, 0x0, 0x0, 0x0, 0x5e, 0x8e, 0x8, 0x0,
    0x0, 0x0, 0x0, 0x0, 0x0, 0x4, 0x7f, 0x71,
    0x0, 0x0, 0x0, 0x0, 0x46, 0x86, 0x0, 0x0,
    0x0, 0x0, 0x0, 0x0, 0x0, 0x0, 0x0, 0x0,
    0x70, 0x5c, 0x0, 0x0, 0x8, 0xab, 0x2, 0x0,
    0x0, 0xc, 0x0, 0x0, 0x0, 0x0, 0xc, 0x0,
    0x0, 0x0, 0xa2, 0x12, 0x0, 0x66, 0x45, 0x0,
    0x0, 0x8, 0xe9, 0x6d, 0x0, 0x0, 0x6, 0xe7,
    0x71, 0x0, 0x0, 0x2e, 0x7d, 0x0, 0xa2, 0x3,
    0x0, 0x0, 0x34, 0xff, 0xaf, 0x0, 0x0, 0x30,
    0xff, 0xb3, 0x0, 0x0, 0x0, 0xa5, 0x0, 0xa0,
    0x0, 0x0, 0x0, 0x24, 0xff, 0xa0, 0x0, 0x0,
    0x20, 0xff, 0xa4, 0x0, 0x0, 0x0, 0xa0, 0x0,
    0xa0, 0x0, 0x0, 0x0, 0x0, 0x8b, 0x32, 0x0,
    0x0, 0x0, 0x89, 0x34, 0x0, 0x0, 0x0, 0x96,
    0x9, 0x9f, 0x0, 0x0, 0x1e, 0xc, 0x0, 0x0,
    0x0, 0x0, 0x0, 0x0, 0x1, 0x1e, 0xb, 0x0,
    0x9f, 0x0, 0xa2, 0x2, 0x0, 0xab, 0x66, 0x6c,
    0x6b, 0x6e, 0x6c, 0x6e, 0x6a, 0x6c, 0x65, 0x79,
    0x0, 0xa5, 0x0, 0x69, 0x42, 0x0, 0xa1, 0xf8,
    0xd2, 0xb6, 0xa9, 0xa6, 0xad, 0xc3, 0xe4, 0xfa,
    0x2e, 0x2a, 0x80, 0x0, 0x9, 0xa7, 0x1, 0xb,
    0xb3, 0xff, 0xfc, 0xbf, 0xac, 0xe3, 0xff, 0xf1,
    0x51, 0x0, 0x9f, 0x14, 0x0, 0x0, 0x4b, 0x79,
    0x0, 0x0, 0x41, 0x8a, 0x70, 0x70, 0x79, 0x7e,
    0x11, 0x0, 0x66, 0x62, 0x0, 0x0, 0x0, 0x0,
    0x65, 0x83, 0x5, 0x0, 0x0, 0x0, 0x0, 0x0,
    0x0, 0x2, 0x75, 0x78, 0x0, 0x0, 0x0, 0x0,
    0x0, 0x0, 0x3b, 0xa7, 0x6c, 0x24, 0x5, 0x4,
    0x1f, 0x64, 0xa8, 0x48, 0x0, 0x0, 0x0, 0x0,
    0x0, 0x0, 0x0, 0x0, 0x0, 0x33, 0x77, 0x92,
    0x93, 0x7b, 0x3a, 0x2, 0x0, 0x0, 0x0, 0x0,
    0x0,

    /* U+1F604 "😄" */
    0x0, 0x0, 0x0, 0x0, 0x0, 0x2d, 0x74, 0x92,
    0x94, 0x78, 0x34, 0x0, 0x0, 0x0, 0x0, 0x0,
    0x0, 0x0, 0x0, 0x0, 0x32, 0xab, 0x7a, 0x2f,
    0xe, 0xb, 0x2a, 0x72, 0xac, 0x3d, 0x0, 0x0,
    0x0, 0x0, 0x0, 0x0, 0x58, 0x97, 0xb, 0x0,
    0x0, 0x0, 0x0, 0x0, 0x0, 0x6, 0x86, 0x68,
    0x0, 0x0, 0x0, 0x0, 0x40, 0x8f, 0x0, 0x0,
    0x0, 0x0, 0x0, 0x0, 0x0, 0x0, 0x0, 0x0,
    0x78, 0x52, 0x0, 0x0, 0x6, 0xae, 0x4, 0x0,
    0x0, 0x0, 0x0, 0x0, 0x0, 0x0, 0x0, 0x0,
    0x0, 0x0, 0xa6, 0xf, 0x0, 0x61, 0x4d, 0x0,
    0x0, 0x0, 0x0, 0x0, 0x0, 0x0, 0x0, 0x0,
    0x0, 0x0, 0x0, 0x35, 0x78, 0x0, 0xa1, 0x5,
    0x0, 0x0, 0x34, 0x94, 0x5a, 0x0, 0x0, 0x16,
    0x89, 0x7a, 0x7, 0x0, 0x0, 0xa6, 0x0, 0xa0,
    0x0, 0x0, 0x1, 0x79, 0xd, 0x61, 0x22, 0x0,
    0x6a, 0x1b, 0x34, 0x52, 0x0, 0x0, 0x9f, 0x0,
    0xa0, 0x0, 0x0, 0x0, 0x0, 0x0, 0x0, 0x0,
    0x0, 0x0, 0x0, 0x0, 0x0, 0x0, 0x0, 0x96,
    0x9, 0xa0, 0x0, 0x0, 0x29, 0x13, 0x0, 0x0,
    0x0, 0x0, 0x0, 0x0, 0x2, 0x28, 0x10, 0x0,
    0x9f, 0x0, 0xa2, 0x4, 0x0, 0xab, 0x67, 0x71,
    0x6f, 0x70, 0x6d, 0x71, 0x6e, 0x70, 0x65, 0x79,
    0x0, 0xa6, 0x0, 0x64, 0x4a, 0x0, 0x9e, 0xf8,
    0xd2, 0xb6, 0xa9, 0xa6, 0xad, 0xc3, 0xe4, 0xf9,
    0x2c, 0x31, 0x7b, 0x0, 0x7, 0xae, 0x3, 0xa,
    0xb2, 0xff, 0xfc, 0xbf, 0xab, 0xdf, 0xff, 0xf1,
    0x50, 0x0, 0xa4, 0x11, 0x0, 0x0, 0x44, 0x8a,
    0x0, 0x0, 0x41, 0x88, 0x71, 0x70, 0x74, 0x7b,
    0x11, 0x0, 0x72, 0x57, 0x0, 0x0, 0x0, 0x0,
    0x5f, 0x91, 0x8, 0x0, 0x0, 0x0, 0x0, 0x0,
    0x0, 0x4, 0x7f, 0x6f, 0x0, 0x0, 0x0, 0x0,
    0x0, 0x0, 0x38, 0xad, 0x72, 0x26, 0x6, 0x4,
    0x21, 0x69, 0xad, 0x44, 0x0, 0x0, 0x0, 0x0,
    0x0, 0x0, 0x0, 0x0, 0x1, 0x36, 0x7c, 0x9a,
    0x9b, 0x81, 0x3d, 0x2, 0x0, 0x0, 0x0, 0x0,
    0x0,

    /* U+1F605 "😅" */
    0x0, 0x0, 0x0, 0x0, 0x0, 0x11, 0x5a, 0x87,
    0x99, 0x86, 0x58, 0xd, 0x0, 0x0, 0x0, 0x7,
    0x0, 0x0, 0x0, 0x0, 0x0, 0xd, 0x89, 0x9c,
    0x4b, 0x19, 0x6, 0x1b, 0x4f, 0xa2, 0x81, 0xa,
    0x1b, 0xc0, 0x6, 0x0, 0x0, 0x0, 0x1f, 0xb0,
    0x2f, 0x0, 0x0, 0x0, 0x0, 0x0, 0x0, 0x0,
    0x3a, 0xaf, 0xac, 0x3a, 0x78, 0x0, 0x0, 0xd,
    0xb0, 0x13, 0x0, 0x0, 0x0, 0x0, 0x0, 0x0,
    0x0, 0x0, 0x0, 0x62, 0x64, 0x0, 0x82, 0x1a,
    0x0, 0x89, 0x30, 0x0, 0x0, 0x0, 0x0, 0x0,
    0x0, 0x0, 0x0, 0x0, 0x0, 0x90, 0x1, 0x0,
    0x16, 0x7e, 0x10, 0x9d, 0x0, 0x0, 0x0, 0x0,
    0x0, 0x0, 0x0, 0x0, 0x0, 0x0, 0x0, 0x8b,
    0x0, 0x0, 0x0, 0x8c, 0x5a, 0x4c, 0x0, 0x0,
    0x15, 0x7a, 0x5e, 0x1, 0x0, 0x1, 0x5e, 0x7a,
    0x14, 0x81, 0x3b, 0x9, 0x62, 0x57, 0x87, 0x18,
    0x0, 0x0, 0x80, 0x28, 0x51, 0x4d, 0x0, 0x4e,
    0x52, 0x27, 0x7d, 0x3, 0x5c, 0x90, 0xc3, 0x0,
    0x9a, 0x5, 0x0, 0x0, 0x0, 0x0, 0x0, 0x0,
    0x0, 0x0, 0x0, 0x0, 0x0, 0x0, 0x0, 0x4,
    0x9b, 0x0, 0x88, 0x17, 0x0, 0x1c, 0x13, 0x0,
    0x0, 0x0, 0x0, 0x0, 0x0, 0x0, 0x14, 0x1c,
    0x0, 0x17, 0x88, 0x0, 0x5c, 0x4a, 0x0, 0x9c,
    0x64, 0x6d, 0x6b, 0x6e, 0x6c, 0x6e, 0x6b, 0x6e,
    0x64, 0x9b, 0x0, 0x47, 0x5e, 0x0, 0x12, 0x9b,
    0x0, 0x78, 0xfc, 0xd9, 0xbb, 0xab, 0xa5, 0xab,
    0xbb, 0xd9, 0xfc, 0x75, 0x0, 0x9b, 0x12, 0x0,
    0x0, 0x8c, 0x2c, 0x1, 0x90, 0xfe, 0xff, 0xcd,
    0xa9, 0xcd, 0xff, 0xfd, 0x8e, 0x1, 0x2b, 0x8c,
    0x0, 0x0, 0x0, 0xf, 0xb0, 0x10, 0x0, 0x2a,
    0x88, 0x71, 0x70, 0x71, 0x86, 0x29, 0x0, 0x10,
    0xb0, 0xf, 0x0, 0x0, 0x0, 0x0, 0x22, 0xb0,
    0x29, 0x0, 0x0, 0x0, 0x0, 0x0, 0x0, 0x0,
    0x28, 0xb0, 0x22, 0x0, 0x0, 0x0, 0x0, 0x0,
    0x0, 0x10, 0x90, 0x96, 0x43, 0x10, 0x0, 0xf,
    0x42, 0x94, 0x91, 0x10, 0x0, 0x0, 0x0, 0x0,
    0x0, 0x0, 0x0, 0x0, 0x0, 0x17, 0x63, 0x90,
    0x9f, 0x90, 0x63, 0x18, 0x0, 0x0, 0x0, 0x0,
    0x0, 0x0,

    /* U+1F606 "😆" */
    0x0, 0x0, 0x0, 0x0, 0x0, 0x2d, 0x74, 0x92,
    0x94, 0x78, 0x34, 0x0, 0x0, 0x0, 0x0, 0x0,
    0x0, 0x0, 0x0, 0x0, 0x32, 0xab, 0x7a, 0x2f,
    0xe, 0xb, 0x2a, 0x72, 0xac, 0x3d, 0x0, 0x0,
    0x0, 0x0, 0x0, 0x0, 0x58, 0x97, 0xb, 0x0,
    0x0, 0x0, 0x0, 0x0, 0x0, 0x6, 0x86, 0x68,
    0x0, 0x0, 0x0, 0x0, 0x40, 0x8f, 0x0, 0x0,
    0x0, 0x0, 0x0, 0x0, 0x0, 0x0, 0x0, 0x0,
    0x78, 0x52, 0x0, 0x0, 0x6, 0xae, 0x4, 0x0,
    0x0, 0x0, 0x0, 0x0, 0x0, 0x0, 0x0, 0x0,
    0x0, 0x0, 0xa6, 0xf, 0x0, 0x61, 0x4d, 0x0,
    0x50, 0x2f, 0x0, 0x0, 0x0, 0x0, 0x0, 0x0,
    0xc, 0x72, 0xc, 0x35, 0x78, 0x0, 0xa1, 0x5,
    0x0, 0xb, 0x7b, 0x97, 0x22, 0x0, 0x0, 0x12,
    0x7c, 0x94, 0x2f, 0x0, 0x0, 0xa6, 0x0, 0xa0,
    0x0, 0x0, 0x4, 0x44, 0xa6, 0xb0, 0xc, 0x3,
    0x9a, 0xb6, 0x5d, 0x16, 0x0, 0x0, 0x9f, 0x0,
    0xa0, 0x0, 0x0, 0x54, 0x5b, 0xe, 0x0, 0x0,
    0x0, 0x0, 0x3, 0x3d, 0x86, 0xb, 0x0, 0x96,
    0x9, 0xa0, 0x0, 0x0, 0x29, 0x13, 0x0, 0x0,
    0x0, 0x0, 0x0, 0x0, 0x2, 0x28, 0x10, 0x0,
    0x9f, 0x0, 0xa2, 0x4, 0x0, 0xab, 0x67, 0x71,
    0x6f, 0x70, 0x6d, 0x71, 0x6e, 0x70, 0x65, 0x79,
    0x0, 0xa6, 0x0, 0x64, 0x4a, 0x0, 0x9e, 0xf8,
    0xd2, 0xb6, 0xa9, 0xa6, 0xad, 0xc3, 0xe4, 0xf9,
    0x2c, 0x31, 0x7b, 0x0, 0x7, 0xae, 0x3, 0xa,
    0xb2, 0xff, 0xf5, 0xb5, 0xb1, 0xf1, 0xff, 0xf1,
    0x50, 0x0, 0xa4, 0x11, 0x0, 0x0, 0x44, 0x8a,
    0x0, 0x0, 0x41, 0x77, 0x6b, 0x74, 0x91, 0x80,
    0x11, 0x0, 0x72, 0x57, 0x0, 0x0, 0x0, 0x0,
    0x5f, 0x91, 0x8, 0x0, 0x0, 0x0, 0x0, 0x0,
    0x0, 0x4, 0x7f, 0x6f, 0x0, 0x0, 0x0, 0x0,
    0x0, 0x0, 0x38, 0xad, 0x72, 0x26, 0x6, 0x4,
    0x21, 0x69, 0xad, 0x44, 0x0, 0x0, 0x0, 0x0,
    0x0, 0x0, 0x0, 0x0, 0x1, 0x36, 0x7c, 0x9a,
    0x9b, 0x81, 0x3d, 0x2, 0x0, 0x0, 0x0, 0x0,
    0x0,

    /* U+1F607 "😇" */
    0x0, 0x0, 0x0, 0x0, 0x4, 0x20, 0x30, 0x3f,
    0x47, 0x3b, 0x2c, 0x1a, 0x1, 0x0, 0x0, 0x0,
    0x0, 0x19, 0x84, 0xc9, 0xc1, 0x97, 0x73, 0x66,
    0x65, 0x69, 0x79, 0xa2, 0xc8, 0xbe, 0x6c, 0x8,
    0x18, 0xed, 0xcd, 0x17, 0x15, 0x82, 0xa4, 0x9f,
    0x96, 0xa1, 0xa5, 0x69, 0x6, 0x30, 0xf1, 0xc8,
    0x12, 0xe4, 0xef, 0xca, 0xd7, 0x36, 0x0, 0x0,
    0x0, 0x0, 0x2, 0x5c, 0xee, 0xbc, 0xfe, 0xb8,
    0x0, 0x11, 0xd7, 0xff, 0xff, 0xff, 0xf9, 0xf0,
    0xed, 0xf1, 0xfc, 0xff, 0xff, 0xff, 0x8a, 0x4,
    0x0, 0x18, 0xa2, 0x0, 0x13, 0x3d, 0x51, 0x62,
    0x6b, 0x5e, 0x4d, 0x35, 0xa, 0xd, 0xac, 0x1,
    0x0, 0x8a, 0x23, 0x0, 0x0, 0x0, 0x0, 0x0,
    0x0, 0x0, 0x0, 0x0, 0x0, 0x0, 0x61, 0x4b,
    0x0, 0xa5, 0x0, 0x0, 0x28, 0x91, 0x69, 0x0,
    0x0, 0xb, 0x83, 0x85, 0xd, 0x0, 0xe, 0x97,
    0x3, 0x9b, 0x0, 0x0, 0x5a, 0x9, 0x46, 0x1d,
    0x0, 0x41, 0x22, 0x1e, 0x46, 0x0, 0x0, 0xa0,
    0xd, 0x92, 0x0, 0x0, 0x0, 0x0, 0x0, 0x0,
    0x0, 0x0, 0x0, 0x0, 0x0, 0x0, 0x0, 0xa0,
    0x0, 0xa1, 0x0, 0x0, 0x0, 0x0, 0x0, 0x0,
    0x0, 0x0, 0x0, 0x0, 0x0, 0x0, 0x0, 0xa1,
    0x0, 0xa5, 0x1, 0x0, 0x0, 0x68, 0x2c, 0x0,
    0x0, 0x0, 0x4a, 0x49, 0x0, 0x0, 0x27, 0x7e,
    0x0, 0x60, 0x54, 0x0, 0x0, 0x19, 0x82, 0xa7,
    0xa1, 0xa7, 0x6b, 0x8, 0x0, 0x0, 0x8e, 0x24,
    0x0, 0x3, 0xac, 0x16, 0x0, 0x0, 0x0, 0x0,
    0x0, 0x0, 0x0, 0x0, 0x0, 0x3d, 0x88, 0x0,
    0x0, 0x0, 0x1b, 0xae, 0x22, 0x0, 0x0, 0x0,
    0x0, 0x0, 0x0, 0x0, 0x46, 0xa1, 0x4, 0x0,
    0x0, 0x0, 0x0, 0x12, 0x99, 0x8d, 0x39, 0xb,
    0x0, 0x12, 0x4c, 0xa0, 0x7b, 0x2, 0x0, 0x0,
    0x0, 0x0, 0x0, 0x0, 0x0, 0x21, 0x6c, 0x94,
    0x9f, 0x8e, 0x5c, 0x11, 0x0, 0x0, 0x0, 0x0,

    /* U+1F608 "😈" */
    0x0, 0x0, 0x0, 0x0, 0x0, 0x0, 0x0, 0x0,
    0x0, 0x0, 0x0, 0x0, 0x0, 0x0, 0x0, 0x0,
    0x0, 0x0, 0x75, 0xb5, 0x19, 0x0, 0x0, 0x0,
    0x28, 0x6f, 0x92, 0x97, 0x7b, 0x3b, 0x1, 0x0,
    0x0, 0x11, 0xb4, 0x64, 0x93, 0x1f, 0xac, 0x41,
    0x27, 0xa9, 0x84, 0x35, 0xf, 0x9, 0x27, 0x6d,
    0xb0, 0x47, 0x2a, 0xa6, 0x35, 0x7e, 0x77, 0x24,
    0x7, 0x72, 0x9f, 0x12, 0x0, 0x0, 0x0, 0x0,
    0x0, 0x0, 0x3, 0x80, 0x89, 0xd, 0x37, 0x62,
    0x4e, 0x5d, 0x0, 0x0, 0x0, 0x0, 0x0, 0x0,
    0x0, 0x0, 0x0, 0x0, 0x0, 0x0, 0x0, 0x0,
    0x70, 0x3a, 0xd, 0xa6, 0x0, 0x0, 0x0, 0x0,
    0x0, 0x0, 0x0, 0x0, 0x0, 0x0, 0x0, 0x0,
    0x0, 0x0, 0xb0, 0x4, 0x0, 0xa8, 0x10, 0x0,
    0x0, 0x0, 0x0, 0x0, 0x0, 0x0, 0x0, 0x0,
    0x0, 0x0, 0x0, 0xf, 0x99, 0x0, 0x0, 0xaa,
    0x1, 0x0, 0x0, 0x0, 0x0, 0x0, 0x0, 0x0,
    0x0, 0x0, 0x0, 0x0, 0x0, 0x1, 0x9f, 0x0,
    0x0, 0xa5, 0x0, 0x0, 0x2, 0x87, 0x21, 0x0,
    0x0, 0x0, 0x0, 0x8, 0x67, 0x36, 0x0, 0x0,
    0xa2, 0x0, 0xd, 0x96, 0x0, 0x0, 0x0, 0x27,
    0xf1, 0x7d, 0x3, 0x0, 0x35, 0xdb, 0x83, 0x0,
    0x0, 0x0, 0xa0, 0x0, 0x1, 0xa1, 0x0, 0x0,
    0x0, 0x2f, 0xff, 0xd0, 0x4, 0x0, 0x62, 0xff,
    0x9a, 0x0, 0x0, 0x0, 0xa0, 0x0, 0x0, 0xaa,
    0x0, 0x0, 0x0, 0x1, 0x73, 0x2f, 0x0, 0x0,
    0x3, 0x76, 0x26, 0x0, 0x0, 0x1, 0xa4, 0x0,
    0x0, 0x82, 0x2e, 0x0, 0x0, 0x0, 0x5, 0x0,
    0x0, 0x0, 0x0, 0x5, 0x0, 0x0, 0x0, 0x3e,
    0x6e, 0x0, 0x0, 0x15, 0xa7, 0x0, 0x0, 0x0,
    0x67, 0x8b, 0x1f, 0xa, 0x55, 0xad, 0x6, 0x0,
    0x1, 0xa9, 0xb, 0x0, 0x0, 0x0, 0x5f, 0x74,
    0x0, 0x0, 0x0, 0x2b, 0x85, 0x96, 0x58, 0x3,
    0x0, 0x0, 0x7f, 0x4c, 0x0, 0x0, 0x0, 0x0,
    0x0, 0x76, 0x83, 0x4, 0x0, 0x0, 0x0, 0x0,
    0x0, 0x0, 0x6, 0x89, 0x65, 0x0, 0x0, 0x0,
    0x0, 0x0, 0x0, 0x0, 0x46, 0xaf, 0x6b, 0x22,
    0x5, 0x6, 0x25, 0x6f, 0xaa, 0x3b, 0x0, 0x0,
    0x0, 0x0, 0x0, 0x0, 0x0, 0x0, 0x0, 0x2,
    0x3d, 0x80, 0x9b, 0x9a, 0x7d, 0x37, 0x1, 0x0,
    0x0, 0x0, 0x0, 0x0,

    /* U+1F609 "😉" */
    0x0, 0x0, 0x0, 0x0, 0x0, 0x2d, 0x74, 0x92,
    0x94, 0x78, 0x34, 0x0, 0x0, 0x0, 0x0, 0x0,
    0x0, 0x0, 0x0, 0x0, 0x32, 0xab, 0x7a, 0x2f,
    0xe, 0xb, 0x2a, 0x72, 0xac, 0x3d, 0x0, 0x0,
    0x0, 0x0, 0x0, 0x0, 0x58, 0x97, 0xb, 0x0,
    0x0, 0x0, 0x0, 0x0, 0x0, 0x6, 0x86, 0x68,
    0x0, 0x0, 0x0, 0x0, 0x40, 0x8f, 0x0, 0x9,
    0x20, 0x0, 0x0, 0x0, 0x0, 0x0, 0x0, 0x0,
    0x78, 0x52, 0x0, 0x0, 0x6, 0xae, 0x4, 0x32,
    0xae, 0x38, 0x0, 0x0, 0x0, 0x0, 0x0, 0x0,
    0x0, 0x0, 0xa6, 0xf, 0x0, 0x61, 0x4d, 0x0,
    0x88, 0x6, 0x0, 0x0, 0x0, 0x0, 0x0, 0x0,
    0x0, 0x0, 0x0, 0x35, 0x78, 0x0, 0xa1, 0x5,
    0x0, 0x0, 0x23, 0x5e, 0x0, 0x0, 0x0, 0x0,
    0xe, 0x82, 0x39, 0x0, 0x0, 0xa6, 0x0, 0xa0,
    0x0, 0x0, 0x0, 0xa9, 0xff, 0x2c, 0x0, 0x0,
    0x2c, 0xb6, 0x30, 0x0, 0x0, 0x0, 0x9f, 0x0,
    0xa0, 0x0, 0x0, 0x0, 0x5e, 0xbe, 0xb, 0x0,
    0x0, 0x46, 0x91, 0xa9, 0x53, 0x0, 0x0, 0x96,
    0x9, 0xa0, 0x0, 0x0, 0x0, 0x0, 0x0, 0x0,
    0x0, 0x0, 0x0, 0x0, 0x0, 0x0, 0x0, 0x0,
    0x9f, 0x0, 0xa2, 0x4, 0x0, 0x0, 0x0, 0x0,
    0x0, 0x0, 0x0, 0x0, 0x0, 0x0, 0x0, 0x0,
    0x0, 0xa6, 0x0, 0x64, 0x4a, 0x0, 0x0, 0x40,
    0xa5, 0x3b, 0x4, 0x5, 0x3e, 0xa7, 0x3d, 0x0,
    0x0, 0x31, 0x7b, 0x0, 0x7, 0xae, 0x3, 0x0,
    0x0, 0x13, 0x6b, 0x9b, 0x9b, 0x6a, 0x12, 0x0,
    0x0, 0x0, 0xa4, 0x11, 0x0, 0x0, 0x44, 0x8a,
    0x0, 0x0, 0x0, 0x0, 0x0, 0x0, 0x0, 0x0,
    0x0, 0x0, 0x72, 0x57, 0x0, 0x0, 0x0, 0x0,
    0x5f, 0x91, 0x8, 0x0, 0x0, 0x0, 0x0, 0x0,
    0x0, 0x4, 0x7f, 0x6f, 0x0, 0x0, 0x0, 0x0,
    0x0, 0x0, 0x38, 0xad, 0x72, 0x26, 0x6, 0x4,
    0x21, 0x69, 0xad, 0x44, 0x0, 0x0, 0x0, 0x0,
    0x0, 0x0, 0x0, 0x0, 0x1, 0x36, 0x7c, 0x9a,
    0x9b, 0x81, 0x3d, 0x2, 0x0, 0x0, 0x0, 0x0,
    0x0,

    /* U+1F60A "😊" */
    0x0, 0x0, 0x0, 0x0, 0x0, 0x2d, 0x74, 0x92,
    0x94, 0x78, 0x34, 0x0, 0x0, 0x0, 0x0, 0x0,
    0x0, 0x0, 0x0, 0x0, 0x32, 0xab, 0x7a, 0x2f,
    0xe, 0xb, 0x2a, 0x72, 0xac, 0x3d, 0x0, 0x0,
    0x0, 0x0, 0x0, 0x0, 0x58, 0x97, 0xb, 0x0,
    0x0, 0x0, 0x0, 0x0, 0x0, 0x6, 0x86, 0x68,
    0x0, 0x0, 0x0, 0x0, 0x40, 0x8f, 0x0, 0x0,
    0x0, 0x0, 0x0, 0x0, 0x0, 0x0, 0x0, 0x0,
    0x78, 0x52, 0x0, 0x0, 0x6, 0xae, 0x4, 0x0,
    0x0, 0x0, 0x0, 0x0, 0x0, 0x0, 0x0, 0x0,
    0x0, 0x0, 0xa6, 0xf, 0x0, 0x61, 0x4d, 0x0,
    0x0, 0x0, 0x0, 0x0, 0x0, 0x0, 0x0, 0x0,
    0x0, 0x0, 0x0, 0x35, 0x78, 0x0, 0xa1, 0x5,
    0x0, 0x0, 0x80, 0xa5, 0x4a, 0x0, 0x0, 0x3a,
    0xa5, 0x8e, 0x2, 0x0, 0x0, 0xa6, 0x0, 0xa0,
    0x0, 0x0, 0x1c, 0x66, 0x0, 0x81, 0x0, 0x0,
    0x7e, 0x3, 0x55, 0x2f, 0x0, 0x0, 0x9f, 0x0,
    0xa0, 0x0, 0x0, 0x0, 0xe, 0x0, 0x0, 0x0,
    0x0, 0x0, 0x0, 0x0, 0x10, 0x0, 0x0, 0x96,
    0x9, 0xa0, 0x0, 0x3, 0x68, 0x73, 0x5c, 0x0,
    0x0, 0x0, 0x0, 0x11, 0x6e, 0x77, 0x4a, 0x0,
    0x9f, 0x0, 0xa2, 0x4, 0x6, 0x30, 0x22, 0xd,
    0x0, 0x0, 0x0, 0x0, 0x11, 0x37, 0x1c, 0x3,
    0x0, 0xa6, 0x0, 0x64, 0x4a, 0x0, 0x0, 0x0,
    0x57, 0x13, 0x0, 0x0, 0xd, 0x5d, 0x0, 0x0,
    0x0, 0x31, 0x7b, 0x0, 0x7, 0xae, 0x3, 0x0,
    0x0, 0x33, 0x95, 0xa0, 0xa0, 0x99, 0x3d, 0x0,
    0x0, 0x0, 0xa4, 0x11, 0x0, 0x0, 0x44, 0x8a,
    0x0, 0x0, 0x0, 0x0, 0x0, 0x0, 0x0, 0x0,
    0x0, 0x0, 0x72, 0x57, 0x0, 0x0, 0x0, 0x0,
    0x5f, 0x91, 0x8, 0x0, 0x0, 0x0, 0x0, 0x0,
    0x0, 0x4, 0x7f, 0x6f, 0x0, 0x0, 0x0, 0x0,
    0x0, 0x0, 0x38, 0xad, 0x72, 0x26, 0x6, 0x4,
    0x21, 0x69, 0xad, 0x44, 0x0, 0x0, 0x0, 0x0,
    0x0, 0x0, 0x0, 0x0, 0x1, 0x36, 0x7c, 0x9a,
    0x9b, 0x81, 0x3d, 0x2, 0x0, 0x0, 0x0, 0x0,
    0x0,

    /* U+1F60B "😋" */
    0x0, 0x0, 0x0, 0x0, 0x0, 0x27, 0x6f, 0x8f,
    0x96, 0x7d, 0x3f, 0x3, 0x0, 0x0, 0x0, 0x0,
    0x0, 0x0, 0x0, 0x0, 0x2c, 0xa6, 0x82, 0x34,
    0x10, 0x9, 0x23, 0x66, 0xaa, 0x56, 0x0, 0x0,
    0x0, 0x0, 0x0, 0x0, 0x51, 0x9d, 0xf, 0x0,
    0x0, 0x0, 0x0, 0x0, 0x0, 0x1, 0x66, 0x8c,
    0x1, 0x0, 0x0, 0x0, 0x3c, 0x94, 0x0, 0x0,
    0x0, 0x0, 0x0, 0x0, 0x0, 0x0, 0x0, 0x0,
    0x4a, 0x80, 0x0, 0x0, 0x5, 0xae, 0x5, 0x0,
    0x0, 0x0, 0x0, 0x0, 0x0, 0x0, 0x0, 0x0,
    0x0, 0x0, 0x81, 0x30, 0x0, 0x60, 0x4d, 0x0,
    0x0, 0x0, 0x0, 0x0, 0x0, 0x0, 0x0, 0x0,
    0x0, 0x0, 0x0, 0xc, 0x9a, 0x0, 0xa1, 0x5,
    0x0, 0x33, 0xb0, 0xad, 0x52, 0x0, 0x0, 0x21,
    0xac, 0xab, 0x6a, 0x0, 0x0, 0x97, 0x9, 0xa0,
    0x0, 0x0, 0x3b, 0x9, 0x0, 0x43, 0x0, 0x0,
    0x30, 0x14, 0x0, 0x44, 0x0, 0x0, 0x6d, 0x2e,
    0xa0, 0x0, 0x0, 0x0, 0x0, 0x0, 0x0, 0x0,
    0x0, 0x0, 0x0, 0x0, 0x0, 0x0, 0x0, 0x5b,
    0x42, 0xa0, 0x8, 0x59, 0x0, 0x0, 0x0, 0x0,
    0x0, 0x0, 0x0, 0x0, 0x0, 0x0, 0x2d, 0x33,
    0x76, 0x34, 0xa2, 0x4, 0x9e, 0x21, 0x0, 0x0,
    0x0, 0x0, 0x0, 0x0, 0x0, 0x0, 0x3, 0xd2,
    0xf, 0x9e, 0xb, 0x63, 0x4a, 0x13, 0xb1, 0x18,
    0x0, 0x0, 0x0, 0x0, 0x0, 0x0, 0x2, 0x94,
    0xa1, 0x92, 0xa9, 0x0, 0x7, 0xae, 0x4, 0x1a,
    0xaa, 0x5e, 0x8, 0x0, 0x0, 0x0, 0x38, 0xe5,
    0x65, 0x0, 0x87, 0x84, 0x0, 0x0, 0x40, 0x8f,
    0x0, 0x1, 0x51, 0x9d, 0xa0, 0xa4, 0xff, 0x73,
    0x20, 0x8b, 0x0, 0xa, 0x9f, 0x0, 0x0, 0x0,
    0x58, 0x98, 0xb, 0x0, 0x0, 0x0, 0x0, 0x5e,
    0x87, 0x0, 0x0, 0x0, 0x10, 0x95, 0x0, 0x0,
    0x0, 0x0, 0x32, 0xaa, 0x79, 0x2c, 0x8, 0x3,
    0x1c, 0xbb, 0xd4, 0x12, 0xd, 0xa2, 0x2b, 0x0,
    0x0, 0x0, 0x0, 0x0, 0x0, 0x2f, 0x78, 0x98,
    0x9b, 0x81, 0x45, 0x31, 0x91, 0x98, 0x2f, 0x0,
    0x0,

    /* U+1F60C "😌" */
    0x0, 0x0, 0x0, 0x0, 0x0, 0x2d, 0x74, 0x92,
    0x94, 0x78, 0x34, 0x0, 0x0, 0x0, 0x0, 0x0,
    0x0, 0x0, 0x0, 0x0, 0x32, 0xab, 0x7a, 0x2f,
    0xe, 0xb, 0x2a, 0x72, 0xac, 0x3d, 0x0, 0x0,
    0x0, 0x0, 0x0, 0x0, 0x58, 0x97, 0xb, 0x0,
    0x0, 0x0, 0x0, 0x0, 0x0, 0x6, 0x86, 0x68,
    0x0, 0x0, 0x0, 0x0, 0x40, 0x8f, 0x0, 0x0,
    0x0, 0x0, 0x0, 0x0, 0x0, 0x0, 0x0, 0x0,
    0x78, 0x52, 0x0, 0x0, 0x6, 0xae, 0x4, 0x28,
    0x91, 0x3a, 0x0, 0x0, 0x0, 0x0, 0x2c, 0x95,
    0x32, 0x0, 0xa6, 0xf, 0x0, 0x61, 0x4d, 0x21,
    0x96, 0xd, 0x0, 0x0, 0x0, 0x0, 0x0, 0x0,
    0x9, 0x89, 0x33, 0x35, 0x78, 0x0, 0xa1, 0x5,
    0x0, 0x0, 0x0, 0x0, 0x0, 0x0, 0x0, 0x0,
    0x0, 0x0, 0x0, 0x0, 0x0, 0xa6, 0x0, 0xa0,
    0x0, 0x0, 0x30, 0x0, 0x1, 0x2e, 0x0, 0x0,
    0x2b, 0x5, 0x0, 0x30, 0x0, 0x0, 0x9f, 0x0,
    0xa0, 0x0, 0x0, 0x40, 0x8e, 0x8f, 0x32, 0x0,
    0x0, 0x26, 0x90, 0x8c, 0x4f, 0x0, 0x0, 0x96,
    0x9, 0xa0, 0x0, 0x0, 0x0, 0x0, 0x0, 0x0,
    0x0, 0x0, 0x0, 0x0, 0x0, 0x0, 0x0, 0x0,
    0x9f, 0x0, 0xa2, 0x4, 0x0, 0x0, 0x0, 0x0,
    0x0, 0x0, 0x0, 0x0, 0x0, 0x0, 0x0, 0x0,
    0x0, 0xa6, 0x0, 0x64, 0x4a, 0x0, 0x0, 0x0,
    0x0, 0x0, 0x0, 0x0, 0x0, 0x0, 0x0, 0x0,
    0x0, 0x31, 0x7b, 0x0, 0x7, 0xae, 0x3, 0x0,
    0x0, 0x3d, 0x8b, 0x19, 0x13, 0x81, 0x50, 0x0,
    0x0, 0x0, 0xa4, 0x11, 0x0, 0x0, 0x44, 0x8a,
    0x0, 0x0, 0x0, 0x21, 0x7e, 0x83, 0x2b, 0x0,
    0x0, 0x0, 0x72, 0x57, 0x0, 0x0, 0x0, 0x0,
    0x5f, 0x91, 0x8, 0x0, 0x0, 0x0, 0x0, 0x0,
    0x0, 0x4, 0x7f, 0x6f, 0x0, 0x0, 0x0, 0x0,
    0x0, 0x0, 0x38, 0xad, 0x72, 0x26, 0x6, 0x4,
    0x21, 0x69, 0xad, 0x44, 0x0, 0x0, 0x0, 0x0,
    0x0, 0x0, 0x0, 0x0, 0x1, 0x36, 0x7c, 0x9a,
    0x9b, 0x81, 0x3d, 0x2, 0x0, 0x0, 0x0, 0x0,
    0x0,

    /* U+1F60D "😍" */
    0x0, 0x0, 0x0, 0x0, 0x0, 0x2d, 0x74, 0x92,
    0x94, 0x78, 0x34, 0x0, 0x0, 0x0, 0x0, 0x0,
    0x0, 0x0, 0x0, 0x0, 0x32, 0xab, 0x7a, 0x2f,
    0xe, 0xb, 0x2a, 0x72, 0xac, 0x3d, 0x0, 0x0,
    0x0, 0x0, 0x0, 0x0, 0x58, 0x97, 0xb, 0x0,
    0x0, 0x0, 0x0, 0x0, 0x0, 0x6, 0x86, 0x68,
    0x0, 0x0, 0x0, 0x0, 0x40, 0x8f, 0x0, 0x0,
    0x0, 0x0, 0x0, 0x0, 0x0, 0x0, 0x0, 0x0,
    0x78, 0x52, 0x0, 0x0, 0x6, 0xae, 0x4, 0x9,
    0x24, 0x91, 0x45, 0x0, 0x0, 0x1b, 0x92, 0x4c,
    0x5, 0x4, 0xa6, 0xf, 0x0, 0x61, 0x4d, 0xb9,
    0xfd, 0xf2, 0xff, 0xf1, 0x3, 0x0, 0xa5, 0xff,
    0xfd, 0xf3, 0xe9, 0x56, 0x78, 0x0, 0xa1, 0xd,
    0xfe, 0xff, 0xff, 0xff, 0xfb, 0x6, 0x0, 0xb2,
    0xff, 0xff, 0xff, 0xff, 0x5a, 0xa6, 0x0, 0xa0,
    0x0, 0xb6, 0xff, 0xff, 0xff, 0xa8, 0x0, 0x0,
    0x59, 0xff, 0xff, 0xff, 0xef, 0x1a, 0x9f, 0x0,
    0xa0, 0x0, 0x10, 0x9e, 0xfa, 0xe1, 0x18, 0x0,
    0x0, 0x0, 0xa9, 0xff, 0xc9, 0x33, 0x0, 0x96,
    0x9, 0xa0, 0x0, 0x0, 0x0, 0x10, 0x19, 0x0,
    0x0, 0x0, 0x0, 0x5, 0x24, 0x0, 0x0, 0x0,
    0x9f, 0x0, 0xa2, 0x4, 0x0, 0x0, 0x0, 0x0,
    0xd, 0x3, 0x0, 0xd, 0x2, 0x0, 0x0, 0x0,
    0x0, 0xa6, 0x0, 0x64, 0x4a, 0x0, 0x0, 0x0,
    0xf, 0xf4, 0xf8, 0xea, 0xff, 0x90, 0x0, 0x0,
    0x0, 0x31, 0x7b, 0x0, 0x7, 0xae, 0x3, 0x0,
    0x0, 0x7, 0xd5, 0xff, 0xff, 0xff, 0x69, 0x0,
    0x0, 0x0, 0xa4, 0x11, 0x0, 0x0, 0x44, 0x8a,
    0x0, 0x0, 0x0, 0xb, 0x65, 0x7f, 0x3b, 0x0,
    0x0, 0x0, 0x72, 0x57, 0x0, 0x0, 0x0, 0x0,
    0x5f, 0x91, 0x8, 0x0, 0x0, 0x0, 0x0, 0x0,
    0x0, 0x4, 0x7f, 0x6f, 0x0, 0x0, 0x0, 0x0,
    0x0, 0x0, 0x38, 0xad, 0x72, 0x26, 0x6, 0x4,
    0x21, 0x69, 0xad, 0x44, 0x0, 0x0, 0x0, 0x0,
    0x0, 0x0, 0x0, 0x0, 0x1, 0x36, 0x7c, 0x9a,
    0x9b, 0x81, 0x3d, 0x2, 0x0, 0x0, 0x0, 0x0,
    0x0,

    /* U+1F60E "😎" */
    0x0, 0x0, 0x0, 0x0, 0x0, 0x0, 0x27, 0x6f,
    0x8f, 0x96, 0x7d, 0x3f, 0x3, 0x0, 0x0, 0x0,
    0x0, 0x0, 0x0, 0x0, 0x0, 0x0, 0x2c, 0xa6,
    0x82, 0x34, 0x10, 0x9, 0x24, 0x67, 0xac, 0x56,
    0x0, 0x0, 0x0, 0x0, 0x0, 0x0, 0x0, 0x51,
    0x9d, 0xf, 0x0, 0x0, 0x0, 0x0, 0x0, 0x0,
    0x1, 0x68, 0x8c, 0x1, 0x0, 0x0, 0x0, 0x0,
    0x3c, 0x94, 0x0, 0x0, 0x0, 0x0, 0x0, 0x0,
    0x0, 0x0, 0x0, 0x0, 0x4b, 0x80, 0x0, 0x0,
    0x0, 0x14, 0xd0, 0x30, 0x2d, 0x26, 0x16, 0x8,
    0x0, 0x0, 0x1, 0xe, 0x1d, 0x27, 0x2d, 0xac,
    0x4b, 0x6, 0x13, 0xff, 0xff, 0xec, 0xf3, 0xff,
    0xff, 0xff, 0xfc, 0xf6, 0xfe, 0xfb, 0xe4, 0xff,
    0xff, 0xff, 0xff, 0x9b, 0x0, 0xff, 0xff, 0x61,
    0xf4, 0xff, 0xff, 0xff, 0xa4, 0x68, 0xfe, 0x82,
    0xd4, 0xff, 0xff, 0xff, 0xff, 0x1e, 0x0, 0xff,
    0xff, 0xe0, 0xff, 0xff, 0xff, 0xfc, 0x17, 0x0,
    0xbe, 0xe0, 0xff, 0xff, 0xff, 0xff, 0xff, 0x2e,
    0x0, 0xfa, 0xff, 0xff, 0xff, 0xff, 0xff, 0xb3,
    0x0, 0x0, 0x60, 0xff, 0xff, 0xff, 0xff, 0xff,
    0xff, 0x41, 0x0, 0xa4, 0xae, 0xff, 0xff, 0xff,
    0xca, 0x1e, 0x0, 0x0, 0x3, 0x96, 0xfb, 0xff,
    0xff, 0xdc, 0x98, 0x2e, 0x0, 0xa2, 0x4, 0x17,
    0x32, 0x1f, 0x0, 0x0, 0x0, 0x0, 0x0, 0x0,
    0x12, 0x31, 0x25, 0x1, 0x9a, 0xb, 0x0, 0x63,
    0x4a, 0x0, 0x0, 0x25, 0xa2, 0x39, 0x1, 0x0,
    0x1e, 0x83, 0x62, 0x0, 0x0, 0xc, 0x9e, 0x0,
    0x0, 0x7, 0xae, 0x4, 0x0, 0x0, 0x12, 0x6f,
    0x9f, 0xa0, 0x86, 0x2d, 0x0, 0x0, 0x0, 0x80,
    0x34, 0x0, 0x0, 0x0, 0x40, 0x8f, 0x0, 0x0,
    0x0, 0x0, 0x0, 0x0, 0x0, 0x0, 0x0, 0x0,
    0x45, 0x84, 0x0, 0x0, 0x0, 0x0, 0x0, 0x58,
    0x98, 0xb, 0x0, 0x0, 0x0, 0x0, 0x0, 0x0,
    0x0, 0x5f, 0x92, 0x2, 0x0, 0x0, 0x0, 0x0,
    0x0, 0x0, 0x32, 0xaa, 0x79, 0x2c, 0x8, 0x3,
    0x1b, 0x5e, 0xaa, 0x5f, 0x0, 0x0, 0x0, 0x0,
    0x0, 0x0, 0x0, 0x0, 0x0, 0x0, 0x2f, 0x78,
    0x98, 0x9d, 0x86, 0x48, 0x6, 0x0, 0x0, 0x0,
    0x0, 0x0,

    /* U+1F60F "😏" */
    0x0, 0x0, 0x0, 0x0, 0x0, 0x2d, 0x74, 0x92,
    0x94, 0x78, 0x34, 0x0, 0x0, 0x0, 0x0, 0x0,
    0x0, 0x0, 0x0, 0x0, 0x32, 0xab, 0x7a, 0x2f,
    0xe, 0xb, 0x2a, 0x72, 0xac, 0x3d, 0x0, 0x0,
    0x0, 0x0, 0x0, 0x0, 0x58, 0x97, 0xb, 0x0,
    0x0, 0x0, 0x0, 0x0, 0x0, 0x6, 0x86, 0x68,
    0x0, 0x0, 0x0, 0x0, 0x40, 0x8f, 0x0, 0x0,
    0x0, 0x0, 0x0, 0x0, 0x0, 0x0, 0x0, 0x0,
    0x78, 0x52, 0x0, 0x0, 0x6, 0xae, 0x4, 0x0,
    0x2, 0x0, 0x0, 0x0, 0x0, 0x0, 0x0, 0x2,
    0x0, 0x0, 0xa6, 0xf, 0x0, 0x61, 0x4d, 0x31,
    0x8f, 0x66, 0x0, 0x0, 0x0, 0x0, 0x0, 0x0,
    0x51, 0x8c, 0x47, 0x35, 0x78, 0x0, 0xa1, 0x5,
    0x52, 0x1, 0x0, 0x0, 0x0, 0x0, 0x0, 0x0,
    0x0, 0x0, 0x0, 0x4f, 0x4, 0xa6, 0x0, 0xa0,
    0x0, 0x0, 0x5e, 0xb0, 0xaa, 0xc, 0x0, 0x0,
    0x0, 0x81, 0xb7, 0x96, 0x1, 0x0, 0x9f, 0x0,
    0xa0, 0x0, 0x0, 0xb, 0x8a, 0xfa, 0x22, 0x0,
    0x0, 0x0, 0xc, 0xae, 0xf0, 0x9, 0x0, 0x96,
    0x9, 0xa0, 0x0, 0x0, 0x0, 0x2, 0x13, 0x0,
    0x0, 0x0, 0x0, 0x0, 0x6, 0xf, 0x0, 0x0,
    0x9f, 0x0, 0xa2, 0x4, 0x0, 0x0, 0x0, 0x0,
    0x0, 0x0, 0x0, 0x0, 0x0, 0x0, 0x0, 0x0,
    0x0, 0xa6, 0x0, 0x64, 0x4a, 0x0, 0x0, 0x0,
    0x0, 0x0, 0x0, 0x0, 0x0, 0x28, 0x57, 0x0,
    0x0, 0x31, 0x7b, 0x0, 0x7, 0xae, 0x3, 0x0,
    0x0, 0x0, 0x0, 0x0, 0x0, 0xc, 0xa5, 0x22,
    0x0, 0x0, 0xa4, 0x11, 0x0, 0x0, 0x44, 0x8a,
    0x0, 0x0, 0x48, 0xa0, 0xa0, 0x9f, 0x9a, 0x35,
    0x0, 0x0, 0x72, 0x57, 0x0, 0x0, 0x0, 0x0,
    0x5f, 0x91, 0x8, 0x0, 0x0, 0x0, 0x0, 0x0,
    0x0, 0x4, 0x7f, 0x6f, 0x0, 0x0, 0x0, 0x0,
    0x0, 0x0, 0x38, 0xad, 0x72, 0x26, 0x6, 0x4,
    0x21, 0x69, 0xad, 0x44, 0x0, 0x0, 0x0, 0x0,
    0x0, 0x0, 0x0, 0x0, 0x1, 0x36, 0x7c, 0x9a,
    0x9b, 0x81, 0x3d, 0x2, 0x0, 0x0, 0x0, 0x0,
    0x0,

    /* U+1F610 "😐" */
    0x0, 0x0, 0x0, 0x0, 0x0, 0x2d, 0x74, 0x92,
    0x94, 0x78, 0x34, 0x0, 0x0, 0x0, 0x0, 0x0,
    0x0, 0x0, 0x0, 0x0, 0x32, 0xab, 0x7a, 0x2f,
    0xe, 0xb, 0x2a, 0x72, 0xac, 0x3d, 0x0, 0x0,
    0x0, 0x0, 0x0, 0x0, 0x58, 0x97, 0xb, 0x0,
    0x0, 0x0, 0x0, 0x0, 0x0, 0x6, 0x86, 0x68,
    0x0, 0x0, 0x0, 0x0, 0x40, 0x8f, 0x0, 0x0,
    0x0, 0x0, 0x0, 0x0, 0x0, 0x0, 0x0, 0x0,
    0x78, 0x52, 0x0, 0x0, 0x6, 0xae, 0x4, 0x0,
    0x0, 0x0, 0x0, 0x0, 0x0, 0x0, 0x0, 0x0,
    0x0, 0x0, 0xa6, 0xf, 0x0, 0x61, 0x4d, 0x0,
    0x0, 0x0, 0x0, 0x0, 0x0, 0x0, 0x0, 0x0,
    0x0, 0x0, 0x0, 0x35, 0x78, 0x0, 0xa1, 0x5,
    0x0, 0x0, 0x23, 0x5e, 0x0, 0x0, 0x0, 0x0,
    0x4c, 0x35, 0x0, 0x0, 0x0, 0xa6, 0x0, 0xa0,
    0x0, 0x0, 0x0, 0xa9, 0xff, 0x2c, 0x0, 0x0,
    0x6, 0xfb, 0xd4, 0x0, 0x0, 0x0, 0x9f, 0x0,
    0xa0, 0x0, 0x0, 0x0, 0x5e, 0xbe, 0xb, 0x0,
    0x0, 0x0, 0xa7, 0x80, 0x0, 0x0, 0x0, 0x96,
    0x9, 0xa0, 0x0, 0x0, 0x0, 0x0, 0x0, 0x0,
    0x0, 0x0, 0x0, 0x0, 0x0, 0x0, 0x0, 0x0,
    0x9f, 0x0, 0xa2, 0x4, 0x0, 0x0, 0x0, 0x0,
    0x0, 0x0, 0x0, 0x0, 0x0, 0x0, 0x0, 0x0,
    0x0, 0xa6, 0x0, 0x64, 0x4a, 0x0, 0x0, 0x61,
    0xa0, 0xa0, 0xa0, 0xa0, 0xa0, 0xa0, 0x7f, 0x0,
    0x0, 0x31, 0x7b, 0x0, 0x7, 0xae, 0x3, 0x0,
    0x0, 0x0, 0x0, 0x0, 0x0, 0x0, 0x0, 0x0,
    0x0, 0x0, 0xa4, 0x11, 0x0, 0x0, 0x44, 0x8a,
    0x0, 0x0, 0x0, 0x0, 0x0, 0x0, 0x0, 0x0,
    0x0, 0x0, 0x72, 0x57, 0x0, 0x0, 0x0, 0x0,
    0x5f, 0x91, 0x8, 0x0, 0x0, 0x0, 0x0, 0x0,
    0x0, 0x4, 0x7f, 0x6f, 0x0, 0x0, 0x0, 0x0,
    0x0, 0x0, 0x38, 0xad, 0x72, 0x26, 0x6, 0x4,
    0x21, 0x69, 0xad, 0x44, 0x0, 0x0, 0x0, 0x0,
    0x0, 0x0, 0x0, 0x0, 0x1, 0x36, 0x7c, 0x9a,
    0x9b, 0x81, 0x3d, 0x2, 0x0, 0x0, 0x0, 0x0,
    0x0,

    /* U+1F611 "😑" */
    0x0, 0x0, 0x0, 0x0, 0x0, 0x2d, 0x74, 0x92,
    0x94, 0x78, 0x34, 0x0, 0x0, 0x0, 0x0, 0x0,
    0x0, 0x0, 0x0, 0x0, 0x32, 0xab, 0x7a, 0x2f,
    0xe, 0xb, 0x2a, 0x72, 0xac, 0x3d, 0x0, 0x0,
    0x0, 0x0, 0x0, 0x0, 0x58, 0x97, 0xb, 0x0,
    0x0, 0x0, 0x0, 0x0, 0x0, 0x6, 0x86, 0x68,
    0x0, 0x0, 0x0, 0x0, 0x40, 0x8f, 0x0, 0x0,
    0x0, 0x0, 0x0, 0x0, 0x0, 0x0, 0x0, 0x0,
    0x78, 0x52, 0x0, 0x0, 0x6, 0xae, 0x4, 0x0,
    0x0, 0x0, 0x0, 0x0, 0x0, 0x0, 0x0, 0x0,
    0x0, 0x0, 0xa6, 0xf, 0x0, 0x61, 0x4d, 0x0,
    0x0, 0x0, 0x0, 0x0, 0x0, 0x0, 0x0, 0x0,
    0x0, 0x0, 0x0, 0x35, 0x78, 0x0, 0xa1, 0x5,
    0x0, 0x0, 0x0, 0x0, 0x0, 0x0, 0x0, 0x0,
    0x0, 0x0, 0x0, 0x0, 0x0, 0xa6, 0x0, 0xa0,
    0x0, 0x0, 0xc, 0xa0, 0xa0, 0x82, 0x0, 0x0,
    0x1e, 0xa0, 0xa0, 0x70, 0x0, 0x0, 0x9f, 0x0,
    0xa0, 0x0, 0x0, 0x0, 0x0, 0x0, 0x0, 0x0,
    0x0, 0x0, 0x0, 0x0, 0x0, 0x0, 0x0, 0x96,
    0x9, 0xa0, 0x0, 0x0, 0x0, 0x0, 0x0, 0x0,
    0x0, 0x0, 0x0, 0x0, 0x0, 0x0, 0x0, 0x0,
    0x9f, 0x0, 0xa2, 0x4, 0x0, 0x0, 0x0, 0x0,
    0x0, 0x0, 0x0, 0x0, 0x0, 0x0, 0x0, 0x0,
    0x0, 0xa6, 0x0, 0x64, 0x4a, 0x0, 0x0, 0x7a,
    0xa0, 0xa0, 0xa0, 0xa0, 0xa0, 0xa0, 0xa0, 0x3e,
    0x0, 0x31, 0x7b, 0x0, 0x7, 0xae, 0x3, 0x0,
    0x0, 0x0, 0x0, 0x0, 0x0, 0x0, 0x0, 0x0,
    0x0, 0x0, 0xa4, 0x11, 0x0, 0x0, 0x44, 0x8a,
    0x0, 0x0, 0x0, 0x0, 0x0, 0x0, 0x0, 0x0,
    0x0, 0x0, 0x72, 0x57, 0x0, 0x0, 0x0, 0x0,
    0x5f, 0x91, 0x8, 0x0, 0x0, 0x0, 0x0, 0x0,
    0x0, 0x4, 0x7f, 0x6f, 0x0, 0x0, 0x0, 0x0,
    0x0, 0x0, 0x38, 0xad, 0x72, 0x26, 0x6, 0x4,
    0x21, 0x69, 0xad, 0x44, 0x0, 0x0, 0x0, 0x0,
    0x0, 0x0, 0x0, 0x0, 0x1, 0x36, 0x7c, 0x9a,
    0x9b, 0x81, 0x3d, 0x2, 0x0, 0x0, 0x0, 0x0,
    0x0,

    /* U+1F612 "😒" */
    0x0, 0x0, 0x0, 0x0, 0x0, 0x2d, 0x74, 0x92,
    0x94, 0x78, 0x34, 0x0, 0x0, 0x0, 0x0, 0x0,
    0x0, 0x0, 0x0, 0x0, 0x32, 0xab, 0x7a, 0x2f,
    0xe, 0xb, 0x2a, 0x72, 0xac, 0x3d, 0x0, 0x0,
    0x0, 0x0, 0x0, 0x0, 0x58, 0x97, 0xb, 0x0,
    0x0, 0x0, 0x0, 0x0, 0x0, 0x6, 0x86, 0x68,
    0x0, 0x0, 0x0, 0x0, 0x40, 0x8f, 0x0, 0x0,
    0x0, 0x0, 0x0, 0x0, 0x0, 0x0, 0x0, 0x0,
    0x78, 0x52, 0x0, 0x0, 0x6, 0xae, 0x4, 0x0,
    0x0, 0x0, 0x0, 0x0, 0x0, 0x0, 0x0, 0x0,
    0x0, 0x0, 0xa6, 0xf, 0x0, 0x61, 0x4d, 0x3,
    0x54, 0x82, 0xf, 0x0, 0x0, 0x0, 0x0, 0x0,
    0x78, 0x64, 0xc, 0x35, 0x78, 0x0, 0xa1, 0x5,
    0x59, 0x3e, 0x9, 0x0, 0x0, 0x0, 0x0, 0x0,
    0x0, 0x5, 0x2b, 0x6f, 0x0, 0xa6, 0x0, 0xa0,
    0x0, 0x0, 0x73, 0xc6, 0xa9, 0xd, 0x0, 0x0,
    0x1, 0x81, 0xc6, 0xa7, 0xd, 0x0, 0x9f, 0x0,
    0xa0, 0x0, 0x0, 0x24, 0x95, 0xfa, 0x21, 0x0,
    0x0, 0x0, 0x22, 0x97, 0xfa, 0x21, 0x0, 0x96,
    0x9, 0xa0, 0x0, 0x0, 0x0, 0x0, 0x11, 0x0,
    0x0, 0x0, 0x0, 0x0, 0x0, 0x11, 0x0, 0x0,
    0x9f, 0x0, 0xa2, 0x4, 0x0, 0x0, 0x0, 0x0,
    0x0, 0x0, 0x0, 0x0, 0x0, 0x0, 0x0, 0x0,
    0x0, 0xa6, 0x0, 0x64, 0x4a, 0x0, 0x0, 0x0,
    0x0, 0x0, 0x0, 0x0, 0x0, 0x0, 0x0, 0x0,
    0x0, 0x31, 0x7b, 0x0, 0x7, 0xae, 0x3, 0x0,
    0x0, 0x22, 0x93, 0x99, 0x97, 0x99, 0x37, 0x0,
    0x0, 0x0, 0xa4, 0x11, 0x0, 0x0, 0x44, 0x8a,
    0x0, 0x0, 0x24, 0x12, 0x0, 0x0, 0x6, 0x2b,
    0x0, 0x0, 0x72, 0x57, 0x0, 0x0, 0x0, 0x0,
    0x5f, 0x91, 0x8, 0x0, 0x0, 0x0, 0x0, 0x0,
    0x0, 0x4, 0x7f, 0x6f, 0x0, 0x0, 0x0, 0x0,
    0x0, 0x0, 0x38, 0xad, 0x72, 0x26, 0x6, 0x4,
    0x21, 0x69, 0xad, 0x44, 0x0, 0x0, 0x0, 0x0,
    0x0, 0x0, 0x0, 0x0, 0x1, 0x36, 0x7c, 0x9a,
    0x9b, 0x81, 0x3d, 0x2, 0x0, 0x0, 0x0, 0x0,
    0x0,

    /* U+1F613 "😓" */
    0x0, 0x0, 0x1, 0x32, 0x0, 0x2c, 0x72, 0x94,
    0x94, 0x79, 0x35, 0x1, 0x0, 0x0, 0x0, 0x0,
    0x0, 0x0, 0x0, 0x67, 0xdc, 0xbe, 0x88, 0x32,
    0xb, 0xb, 0x29, 0x71, 0xac, 0x3f, 0x0, 0x0,
    0x0, 0x0, 0x0, 0x1a, 0xa4, 0x2a, 0xa1, 0x0,
    0x0, 0x0, 0x0, 0x0, 0x0, 0x6, 0x85, 0x6b,
    0x0, 0x0, 0x0, 0x0, 0x92, 0x21, 0x0, 0x8a,
    0x28, 0x0, 0x0, 0x0, 0x0, 0x0, 0x0, 0x0,
    0x78, 0x54, 0x0, 0x0, 0xa, 0xdc, 0x0, 0x0,
    0x1d, 0x87, 0x0, 0x0, 0x0, 0x0, 0x0, 0x0,
    0x0, 0x0, 0xa6, 0xf, 0x0, 0x7a, 0xbe, 0x0,
    0x0, 0x0, 0x9f, 0x0, 0x0, 0x0, 0x0, 0x0,
    0x0, 0x0, 0x0, 0x35, 0x78, 0x0, 0xa5, 0xb1,
    0x8, 0x0, 0x48, 0x71, 0x0, 0x0, 0x0, 0x0,
    0x0, 0x0, 0x0, 0x0, 0x0, 0xa6, 0x0, 0xa4,
    0x2f, 0x9f, 0x9f, 0x83, 0x5, 0x0, 0x0, 0x0,
    0x0, 0x0, 0x0, 0x0, 0x0, 0x0, 0x9f, 0x0,
    0xa0, 0x0, 0x0, 0x0, 0x0, 0x0, 0x0, 0x0,
    0x0, 0x0, 0x0, 0x0, 0x0, 0x0, 0x0, 0x96,
    0x9, 0xa0, 0x0, 0x0, 0x63, 0x9c, 0x9b, 0x5a,
    0x0, 0x0, 0x3f, 0x96, 0x9e, 0x78, 0x3, 0x0,
    0x9f, 0x0, 0xa2, 0x4, 0x0, 0x24, 0x3, 0x4,
    0x22, 0x0, 0x0, 0x1c, 0xa, 0x1, 0x25, 0x0,
    0x0, 0xa6, 0x0, 0x64, 0x4a, 0x0, 0x0, 0x0,
    0x0, 0x0, 0x0, 0x0, 0x0, 0x0, 0x0, 0x0,
    0x0, 0x31, 0x7b, 0x0, 0x7, 0xae, 0x3, 0x0,
    0x0, 0x0, 0x4a, 0x94, 0x9b, 0x62, 0x4, 0x0,
    0x0, 0x0, 0xa4, 0x11, 0x0, 0x0, 0x44, 0x8a,
    0x0, 0x0, 0x38, 0x66, 0xb, 0x5, 0x4c, 0x57,
    0x0, 0x0, 0x72, 0x57, 0x0, 0x0, 0x0, 0x0,
    0x5f, 0x91, 0x8, 0x0, 0x0, 0x0, 0x0, 0x0,
    0x0, 0x4, 0x7f, 0x6f, 0x0, 0x0, 0x0, 0x0,
    0x0, 0x0, 0x38, 0xad, 0x72, 0x26, 0x6, 0x4,
    0x21, 0x69, 0xad, 0x44, 0x0, 0x0, 0x0, 0x0,
    0x0, 0x0, 0x0, 0x0, 0x1, 0x36, 0x7c, 0x9a,
    0x9b, 0x81, 0x3d, 0x2, 0x0, 0x0, 0x0, 0x0,
    0x0,

    /* U+1F614 "😔" */
    0x0, 0x0, 0x0, 0x0, 0x0, 0x2d, 0x74, 0x92,
    0x94, 0x78, 0x34, 0x0, 0x0, 0x0, 0x0, 0x0,
    0x0, 0x0, 0x0, 0x0, 0x32, 0xab, 0x7a, 0x2f,
    0xe, 0xb, 0x2a, 0x72, 0xac, 0x3d, 0x0, 0x0,
    0x0, 0x0, 0x0, 0x0, 0x58, 0x97, 0xb, 0x0,
    0x0, 0x0, 0x0, 0x0, 0x0, 0x6, 0x86, 0x68,
    0x0, 0x0, 0x0, 0x0, 0x40, 0x8f, 0x0, 0x0,
    0x0, 0x0, 0x0, 0x0, 0x0, 0x0, 0x0, 0x0,
    0x78, 0x52, 0x0, 0x0, 0x6, 0xae, 0x4, 0x0,
    0x12, 0x0, 0x0, 0x0, 0x0, 0x0, 0x0, 0x11,
    0x0, 0x0, 0xa6, 0xf, 0x0, 0x61, 0x4d, 0x1,
    0x4f, 0xa2, 0x3, 0x0, 0x0, 0x0, 0x0, 0x0,
    0x77, 0x71, 0x6, 0x35, 0x78, 0x0, 0xa1, 0x5,
    0x61, 0x63, 0x4, 0x0, 0x0, 0x0, 0x0, 0x0,
    0x0, 0x0, 0x4b, 0x77, 0x0, 0xa6, 0x0, 0xa0,
    0x0, 0x0, 0x0, 0x0, 0x0, 0x0, 0x0, 0x0,
    0x0, 0x0, 0x0, 0x0, 0x0, 0x0, 0x9f, 0x0,
    0xa0, 0x0, 0x0, 0x20, 0x0, 0x0, 0x22, 0x0,
    0x0, 0x13, 0xe, 0x0, 0x1f, 0x0, 0x0, 0x96,
    0x9, 0xa0, 0x0, 0x0, 0x6a, 0xa2, 0xa8, 0x50,
    0x0, 0x0, 0x24, 0xa8, 0xa0, 0x8a, 0x3, 0x0,
    0x9f, 0x0, 0xa2, 0x4, 0x0, 0x0, 0x0, 0x0,
    0x0, 0x0, 0x0, 0x0, 0x0, 0x0, 0x0, 0x0,
    0x0, 0xa6, 0x0, 0x64, 0x4a, 0x0, 0x0, 0x0,
    0x0, 0x0, 0x0, 0x0, 0x0, 0x0, 0x0, 0x0,
    0x0, 0x31, 0x7b, 0x0, 0x7, 0xae, 0x3, 0x0,
    0x0, 0x0, 0x0, 0x0, 0x0, 0x0, 0x0, 0x0,
    0x0, 0x0, 0xa4, 0x11, 0x0, 0x0, 0x44, 0x8a,
    0x0, 0x0, 0x0, 0x93, 0xa0, 0xa0, 0xa0, 0x20,
    0x0, 0x0, 0x72, 0x57, 0x0, 0x0, 0x0, 0x0,
    0x5f, 0x91, 0x8, 0x0, 0x0, 0x0, 0x0, 0x0,
    0x0, 0x4, 0x7f, 0x6f, 0x0, 0x0, 0x0, 0x0,
    0x0, 0x0, 0x38, 0xad, 0x72, 0x26, 0x6, 0x4,
    0x21, 0x69, 0xad, 0x44, 0x0, 0x0, 0x0, 0x0,
    0x0, 0x0, 0x0, 0x0, 0x1, 0x36, 0x7c, 0x9a,
    0x9b, 0x81, 0x3d, 0x2, 0x0, 0x0, 0x0, 0x0,
    0x0,

    /* U+1F615 "😕" */
    0x0, 0x0, 0x0, 0x0, 0x0, 0x2d, 0x74, 0x92,
    0x94, 0x78, 0x34, 0x0, 0x0, 0x0, 0x0, 0x0,
    0x0, 0x0, 0x0, 0x0, 0x32, 0xab, 0x7a, 0x2f,
    0xe, 0xb, 0x2a, 0x72, 0xac, 0x3d, 0x0, 0x0,
    0x0, 0x0, 0x0, 0x0, 0x58, 0x97, 0xb, 0x0,
    0x0, 0x0, 0x0, 0x0, 0x0, 0x6, 0x86, 0x68,
    0x0, 0x0, 0x0, 0x0, 0x40, 0x8f, 0x0, 0x0,
    0x0, 0x0, 0x0, 0x0, 0x0, 0x0, 0x0, 0x0,
    0x78, 0x52, 0x0, 0x0, 0x6, 0xae, 0x4, 0x0,
    0x0, 0x0, 0x0, 0x0, 0x0, 0x0, 0x0, 0x0,
    0x0, 0x0, 0xa6, 0xf, 0x0, 0x61, 0x4d, 0x0,
    0x0, 0x1d, 0x52, 0x0, 0x0, 0x0, 0x0, 0x42,
    0x2e, 0x0, 0x0, 0x35, 0x78, 0x0, 0xa1, 0x5,
    0x0, 0x0, 0xa7, 0xff, 0x2a, 0x0, 0x0, 0x6,
    0xf9, 0xd2, 0x0, 0x0, 0x0, 0xa6, 0x0, 0xa0,
    0x0, 0x0, 0x0, 0x66, 0xca, 0xd, 0x0, 0x0,
    0x0, 0xb3, 0x8a, 0x0, 0x0, 0x0, 0x9f, 0x0,
    0xa0, 0x0, 0x0, 0x0, 0x0, 0x0, 0x0, 0x0,
    0x0, 0x0, 0x0, 0x0, 0x0, 0x0, 0x0, 0x96,
    0x9, 0xa0, 0x0, 0x0, 0x0, 0x0, 0x0, 0x0,
    0x0, 0x0, 0x0, 0x0, 0x0, 0x0, 0x0, 0x0,
    0x9f, 0x0, 0xa2, 0x4, 0x0, 0x0, 0x0, 0x0,
    0x3a, 0x90, 0xa0, 0xa0, 0x90, 0x38, 0x0, 0x0,
    0x0, 0xa6, 0x0, 0x64, 0x4a, 0x0, 0x0, 0xa,
    0x9b, 0x78, 0x16, 0x0, 0x0, 0x14, 0x41, 0x0,
    0x0, 0x31, 0x7b, 0x0, 0x7, 0xae, 0x3, 0x0,
    0x45, 0x2e, 0x0, 0x0, 0x0, 0x0, 0x0, 0x0,
    0x0, 0x0, 0xa4, 0x11, 0x0, 0x0, 0x44, 0x8a,
    0x0, 0x0, 0x0, 0x0, 0x0, 0x0, 0x0, 0x0,
    0x0, 0x0, 0x72, 0x57, 0x0, 0x0, 0x0, 0x0,
    0x5f, 0x91, 0x8, 0x0, 0x0, 0x0, 0x0, 0x0,
    0x0, 0x4, 0x7f, 0x6f, 0x0, 0x0, 0x0, 0x0,
    0x0, 0x0, 0x38, 0xad, 0x72, 0x26, 0x6, 0x4,
    0x21, 0x69, 0xad, 0x44, 0x0, 0x0, 0x0, 0x0,
    0x0, 0x0, 0x0, 0x0, 0x1, 0x36, 0x7c, 0x9a,
    0x9b, 0x81, 0x3d, 0x2, 0x0, 0x0, 0x0, 0x0,
    0x0,

    /* U+1F616 "😖" */
    0x0, 0x0, 0x0, 0x0, 0x0, 0x2d, 0x74, 0x92,
    0x94, 0x78, 0x34, 0x0, 0x0, 0x0, 0x0, 0x0,
    0x0, 0x0, 0x0, 0x0, 0x32, 0xab, 0x7a, 0x2f,
    0xe, 0xb, 0x2a, 0x72, 0xac, 0x3d, 0x0, 0x0,
    0x0, 0x0, 0x0, 0x0, 0x58, 0x97, 0xb, 0x0,
    0x0, 0x0, 0x0, 0x0, 0x0, 0x6, 0x86, 0x68,
    0x0, 0x0, 0x0, 0x0, 0x40, 0x8f, 0x0, 0x0,
    0x0, 0x0, 0x0, 0x0, 0x0, 0x0, 0x0, 0x0,
    0x78, 0x52, 0x0, 0x0, 0x6, 0xae, 0x4, 0x0,
    0x0, 0x0, 0x0, 0x0, 0x0, 0x0, 0x0, 0x0,
    0x0, 0x0, 0xa6, 0xf, 0x0, 0x61, 0x4d, 0x0,
    0x0, 0x0, 0x0, 0x0, 0x0, 0x0, 0x0, 0x0,
    0x0, 0x0, 0x0, 0x35, 0x78, 0x0, 0xa1, 0x5,
    0x0, 0x0, 0x0, 0x0, 0x0, 0x0, 0x0, 0x0,
    0x0, 0x0, 0x0, 0x0, 0x0, 0xa6, 0x0, 0xa0,
    0x0, 0x0, 0x6b, 0x54, 0x0, 0x0, 0x0, 0x0,
    0x0, 0x0, 0x47, 0x78, 0x0, 0x0, 0x9f, 0x0,
    0xa0, 0x0, 0x0, 0x2, 0x60, 0xab, 0x3c, 0x0,
    0x0, 0x31, 0xa6, 0x6d, 0x5, 0x0, 0x0, 0x96,
    0x9, 0xa0, 0x0, 0x0, 0x30, 0x86, 0xab, 0x7a,
    0xa, 0x5, 0x71, 0xaa, 0x8d, 0x39, 0x0, 0x0,
    0x9f, 0x0, 0xa2, 0x4, 0x0, 0x4b, 0x21, 0x0,
    0x0, 0x0, 0x0, 0x0, 0x0, 0x1a, 0x51, 0x0,
    0x0, 0xa6, 0x0, 0x64, 0x4a, 0x0, 0x0, 0x0,
    0x0, 0x12, 0x0, 0x0, 0x12, 0x0, 0x0, 0x0,
    0x0, 0x31, 0x7b, 0x0, 0x7, 0xae, 0x3, 0x0,
    0x81, 0x33, 0xbb, 0x86, 0x72, 0xc2, 0x3c, 0x83,
    0x5, 0x0, 0xa4, 0x11, 0x0, 0x0, 0x44, 0x8a,
    0x0, 0x2f, 0xa1, 0xb, 0x59, 0x6d, 0x5, 0x99,
    0x3d, 0x0, 0x72, 0x57, 0x0, 0x0, 0x0, 0x0,
    0x5f, 0x91, 0x8, 0x0, 0x0, 0x0, 0x0, 0x0,
    0x0, 0x4, 0x7f, 0x6f, 0x0, 0x0, 0x0, 0x0,
    0x0, 0x0, 0x38, 0xad, 0x72, 0x26, 0x6, 0x4,
    0x21, 0x69, 0xad, 0x44, 0x0, 0x0, 0x0, 0x0,
    0x0, 0x0, 0x0, 0x0, 0x1, 0x36, 0x7c, 0x9a,
    0x9b, 0x81, 0x3d, 0x2, 0x0, 0x0, 0x0, 0x0,
    0x0,

    /* U+1F617 "😗" */
    0x0, 0x0, 0x0, 0x0, 0x0, 0x2d, 0x74, 0x92,
    0x94, 0x78, 0x34, 0x0, 0x0, 0x0, 0x0, 0x0,
    0x0, 0x0, 0x0, 0x0, 0x32, 0xab, 0x7a, 0x2f,
    0xe, 0xb, 0x2a, 0x72, 0xac, 0x3d, 0x0, 0x0,
    0x0, 0x0, 0x0, 0x0, 0x58, 0x97, 0xb, 0x0,
    0x0, 0x0, 0x0, 0x0, 0x0, 0x6, 0x86, 0x68,
    0x0, 0x0, 0x0, 0x0, 0x40, 0x8f, 0x0, 0x0,
    0x0, 0x0, 0x0, 0x0, 0x0, 0x0, 0x0, 0x0,
    0x78, 0x52, 0x0, 0x0, 0x6, 0xae, 0x4, 0x0,
    0x0, 0x0, 0x0, 0x0, 0x0, 0x0, 0x0, 0x0,
    0x0, 0x0, 0xa6, 0xf, 0x0, 0x61, 0x4d, 0x0,
    0x0, 0x1d, 0x52, 0x0, 0x0, 0x0, 0x0, 0x3c,
    0x2e, 0x0, 0x0, 0x35, 0x78, 0x0, 0xa1, 0x5,
    0x0, 0x0, 0xa7, 0xff, 0x2a, 0x0, 0x0, 0x0,
    0xef, 0xcf, 0x0, 0x0, 0x0, 0xa6, 0x0, 0xa0,
    0x0, 0x0, 0x0, 0x66, 0xca, 0xd, 0x0, 0x0,
    0x0, 0xa6, 0x89, 0x0, 0x0, 0x0, 0x9f, 0x0,
    0xa0, 0x0, 0x0, 0x0, 0x0, 0x0, 0x0, 0x0,
    0x0, 0x0, 0x0, 0x0, 0x0, 0x0, 0x0, 0x96,
    0x9, 0xa0, 0x0, 0x0, 0x0, 0x0, 0x0, 0x0,
    0x1f, 0x54, 0xa, 0x0, 0x0, 0x0, 0x0, 0x0,
    0x9f, 0x0, 0xa2, 0x4, 0x0, 0x0, 0x0, 0x0,
    0x0, 0x10, 0x4d, 0x98, 0x0, 0x0, 0x0, 0x0,
    0x0, 0xa6, 0x0, 0x64, 0x4a, 0x0, 0x0, 0x0,
    0x0, 0x0, 0x0, 0xa5, 0x86, 0x0, 0x0, 0x0,
    0x0, 0x31, 0x7b, 0x0, 0x7, 0xae, 0x3, 0x0,
    0x0, 0x0, 0x0, 0x0, 0x17, 0xa5, 0x0, 0x0,
    0x0, 0x0, 0xa4, 0x11, 0x0, 0x0, 0x44, 0x8a,
    0x0, 0x0, 0x0, 0x0, 0x30, 0x97, 0x20, 0x0,
    0x0, 0x0, 0x72, 0x57, 0x0, 0x0, 0x0, 0x0,
    0x5f, 0x91, 0x8, 0x0, 0x0, 0x0, 0x0, 0x0,
    0x0, 0x4, 0x7f, 0x6f, 0x0, 0x0, 0x0, 0x0,
    0x0, 0x0, 0x38, 0xad, 0x72, 0x26, 0x6, 0x4,
    0x21, 0x69, 0xad, 0x44, 0x0, 0x0, 0x0, 0x0,
    0x0, 0x0, 0x0, 0x0, 0x1, 0x36, 0x7c, 0x9a,
    0x9b, 0x81, 0x3d, 0x2, 0x0, 0x0, 0x0, 0x0,
    0x0,

    /* U+1F618 "😘" */
    0x0, 0x0, 0x0, 0x0, 0x0, 0x2d, 0x74, 0x92,
    0x94, 0x78, 0x34, 0x0, 0x0, 0x0, 0x0, 0x0,
    0x0, 0x0, 0x0, 0x0, 0x32, 0xab, 0x7a, 0x2f,
    0xe, 0xb, 0x2a, 0x72, 0xac, 0x3d, 0x0, 0x0,
    0x0, 0x0, 0x0, 0x0, 0x58, 0x97, 0xb, 0x0,
    0x0, 0x0, 0x0, 0x0, 0x0, 0x7, 0x88, 0x68,
    0x0, 0x0, 0x0, 0x0, 0x40, 0x8f, 0x0, 0x4f,
    0x35, 0x0, 0x0, 0x0, 0x0, 0x0, 0x0, 0x0,
    0x7b, 0x51, 0x0, 0x0, 0x6, 0xae, 0x4, 0x8d,
    0x67, 0x6, 0x0, 0x0, 0x0, 0x0, 0x0, 0x0,
    0x0, 0x0, 0xa6, 0xe, 0x0, 0x61, 0x4d, 0xc,
    0x45, 0x1d, 0x52, 0x0, 0x0, 0x0, 0x0, 0x4,
    0x69, 0x4e, 0x0, 0x35, 0x77, 0x0, 0xa1, 0x5,
    0x0, 0x0, 0xa7, 0xff, 0x2a, 0x0, 0x0, 0x1a,
    0xac, 0x4c, 0x0, 0x0, 0x0, 0xa6, 0x0, 0xa0,
    0x0, 0x0, 0x0, 0x66, 0xca, 0xd, 0x0, 0x0,
    0x3e, 0x9b, 0xa4, 0x65, 0x0, 0x0, 0x9f, 0x0,
    0xa0, 0x0, 0x0, 0x0, 0x0, 0x0, 0x0, 0x0,
    0x0, 0x0, 0x0, 0x0, 0x5, 0x0, 0x0, 0x95,
    0xd, 0xa0, 0x0, 0x0, 0x0, 0x0, 0x0, 0x0,
    0x8, 0x5a, 0xd, 0x0, 0x30, 0xf0, 0xce, 0x8,
    0x88, 0x17, 0xa2, 0x4, 0x0, 0x0, 0x0, 0x0,
    0x0, 0x4, 0x48, 0x9a, 0x0, 0x82, 0xff, 0xff,
    0xc6, 0x8d, 0x1, 0x63, 0x4a, 0x0, 0x0, 0x0,
    0x0, 0x0, 0x0, 0x83, 0x86, 0x0, 0x71, 0xff,
    0xff, 0xff, 0xff, 0x25, 0x7, 0xae, 0x4, 0x0,
    0x0, 0x0, 0x0, 0x0, 0x11, 0xa6, 0x0, 0x5d,
    0xff, 0xff, 0xff, 0xdb, 0x6, 0x0, 0x40, 0x8f,
    0x0, 0x0, 0x0, 0x0, 0xc, 0x9d, 0x26, 0x0,
    0x4f, 0xa1, 0xad, 0x81, 0x15, 0x0, 0x0, 0x0,
    0x58, 0x98, 0xb, 0x0, 0x0, 0x0, 0x0, 0x0,
    0x0, 0x0, 0x60, 0x48, 0x0, 0x0, 0x0, 0x0,
    0x0, 0x0, 0x32, 0xaa, 0x79, 0x2c, 0x8, 0x2,
    0x1b, 0x5e, 0xab, 0x5c, 0x0, 0x0, 0x0, 0x0,
    0x0, 0x0, 0x0, 0x0, 0x0, 0x2f, 0x78, 0x98,
    0x9c, 0x85, 0x47, 0x6, 0x0, 0x0, 0x0, 0x0,
    0x0,

    /* U+1F619 "😙" */
    0x0, 0x0, 0x0, 0x0, 0x0, 0x2d, 0x74, 0x92,
    0x94, 0x78, 0x34, 0x0, 0x0, 0x0, 0x0, 0x0,
    0x0, 0x0, 0x0, 0x0, 0x32, 0xab, 0x7a, 0x2f,
    0xe, 0xb, 0x2a, 0x72, 0xac, 0x3d, 0x0, 0x0,
    0x0, 0x0, 0x0, 0x0, 0x58, 0x97, 0xb, 0x0,
    0x0, 0x0, 0x0, 0x0, 0x0, 0x6, 0x86, 0x68,
    0x0, 0x0, 0x0, 0x0, 0x40, 0x8f, 0x0, 0x0,
    0x0, 0x0, 0x0, 0x0, 0x0, 0x0, 0x0, 0x0,
    0x78, 0x52, 0x0, 0x0, 0x6, 0xae, 0x4, 0x0,
    0x0, 0x0, 0x0, 0x0, 0x0, 0x0, 0x0, 0x0,
    0x0, 0x0, 0xa6, 0xf, 0x0, 0x61, 0x4d, 0x0,
    0x0, 0x0, 0x0, 0x0, 0x0, 0x0, 0x0, 0x0,
    0x0, 0x0, 0x0, 0x35, 0x78, 0x0, 0xa1, 0x5,
    0x0, 0x0, 0x67, 0x9b, 0x25, 0x0, 0x0, 0x16,
    0x95, 0x7a, 0x0, 0x0, 0x0, 0xa6, 0x0, 0xa0,
    0x0, 0x0, 0x26, 0x7a, 0xd, 0x95, 0x0, 0x0,
    0x85, 0x1a, 0x5d, 0x42, 0x0, 0x0, 0x9f, 0x0,
    0xa0, 0x0, 0x0, 0x0, 0x0, 0x0, 0x0, 0x0,
    0x0, 0x0, 0x0, 0x0, 0x0, 0x0, 0x0, 0x96,
    0x9, 0xa0, 0x0, 0x0, 0x0, 0x0, 0x0, 0x0,
    0x17, 0x27, 0x0, 0x0, 0x0, 0x0, 0x0, 0x0,
    0x9f, 0x0, 0xa2, 0x4, 0x0, 0x0, 0x0, 0x0,
    0x0, 0x23, 0x7b, 0x77, 0x0, 0x0, 0x0, 0x0,
    0x0, 0xa6, 0x0, 0x64, 0x4a, 0x0, 0x0, 0x0,
    0x0, 0x0, 0x0, 0xb1, 0x71, 0x0, 0x0, 0x0,
    0x0, 0x31, 0x7b, 0x0, 0x7, 0xae, 0x3, 0x0,
    0x0, 0x0, 0x0, 0x0, 0x1b, 0x9d, 0x0, 0x0,
    0x0, 0x0, 0xa4, 0x11, 0x0, 0x0, 0x44, 0x8a,
    0x0, 0x0, 0x0, 0x0, 0x3d, 0xa6, 0x2c, 0x0,
    0x0, 0x0, 0x72, 0x57, 0x0, 0x0, 0x0, 0x0,
    0x5f, 0x91, 0x8, 0x0, 0x0, 0x0, 0x0, 0x0,
    0x0, 0x4, 0x7f, 0x6f, 0x0, 0x0, 0x0, 0x0,
    0x0, 0x0, 0x38, 0xad, 0x72, 0x26, 0x6, 0x4,
    0x21, 0x69, 0xad, 0x44, 0x0, 0x0, 0x0, 0x0,
    0x0, 0x0, 0x0, 0x0, 0x1, 0x36, 0x7c, 0x9a,
    0x9b, 0x81, 0x3d, 0x2, 0x0, 0x0, 0x0, 0x0,
    0x0,

    /* U+1F61A "😚" */
    0x0, 0x0, 0x0, 0x0, 0x0, 0x2d, 0x74, 0x92,
    0x94, 0x78, 0x34, 0x0, 0x0, 0x0, 0x0, 0x0,
    0x0, 0x0, 0x0, 0x0, 0x32, 0xab, 0x7a, 0x2f,
    0xe, 0xb, 0x2a, 0x72, 0xac, 0x3d, 0x0, 0x0,
    0x0, 0x0, 0x0, 0x0, 0x58, 0x97, 0xb, 0x0,
    0x0, 0x0, 0x0, 0x0, 0x0, 0x6, 0x86, 0x68,
    0x0, 0x0, 0x0, 0x0, 0x40, 0x8f, 0xa, 0x57,
    0x66, 0x0, 0x0, 0x0, 0x0, 0x58, 0x5c, 0x11,
    0x78, 0x52, 0x0, 0x0, 0x6, 0xae, 0x5, 0x8e,
    0x45, 0x19, 0x0, 0x0, 0x0, 0x0, 0x15, 0x3c,
    0x95, 0x7, 0xa6, 0xf, 0x0, 0x61, 0x4d, 0x0,
    0x0, 0x0, 0x0, 0x0, 0x0, 0x0, 0x0, 0x0,
    0x0, 0x0, 0x0, 0x35, 0x78, 0x0, 0xa1, 0x5,
    0x0, 0x11, 0x7e, 0x83, 0x18, 0x0, 0x0, 0xd,
    0x7b, 0x85, 0x1c, 0x0, 0x0, 0xa6, 0x0, 0xa0,
    0x0, 0x0, 0x5d, 0x2a, 0x22, 0x66, 0x0, 0x0,
    0x58, 0x2f, 0x1e, 0x68, 0x0, 0x0, 0x9f, 0x0,
    0xa0, 0x0, 0x0, 0x0, 0xe, 0x0, 0x0, 0x0,
    0x0, 0x0, 0x0, 0x0, 0x10, 0x0, 0x0, 0x96,
    0x9, 0xa0, 0x0, 0x3, 0x68, 0x73, 0x5c, 0x0,
    0x1d, 0x37, 0x1, 0x11, 0x6e, 0x77, 0x4a, 0x0,
    0x9f, 0x0, 0xa2, 0x4, 0x6, 0x30, 0x22, 0xd,
    0x0, 0x20, 0x74, 0x7d, 0x11, 0x37, 0x1c, 0x3,
    0x0, 0xa6, 0x0, 0x64, 0x4a, 0x0, 0x0, 0x0,
    0x0, 0x0, 0x0, 0xb3, 0x70, 0x0, 0x0, 0x0,
    0x0, 0x31, 0x7b, 0x0, 0x7, 0xae, 0x3, 0x0,
    0x0, 0x0, 0x0, 0x0, 0x1b, 0x9d, 0x0, 0x0,
    0x0, 0x0, 0xa4, 0x11, 0x0, 0x0, 0x44, 0x8a,
    0x0, 0x0, 0x0, 0x0, 0x3d, 0xa6, 0x2c, 0x0,
    0x0, 0x0, 0x72, 0x57, 0x0, 0x0, 0x0, 0x0,
    0x5f, 0x91, 0x8, 0x0, 0x0, 0x0, 0x0, 0x0,
    0x0, 0x4, 0x7f, 0x6f, 0x0, 0x0, 0x0, 0x0,
    0x0, 0x0, 0x38, 0xad, 0x72, 0x26, 0x6, 0x4,
    0x21, 0x69, 0xad, 0x44, 0x0, 0x0, 0x0, 0x0,
    0x0, 0x0, 0x0, 0x0, 0x1, 0x36, 0x7c, 0x9a,
    0x9b, 0x81, 0x3d, 0x2, 0x0, 0x0, 0x0, 0x0,
    0x0,

    /* U+1F61B "😛" */
    0x0, 0x0, 0x0, 0x0, 0x0, 0x2d, 0x74, 0x92,
    0x94, 0x78, 0x34, 0x0, 0x0, 0x0, 0x0, 0x0,
    0x0, 0x0, 0x0, 0x0, 0x32, 0xab, 0x7a, 0x2f,
    0xe, 0xb, 0x2a, 0x72, 0xac, 0x3d, 0x0, 0x0,
    0x0, 0x0, 0x0, 0x0, 0x58, 0x97, 0xb, 0x0,
    0x0, 0x0, 0x0, 0x0, 0x0, 0x6, 0x86, 0x68,
    0x0, 0x0, 0x0, 0x0, 0x40, 0x8f, 0x0, 0x0,
    0x0, 0x0, 0x0, 0x0, 0x0, 0x0, 0x0, 0x0,
    0x77, 0x52, 0x0, 0x0, 0x6, 0xad, 0x4, 0x0,
    0x0, 0x0, 0x0, 0x0, 0x0, 0x0, 0x0, 0x0,
    0x0, 0x0, 0xa5, 0xf, 0x0, 0x61, 0x4b, 0x0,
    0x0, 0x0, 0x0, 0x0, 0x0, 0x0, 0x0, 0x0,
    0x0, 0x0, 0x0, 0x33, 0x78, 0x0, 0xa1, 0x4,
    0x0, 0x0, 0x23, 0x5e, 0x0, 0x0, 0x0, 0x0,
    0x4c, 0x35, 0x0, 0x0, 0x0, 0xa5, 0x0, 0xa0,
    0x0, 0x0, 0x0, 0xa9, 0xff, 0x2c, 0x0, 0x0,
    0x6, 0xfb, 0xd4, 0x0, 0x0, 0x0, 0xa0, 0x0,
    0xa0, 0x0, 0x0, 0x0, 0x5e, 0xbe, 0xb, 0x0,
    0x0, 0x0, 0xa7, 0x80, 0x0, 0x0, 0x0, 0x95,
    0xa, 0xa0, 0x0, 0x0, 0x0, 0x0, 0x0, 0x0,
    0x0, 0x0, 0x0, 0x0, 0x0, 0x0, 0x0, 0x0,
    0x9f, 0x0, 0xa2, 0x3, 0x5, 0x7e, 0x6f, 0x53,
    0x2b, 0x1d, 0x18, 0x26, 0x44, 0x66, 0x83, 0x27,
    0x0, 0xa4, 0x0, 0x60, 0x4f, 0x1c, 0xff, 0xff,
    0xff, 0x9a, 0xa1, 0xe1, 0x9d, 0xff, 0xff, 0xff,
    0x6b, 0x30, 0x7c, 0x0, 0x6, 0xb0, 0x5, 0x9b,
    0xff, 0xff, 0x0, 0x0, 0x78, 0x0, 0xb4, 0xff,
    0xd7, 0x10, 0xa2, 0x15, 0x0, 0x0, 0x3e, 0xa3,
    0x7, 0x8f, 0xff, 0x0, 0x0, 0x78, 0x0, 0xb4,
    0xec, 0x1c, 0x80, 0x5e, 0x0, 0x0, 0x0, 0x0,
    0x53, 0xa3, 0xf, 0xbb, 0x0, 0x0, 0x41, 0x0,
    0x84, 0x2a, 0x80, 0x78, 0x0, 0x0, 0x0, 0x0,
    0x0, 0x0, 0x2d, 0xa6, 0xff, 0x29, 0x0, 0x0,
    0x8, 0xfc, 0xb0, 0x49, 0x0, 0x0, 0x0, 0x0,
    0x0, 0x0, 0x0, 0x0, 0x0, 0x3d, 0xa5, 0xa1,
    0x9e, 0xa4, 0x5a, 0x2, 0x0, 0x0, 0x0, 0x0,
    0x0,

    /* U+1F61C "😜" */
    0x0, 0x0, 0x0, 0x0, 0x0, 0x2d, 0x74, 0x92,
    0x94, 0x78, 0x34, 0x0, 0x0, 0x0, 0x0, 0x0,
    0x0, 0x0, 0x0, 0x0, 0x32, 0xab, 0x7a, 0x2f,
    0xe, 0xb, 0x2a, 0x72, 0xac, 0x3d, 0x0, 0x0,
    0x0, 0x0, 0x0, 0x0, 0x58, 0x97, 0xb, 0x0,
    0x0, 0x0, 0x0, 0x0, 0x0, 0x6, 0x86, 0x68,
    0x0, 0x0, 0x0, 0x0, 0x40, 0x8f, 0x0, 0x0,
    0x0, 0x0, 0x0, 0x0, 0x0, 0x0, 0x0, 0x0,
    0x77, 0x52, 0x0, 0x0, 0x6, 0xad, 0x4, 0x0,
    0x0, 0x0, 0x0, 0x0, 0x0, 0x0, 0x0, 0x0,
    0x0, 0x0, 0xa5, 0xf, 0x0, 0x61, 0x4b, 0x0,
    0xf, 0x0, 0x0, 0x0, 0x0, 0x0, 0x50, 0x81,
    0x84, 0x68, 0x0, 0x33, 0x78, 0x0, 0xa1, 0x4,
    0x0, 0x68, 0x88, 0x22, 0x0, 0x0, 0x28, 0x51,
    0x71, 0x33, 0x3f, 0x4a, 0x0, 0xa5, 0x0, 0xa0,
    0x0, 0x0, 0x37, 0x83, 0xe3, 0x4b, 0x0, 0x48,
    0x21, 0xcb, 0x68, 0xd, 0x6c, 0x0, 0xa0, 0x0,
    0xa0, 0x0, 0x26, 0x65, 0x14, 0x3, 0xb, 0x0,
    0x9, 0x7e, 0x15, 0x11, 0x82, 0x1a, 0x0, 0x96,
    0xa, 0xa0, 0x0, 0x0, 0x0, 0x0, 0x0, 0x0,
    0x0, 0x0, 0xe, 0x6b, 0x72, 0x1a, 0x0, 0x0,
    0xa0, 0x0, 0xa2, 0x3, 0x6, 0x86, 0x75, 0x59,
    0x2d, 0x1d, 0x1b, 0x2b, 0x53, 0x70, 0x8a, 0x15,
    0x0, 0xa5, 0x0, 0x60, 0x4f, 0x1b, 0xff, 0xff,
    0xff, 0x9b, 0xa2, 0xe0, 0x9c, 0xff, 0xff, 0xff,
    0x3e, 0x37, 0x77, 0x0, 0x6, 0xb0, 0x5, 0x95,
    0xff, 0xff, 0x0, 0x0, 0x78, 0x0, 0xff, 0xff,
    0xb7, 0x2, 0xaa, 0x11, 0x0, 0x0, 0x3e, 0xa3,
    0x7, 0x8c, 0xff, 0x0, 0x0, 0x78, 0x0, 0xff,
    0xa6, 0xb, 0x7f, 0x53, 0x0, 0x0, 0x0, 0x0,
    0x53, 0xa3, 0xf, 0xab, 0x0, 0x0, 0x41, 0x0,
    0xaa, 0x8, 0x8c, 0x67, 0x0, 0x0, 0x0, 0x0,
    0x0, 0x0, 0x2d, 0xa6, 0xff, 0x27, 0x0, 0x0,
    0x14, 0xff, 0xaa, 0x39, 0x0, 0x0, 0x0, 0x0,
    0x0, 0x0, 0x0, 0x0, 0x0, 0x38, 0xa0, 0x9f,
    0x9f, 0x9f, 0x4a, 0x0, 0x0, 0x0, 0x0, 0x0,
    0x0,

    /* U+1F61D "😝" */
    0x0, 0x0, 0x0, 0x0, 0x0, 0x2d, 0x74, 0x92,
    0x94, 0x78, 0x34, 0x0, 0x0, 0x0, 0x0, 0x0,
    0x0, 0x0, 0x0, 0x0, 0x32, 0xab, 0x7a, 0x2f,
    0xe, 0xb, 0x2a, 0x72, 0xac, 0x3d, 0x0, 0x0,
    0x0, 0x0, 0x0, 0x0, 0x58, 0x97, 0xb, 0x0,
    0x0, 0x0, 0x0, 0x0, 0x0, 0x6, 0x86, 0x68,
    0x0, 0x0, 0x0, 0x0, 0x40, 0x8f, 0x0, 0x0,
    0x0, 0x0, 0x0, 0x0, 0x0, 0x0, 0x0, 0x0,
    0x77, 0x52, 0x0, 0x0, 0x6, 0xad, 0x4, 0x0,
    0x0, 0x0, 0x0, 0x0, 0x0, 0x0, 0x0, 0x0,
    0x0, 0x0, 0xa5, 0xf, 0x0, 0x61, 0x4b, 0x0,
    0x6, 0x0, 0x0, 0x0, 0x0, 0x0, 0x0, 0x0,
    0x0, 0x5, 0x0, 0x33, 0x78, 0x0, 0xa1, 0x4,
    0x0, 0x61, 0x9d, 0x25, 0x0, 0x0, 0x0, 0x0,
    0xf, 0x87, 0x79, 0x0, 0x0, 0xa5, 0x0, 0xa0,
    0x0, 0x0, 0x0, 0x1a, 0xb1, 0x99, 0x16, 0x0,
    0x6b, 0xb8, 0x27, 0x0, 0x0, 0x0, 0xa0, 0x0,
    0xa0, 0x0, 0x0, 0x63, 0xa7, 0x89, 0x39, 0x1,
    0x0, 0x1e, 0x74, 0xa1, 0x79, 0x0, 0x0, 0x95,
    0xa, 0xa0, 0x0, 0x0, 0x12, 0x0, 0x0, 0x0,
    0x0, 0x0, 0x0, 0x0, 0x0, 0x11, 0x0, 0x0,
    0x9f, 0x0, 0xa2, 0x3, 0x6, 0x86, 0x75, 0x59,
    0x2d, 0x1d, 0x1b, 0x2b, 0x53, 0x70, 0x8a, 0x15,
    0x0, 0xa2, 0x0, 0x60, 0x4f, 0x1b, 0xff, 0xff,
    0xff, 0x9b, 0xa2, 0xe0, 0x9c, 0xff, 0xff, 0xff,
    0x3e, 0x33, 0x78, 0x0, 0x6, 0xb0, 0x5, 0x95,
    0xff, 0xff, 0x0, 0x0, 0x78, 0x0, 0xff, 0xff,
    0xb7, 0x2, 0xa7, 0x12, 0x0, 0x0, 0x3e, 0xa3,
    0x7, 0x8c, 0xff, 0x0, 0x0, 0x78, 0x0, 0xff,
    0xa6, 0xb, 0x8d, 0x56, 0x0, 0x0, 0x0, 0x0,
    0x53, 0xa3, 0xf, 0xab, 0x0, 0x0, 0x41, 0x0,
    0xaa, 0x7, 0x8f, 0x6c, 0x0, 0x0, 0x0, 0x0,
    0x0, 0x0, 0x2d, 0xa6, 0xff, 0x27, 0x0, 0x0,
    0x14, 0xff, 0xac, 0x3e, 0x0, 0x0, 0x0, 0x0,
    0x0, 0x0, 0x0, 0x0, 0x0, 0x38, 0xa0, 0x9f,
    0x9f, 0x9f, 0x49, 0x0, 0x0, 0x0, 0x0, 0x0,
    0x0,

    /* U+1F61E "😞" */
    0x0, 0x0, 0x0, 0x0, 0x0, 0x2d, 0x74, 0x92,
    0x94, 0x78, 0x34, 0x0, 0x0, 0x0, 0x0, 0x0,
    0x0, 0x0, 0x0, 0x0, 0x32, 0xab, 0x7a, 0x2f,
    0xe, 0xb, 0x2a, 0x72, 0xac, 0x3d, 0x0, 0x0,
    0x0, 0x0, 0x0, 0x0, 0x58, 0x97, 0xb, 0x0,
    0x0, 0x0, 0x0, 0x0, 0x0, 0x6, 0x86, 0x68,
    0x0, 0x0, 0x0, 0x0, 0x40, 0x8f, 0x0, 0x0,
    0x0, 0x0, 0x0, 0x0, 0x0, 0x0, 0x0, 0x0,
    0x78, 0x52, 0x0, 0x0, 0x6, 0xae, 0x4, 0x0,
    0x0, 0x0, 0x0, 0x0, 0x0, 0x0, 0x0, 0x0,
    0x0, 0x0, 0xa6, 0xf, 0x0, 0x61, 0x4d, 0x0,
    0x0, 0x0, 0x0, 0x0, 0x0, 0x0, 0x0, 0x0,
    0x0, 0x0, 0x0, 0x35, 0x78, 0x0, 0xa1, 0x5,
    0x0, 0x0, 0x0, 0x0, 0x0, 0x0, 0x0, 0x0,
    0x0, 0x0, 0x0, 0x0, 0x0, 0xa6, 0x0, 0xa0,
    0x0, 0x0, 0x0, 0x0, 0x0, 0x0, 0x0, 0x0,
    0x0, 0x0, 0x0, 0x0, 0x0, 0x0, 0x9f, 0x0,
    0xa0, 0x0, 0x0, 0x0, 0x0, 0x0, 0x0, 0x0,
    0x0, 0x0, 0x0, 0x0, 0x0, 0x0, 0x0, 0x96,
    0x9, 0xa0, 0x0, 0x0, 0x4, 0x1f, 0x60, 0x81,
    0x0, 0x0, 0x50, 0x80, 0x2b, 0xa, 0x0, 0x0,
    0x9f, 0x0, 0xa2, 0x4, 0x0, 0x7a, 0x7f, 0x49,
    0x2, 0x0, 0x0, 0x0, 0x2f, 0x75, 0x95, 0xc,
    0x0, 0xa6, 0x0, 0x64, 0x4a, 0x0, 0x0, 0x0,
    0x0, 0x0, 0x0, 0x0, 0x0, 0x0, 0x0, 0x0,
    0x0, 0x31, 0x7b, 0x0, 0x7, 0xae, 0x3, 0x0,
    0x0, 0x0, 0x46, 0x91, 0x9a, 0x65, 0x6, 0x0,
    0x0, 0x0, 0xa4, 0x11, 0x0, 0x0, 0x44, 0x8a,
    0x0, 0x0, 0x39, 0x6c, 0xe, 0x6, 0x48, 0x66,
    0x0, 0x0, 0x72, 0x57, 0x0, 0x0, 0x0, 0x0,
    0x5f, 0x91, 0x8, 0x0, 0x0, 0x0, 0x0, 0x0,
    0x0, 0x4, 0x7f, 0x6f, 0x0, 0x0, 0x0, 0x0,
    0x0, 0x0, 0x38, 0xad, 0x72, 0x26, 0x6, 0x4,
    0x21, 0x69, 0xad, 0x44, 0x0, 0x0, 0x0, 0x0,
    0x0, 0x0, 0x0, 0x0, 0x1, 0x36, 0x7c, 0x9a,
    0x9b, 0x81, 0x3d, 0x2, 0x0, 0x0, 0x0, 0x0,
    0x0,

    /* U+1F61F "😟" */
    0x0, 0x0, 0x0, 0x0, 0x0, 0x2d, 0x74, 0x92,
    0x94, 0x78, 0x34, 0x0, 0x0, 0x0, 0x0, 0x0,
    0x0, 0x0, 0x0, 0x0, 0x32, 0xab, 0x7a, 0x2f,
    0xe, 0xb, 0x2a, 0x72, 0xac, 0x3d, 0x0, 0x0,
    0x0, 0x0, 0x0, 0x0, 0x58, 0x97, 0xb, 0x0,
    0x0, 0x0, 0x0, 0x0, 0x0, 0x6, 0x86, 0x68,
    0x0, 0x0, 0x0, 0x0, 0x40, 0x8f, 0x0, 0x3,
    0x54, 0x0, 0x0, 0x0, 0x0, 0x21, 0x31, 0x0,
    0x78, 0x52, 0x0, 0x0, 0x6, 0xae, 0x4, 0x4a,
    0x9d, 0x3b, 0x0, 0x0, 0x0, 0x0, 0x2, 0x87,
    0x72, 0xe, 0xa6, 0xf, 0x0, 0x61, 0x4d, 0x0,
    0x33, 0x4, 0x0, 0x0, 0x0, 0x0, 0x0, 0x0,
    0x0, 0x25, 0xf, 0x35, 0x78, 0x0, 0xa1, 0x5,
    0x0, 0x0, 0x0, 0x2, 0x0, 0x0, 0x0, 0x0,
    0x2, 0x0, 0x0, 0x0, 0x0, 0xa6, 0x0, 0xa0,
    0x0, 0x0, 0x0, 0x15, 0xeb, 0x7f, 0x0, 0x0,
    0x15, 0xeb, 0x7f, 0x0, 0x0, 0x0, 0x9f, 0x0,
    0xa0, 0x0, 0x0, 0x0, 0x25, 0xfe, 0xa3, 0x0,
    0x0, 0x24, 0xfe, 0xa3, 0x0, 0x0, 0x0, 0x96,
    0x9, 0xa0, 0x0, 0x0, 0x0, 0x0, 0x34, 0x10,
    0x0, 0x0, 0x0, 0x34, 0x10, 0x0, 0x0, 0x0,
    0x9f, 0x0, 0xa2, 0x4, 0x0, 0x0, 0x0, 0x0,
    0x0, 0x0, 0x0, 0x0, 0x0, 0x0, 0x0, 0x0,
    0x0, 0xa6, 0x0, 0x64, 0x4a, 0x0, 0x0, 0x0,
    0x0, 0x1a, 0x74, 0x8a, 0x4c, 0x1, 0x0, 0x0,
    0x0, 0x31, 0x7b, 0x0, 0x7, 0xae, 0x3, 0x0,
    0x0, 0x4b, 0x93, 0x24, 0xb, 0x58, 0xa2, 0x4,
    0x0, 0x0, 0xa4, 0x11, 0x0, 0x0, 0x44, 0x8a,
    0x0, 0x0, 0x9, 0x0, 0x0, 0x0, 0x0, 0xa,
    0x0, 0x0, 0x72, 0x57, 0x0, 0x0, 0x0, 0x0,
    0x5f, 0x91, 0x8, 0x0, 0x0, 0x0, 0x0, 0x0,
    0x0, 0x4, 0x7f, 0x6f, 0x0, 0x0, 0x0, 0x0,
    0x0, 0x0, 0x38, 0xad, 0x72, 0x26, 0x6, 0x4,
    0x21, 0x69, 0xad, 0x44, 0x0, 0x0, 0x0, 0x0,
    0x0, 0x0, 0x0, 0x0, 0x1, 0x36, 0x7c, 0x9a,
    0x9b, 0x81, 0x3d, 0x2, 0x0, 0x0, 0x0, 0x0,
    0x0,

    /* U+1F620 "😠" */
    0x0, 0x0, 0x0, 0x0, 0x0, 0x2d, 0x74, 0x92,
    0x94, 0x78, 0x34, 0x0, 0x0, 0x0, 0x0, 0x0,
    0x0, 0x0, 0x0, 0x0, 0x32, 0xab, 0x7a, 0x2f,
    0xe, 0xb, 0x2a, 0x72, 0xac, 0x3d, 0x0, 0x0,
    0x0, 0x0, 0x0, 0x0, 0x58, 0x97, 0xb, 0x0,
    0x0, 0x0, 0x0, 0x0, 0x0, 0x6, 0x86, 0x68,
    0x0, 0x0, 0x0, 0x0, 0x40, 0x8f, 0x0, 0x0,
    0x0, 0x0, 0x0, 0x0, 0x0, 0x0, 0x0, 0x0,
    0x78, 0x52, 0x0, 0x0, 0x6, 0xae, 0x4, 0x0,
    0x0, 0x0, 0x0, 0x0, 0x0, 0x0, 0x0, 0x0,
    0x0, 0x0, 0xa6, 0xf, 0x0, 0x61, 0x4d, 0x0,
    0x0, 0x0, 0x0, 0x0, 0x0, 0x0, 0x0, 0x0,
    0x0, 0x0, 0x0, 0x35, 0x78, 0x0, 0xa1, 0x5,
    0x0, 0x0, 0x0, 0x0, 0x0, 0x0, 0x0, 0x0,
    0x0, 0x0, 0x0, 0x0, 0x0, 0xa6, 0x0, 0xa0,
    0x0, 0x0, 0x0, 0x0, 0x0, 0x0, 0x0, 0x0,
    0x0, 0x0, 0x0, 0x0, 0x0, 0x0, 0x9f, 0x0,
    0xa0, 0x0, 0x0, 0x1, 0xa1, 0x70, 0x5, 0x0,
    0x0, 0x0, 0x3a, 0xa2, 0x34, 0x0, 0x0, 0x96,
    0x9, 0xa0, 0x0, 0x0, 0x0, 0x18, 0xf6, 0xcc,
    0x8, 0x0, 0x69, 0xfd, 0x78, 0x0, 0x0, 0x0,
    0x9f, 0x0, 0xa2, 0x4, 0x0, 0x0, 0x1f, 0xfa,
    0x9e, 0x0, 0x0, 0x2e, 0xfd, 0x84, 0x0, 0x0,
    0x0, 0xa6, 0x0, 0x64, 0x4a, 0x0, 0x0, 0x0,
    0x19, 0x3, 0x0, 0x0, 0x0, 0x18, 0x3, 0x0,
    0x0, 0x31, 0x7b, 0x0, 0x7, 0xae, 0x3, 0x0,
    0x0, 0x0, 0x50, 0x9e, 0xa0, 0x7f, 0x12, 0x0,
    0x0, 0x0, 0xa4, 0x11, 0x0, 0x0, 0x44, 0x8a,
    0x0, 0x0, 0x69, 0x64, 0x5, 0x0, 0x2d, 0x9f,
    0x6, 0x0, 0x72, 0x57, 0x0, 0x0, 0x0, 0x0,
    0x5f, 0x91, 0x8, 0x0, 0x0, 0x0, 0x0, 0x0,
    0x0, 0x4, 0x7f, 0x6f, 0x0, 0x0, 0x0, 0x0,
    0x0, 0x0, 0x38, 0xad, 0x72, 0x26, 0x6, 0x4,
    0x21, 0x69, 0xad, 0x44, 0x0, 0x0, 0x0, 0x0,
    0x0, 0x0, 0x0, 0x0, 0x1, 0x36, 0x7c, 0x9a,
    0x9b, 0x81, 0x3d, 0x2, 0x0, 0x0, 0x0, 0x0,
    0x0,

    /* U+1F621 "😡" */
    0x0, 0x0, 0x0, 0x0, 0x0, 0x2d, 0x74, 0x92,
    0x94, 0x78, 0x34, 0x0, 0x0, 0x0, 0x0, 0x0,
    0x0, 0x0, 0x0, 0x0, 0x38, 0xab, 0x7f, 0x30,
    0xe, 0xb, 0x2a, 0x72, 0xac, 0x3d, 0x0, 0x0,
    0x0, 0x0, 0x0, 0x0, 0x7a, 0xf2, 0xae, 0xa6,
    0x3c, 0x5, 0x0, 0x0, 0x0, 0x6, 0x86, 0x68,
    0x0, 0x0, 0x0, 0x0, 0x40, 0xdb, 0x6b, 0x0,
    0x0, 0xa8, 0xa, 0x0, 0x0, 0x0, 0x0, 0x0,
    0x78, 0x52, 0x0, 0x0, 0x6, 0xae, 0x1f, 0x89,
    0x0, 0x0, 0xa5, 0x0, 0x0, 0x0, 0x0, 0x0,
    0x0, 0x0, 0xa6, 0xf, 0x0, 0x61, 0x4d, 0x54,
    0x32, 0x78, 0x5a, 0x64, 0xf, 0x0, 0x0, 0x0,
    0x0, 0x0, 0x0, 0x35, 0x78, 0x0, 0xa1, 0x5,
    0x0, 0x4e, 0x2e, 0x5a, 0x1e, 0x0, 0x0, 0x0,
    0x0, 0x0, 0x0, 0x0, 0x0, 0xa6, 0x0, 0xa0,
    0x0, 0x0, 0x0, 0xc, 0x0, 0x0, 0x0, 0x0,
    0x0, 0x0, 0x2, 0x9, 0x0, 0x0, 0x9f, 0x0,
    0xa0, 0x0, 0x0, 0x0, 0x90, 0x93, 0x10, 0x0,
    0x0, 0x0, 0x57, 0xb1, 0x2e, 0x0, 0x0, 0x96,
    0x9, 0xa0, 0x0, 0x0, 0x0, 0x1d, 0xf9, 0xdb,
    0x8, 0x0, 0x74, 0xff, 0x80, 0x0, 0x0, 0x0,
    0x9f, 0x0, 0xa2, 0x4, 0x0, 0x0, 0x1c, 0xf7,
    0x97, 0x0, 0x0, 0x2a, 0xfb, 0x7d, 0x0, 0x0,
    0x0, 0xa6, 0x0, 0x64, 0x4a, 0x0, 0x0, 0x0,
    0x12, 0x1, 0x0, 0x0, 0x0, 0x12, 0x1, 0x0,
    0x0, 0x31, 0x7b, 0x0, 0x7, 0xae, 0x3, 0x0,
    0x0, 0x0, 0x50, 0x9e, 0xa0, 0x7f, 0x12, 0x0,
    0x0, 0x0, 0xa4, 0x11, 0x0, 0x0, 0x44, 0x8a,
    0x0, 0x0, 0x69, 0x64, 0x5, 0x0, 0x2d, 0x9f,
    0x6, 0x0, 0x72, 0x57, 0x0, 0x0, 0x0, 0x0,
    0x5f, 0x91, 0x8, 0x0, 0x0, 0x0, 0x0, 0x0,
    0x0, 0x4, 0x7f, 0x6f, 0x0, 0x0, 0x0, 0x0,
    0x0, 0x0, 0x38, 0xad, 0x72, 0x26, 0x6, 0x4,
    0x21, 0x69, 0xad, 0x44, 0x0, 0x0, 0x0, 0x0,
    0x0, 0x0, 0x0, 0x0, 0x1, 0x36, 0x7c, 0x9a,
    0x9b, 0x81, 0x3d, 0x2, 0x0, 0x0, 0x0, 0x0,
    0x0,

    /* U+1F622 "😢" */
    0x0, 0x0, 0x0, 0x0, 0x0, 0x2d, 0x74, 0x92,
    0x94, 0x78, 0x34, 0x0, 0x0, 0x0, 0x0, 0x0,
    0x0, 0x0, 0x0, 0x0, 0x32, 0xab, 0x7a, 0x2f,
    0xe, 0xb, 0x2a, 0x72, 0xac, 0x3d, 0x0, 0x0,
    0x0, 0x0, 0x0, 0x0, 0x58, 0x97, 0xb, 0x0,
    0x0, 0x0, 0x0, 0x0, 0x0, 0x6, 0x86, 0x68,
    0x0, 0x0, 0x0, 0x0, 0x40, 0x8f, 0x0, 0x0,
    0x0, 0x0, 0x0, 0x0, 0x0, 0x0, 0x0, 0x0,
    0x78, 0x52, 0x0, 0x0, 0x6, 0xad, 0x4, 0x10,
    0x90, 0x1f, 0x0, 0x0, 0x0, 0x0, 0x2, 0x9d,
    0x21, 0x0, 0xa6, 0xf, 0x0, 0x61, 0x4b, 0x2,
    0xa7, 0x2c, 0x0, 0x0, 0x0, 0x0, 0x0, 0x0,
    0x18, 0xad, 0x12, 0x35, 0x78, 0x0, 0xa1, 0x4,
    0xd, 0x31, 0x23, 0x5e, 0x0, 0x0, 0x0, 0x0,
    0x4c, 0x35, 0x1e, 0x21, 0x0, 0xa6, 0x0, 0xa0,
    0x0, 0x0, 0x0, 0xa9, 0xff, 0x2c, 0x0, 0x0,
    0x6, 0xfb, 0xd4, 0x0, 0x0, 0x0, 0x9f, 0x0,
    0x9f, 0x0, 0x0, 0x0, 0x5e, 0xbe, 0xb, 0x0,
    0x0, 0x0, 0xa7, 0x80, 0x0, 0x0, 0x0, 0x96,
    0x9, 0x9e, 0x0, 0x0, 0x0, 0x52, 0x0, 0x0,
    0x0, 0x0, 0x0, 0x0, 0x0, 0x0, 0x0, 0x0,
    0x9f, 0x0, 0xa2, 0x4, 0x0, 0x37, 0xbf, 0x29,
    0x0, 0x0, 0x0, 0x0, 0x0, 0x0, 0x0, 0x0,
    0x0, 0xa4, 0x0, 0x5d, 0x4e, 0x0, 0x96, 0xd,
    0xa4, 0x5e, 0x8f, 0x8f, 0x67, 0x19, 0x0, 0x0,
    0x0, 0x32, 0x78, 0x0, 0x7, 0xac, 0x2b, 0x70,
    0x0, 0x86, 0x74, 0x10, 0x11, 0x3f, 0x9a, 0x20,
    0x0, 0x0, 0xa5, 0xf, 0x0, 0x0, 0x3f, 0xf5,
    0x2b, 0x0, 0x24, 0x71, 0x0, 0x0, 0x0, 0x0,
    0x0, 0x0, 0x78, 0x54, 0x0, 0x0, 0x0, 0x0,
    0xa5, 0x33, 0x0, 0x2a, 0x78, 0x0, 0x0, 0x0,
    0x0, 0x5, 0x85, 0x6b, 0x0, 0x0, 0x0, 0x0,
    0x0, 0xf, 0xa3, 0x97, 0xff, 0x3a, 0x4, 0x5,
    0x24, 0x6e, 0xac, 0x3f, 0x0, 0x0, 0x0, 0x0,
    0x0, 0x0, 0x0, 0x2, 0x1c, 0x37, 0x79, 0x97,
    0x9a, 0x7e, 0x39, 0x1, 0x0, 0x0, 0x0, 0x0,
    0x0,

    /* U+1F623 "😣" */
    0x0, 0x0, 0x0, 0x0, 0x0, 0x2d, 0x74, 0x92,
    0x94, 0x78, 0x34, 0x0, 0x0, 0x0, 0x0, 0x0,
    0x0, 0x0, 0x0, 0x0, 0x32, 0xab, 0x7a, 0x2f,
    0xe, 0xb, 0x2a, 0x72, 0xac, 0x3d, 0x0, 0x0,
    0x0, 0x0, 0x0, 0x0, 0x58, 0x97, 0xb, 0x0,
    0x0, 0x0, 0x0, 0x0, 0x0, 0x6, 0x86, 0x68,
    0x0, 0x0, 0x0, 0x0, 0x40, 0x8f, 0x0, 0x0,
    0x0, 0x0, 0x0, 0x0, 0x0, 0x0, 0x0, 0x0,
    0x78, 0x52, 0x0, 0x0, 0x6, 0xae, 0x4, 0x0,
    0x26, 0x4c, 0x0, 0x0, 0x0, 0x0, 0x3e, 0x32,
    0x0, 0x0, 0xa6, 0xf, 0x0, 0x61, 0x4d, 0x3,
    0x81, 0x89, 0x5, 0x0, 0x0, 0x0, 0x0, 0x1,
    0x7b, 0x85, 0xb, 0x35, 0x78, 0x0, 0xa1, 0x5,
    0x0, 0x11, 0x0, 0x0, 0x0, 0x0, 0x0, 0x0,
    0x0, 0x0, 0xe, 0x2, 0x0, 0xa6, 0x0, 0xa0,
    0x0, 0x0, 0x10, 0x73, 0x10, 0x0, 0x0, 0x0,
    0x0, 0xc, 0x6a, 0x1f, 0x0, 0x0, 0x9f, 0x0,
    0xa0, 0x0, 0x0, 0x0, 0x1f, 0x94, 0x4f, 0x0,
    0x0, 0x41, 0x9a, 0x26, 0x0, 0x0, 0x0, 0x96,
    0x9, 0xa0, 0x0, 0x0, 0x3f, 0x8a, 0x8a, 0x68,
    0x0, 0x0, 0x5c, 0x8a, 0x89, 0x49, 0x0, 0x0,
    0x9f, 0x0, 0xa2, 0x4, 0x0, 0x3d, 0x1, 0x0,
    0x0, 0x0, 0x0, 0x0, 0x0, 0x0, 0x3d, 0x0,
    0x0, 0xa6, 0x0, 0x64, 0x4a, 0x0, 0x0, 0x0,
    0x0, 0x2b, 0x83, 0x88, 0x36, 0x0, 0x0, 0x0,
    0x0, 0x31, 0x7b, 0x0, 0x7, 0xae, 0x3, 0x0,
    0x0, 0x45, 0x88, 0x20, 0x13, 0x76, 0x5c, 0x0,
    0x0, 0x0, 0xa4, 0x11, 0x0, 0x0, 0x44, 0x8a,
    0x0, 0x0, 0x0, 0x0, 0x0, 0x0, 0x0, 0x0,
    0x0, 0x0, 0x72, 0x57, 0x0, 0x0, 0x0, 0x0,
    0x5f, 0x91, 0x8, 0x0, 0x0, 0x0, 0x0, 0x0,
    0x0, 0x4, 0x7f, 0x6f, 0x0, 0x0, 0x0, 0x0,
    0x0, 0x0, 0x38, 0xad, 0x72, 0x26, 0x6, 0x4,
    0x21, 0x69, 0xad, 0x44, 0x0, 0x0, 0x0, 0x0,
    0x0, 0x0, 0x0, 0x0, 0x1, 0x36, 0x7c, 0x9a,
    0x9b, 0x81, 0x3d, 0x2, 0x0, 0x0, 0x0, 0x0,
    0x0,

    /* U+1F624 "😤" */
    0x0, 0x0, 0x0, 0x0, 0x0, 0x0, 0x34, 0x78,
    0x94, 0x91, 0x72, 0x29, 0x0, 0x0, 0x0, 0x0,
    0x0, 0x0, 0x0, 0x0, 0x0, 0x0, 0x3e, 0xad,
    0x73, 0x2a, 0xb, 0xe, 0x30, 0x7e, 0xa7, 0x2d,
    0x0, 0x0, 0x0, 0x0, 0x0, 0x0, 0x0, 0x6b,
    0x8a, 0x1b, 0x0, 0x0, 0x0, 0x0, 0x0, 0x0,
    0x22, 0x9b, 0x51, 0x0, 0x0, 0x0, 0x0, 0x0,
    0x55, 0x7a, 0x0, 0x65, 0xa9, 0x1c, 0x0, 0x0,
    0x19, 0xaa, 0x68, 0x0, 0x94, 0x3a, 0x0, 0x0,
    0x0, 0x10, 0xa7, 0x0, 0x0, 0x0, 0x15, 0x94,
    0x0, 0x0, 0x91, 0x18, 0x0, 0x0, 0x5, 0xad,
    0x4, 0x0, 0x0, 0x7e, 0x2f, 0x0, 0x0, 0x0,
    0x0, 0x0, 0x0, 0x0, 0x0, 0x0, 0x0, 0x0,
    0x0, 0x4f, 0x5d, 0x0, 0x0, 0xa6, 0x0, 0x0,
    0x19, 0x7, 0x0, 0x21, 0x0, 0x0, 0x20, 0x0,
    0x8, 0x18, 0x0, 0x5, 0x9f, 0x0, 0x5, 0x9a,
    0x0, 0x0, 0x39, 0x9c, 0xa0, 0x7f, 0x3, 0x2,
    0x7e, 0xa0, 0x9c, 0x37, 0x0, 0x0, 0xa0, 0x0,
    0x19, 0x86, 0x0, 0x0, 0x0, 0x0, 0x0, 0x0,
    0x0, 0x0, 0x0, 0x0, 0x0, 0x0, 0x0, 0x0,
    0xa0, 0x0, 0x10, 0x97, 0x6, 0x0, 0x4, 0x52,
    0x65, 0x0, 0x0, 0x0, 0x0, 0x61, 0x52, 0x4,
    0x0, 0x7, 0xa8, 0x0, 0x14, 0xff, 0xb0, 0xa3,
    0xb0, 0xbb, 0x3e, 0x0, 0x0, 0x0, 0x0, 0x39,
    0xbe, 0xaf, 0xa6, 0xac, 0xff, 0x7, 0x5d, 0x49,
    0x0, 0x24, 0x0, 0xa7, 0x22, 0x9a, 0xa0, 0x9f,
    0x9c, 0x25, 0xa6, 0x0, 0x23, 0x0, 0x69, 0x3c,
    0x4a, 0x85, 0x0, 0x0, 0x37, 0x7f, 0x1f, 0x16,
    0x0, 0x0, 0x12, 0x20, 0x7b, 0x37, 0x0, 0x0,
    0xa4, 0x2a, 0x92, 0x14, 0x0, 0x2, 0x2, 0xa3,
    0x0, 0x0, 0x0, 0x0, 0x0, 0x0, 0xa3, 0x3,
    0x3, 0x0, 0x34, 0x72, 0x43, 0x9f, 0xa0, 0xa2,
    0xac, 0x73, 0x0, 0x0, 0x0, 0x0, 0x0, 0x0,
    0x72, 0xac, 0xa9, 0x98, 0xa9, 0x2d, 0x0, 0xd,
    0xf, 0x15, 0x72, 0xaa, 0x62, 0x1f, 0x2, 0x2,
    0x20, 0x65, 0xaa, 0x6e, 0x13, 0x11, 0xa, 0x0,
    0x0, 0x0, 0x0, 0x0, 0x0, 0x2, 0x42, 0x81,
    0x9c, 0x9b, 0x80, 0x3f, 0x1, 0x0, 0x0, 0x0,
    0x0, 0x0,

    /* U+1F625 "😥" */
    0x0, 0x0, 0x0, 0x0, 0x0, 0x12, 0x5c, 0x88,
    0x99, 0x86, 0x58, 0xf, 0x0, 0x0, 0x0, 0x0,
    0x0, 0x0, 0x0, 0x0, 0xf, 0x8c, 0x9a, 0x49,
    0x18, 0x6, 0x19, 0x4e, 0x9d, 0x84, 0xa, 0x0,
    0x0, 0x0, 0x0, 0x0, 0x22, 0xb0, 0x2b, 0x0,
    0x0, 0x0, 0x0, 0x0, 0x0, 0x0, 0x32, 0xad,
    0x1b, 0x0, 0x0, 0x0, 0x10, 0xb0, 0x10, 0x0,
    0x0, 0x0, 0x0, 0x0, 0x0, 0x0, 0x0, 0x0,
    0x15, 0xad, 0xb, 0x0, 0x0, 0x92, 0x27, 0x0,
    0x44, 0x88, 0x0, 0x0, 0x0, 0x0, 0x0, 0x99,
    0x34, 0x0, 0x31, 0x84, 0x0, 0x1b, 0x91, 0x0,
    0x92, 0x70, 0x5, 0x0, 0x0, 0x0, 0x0, 0x0,
    0xd, 0x7c, 0x83, 0x0, 0x9c, 0xe, 0x69, 0x3c,
    0x0, 0x0, 0x0, 0x0, 0x0, 0x0, 0x0, 0x0,
    0x0, 0x0, 0x0, 0x0, 0x0, 0x4d, 0x57, 0x97,
    0x9, 0x59, 0x0, 0x0, 0x4f, 0x14, 0x0, 0x0,
    0x0, 0x1f, 0x44, 0x0, 0x0, 0x0, 0x19, 0x86,
    0xa0, 0x5e, 0xc7, 0x3e, 0x36, 0xff, 0x98, 0x0,
    0x0, 0x0, 0xb6, 0xfe, 0x1a, 0x0, 0x0, 0x6,
    0x99, 0xb1, 0xb2, 0x7, 0xb0, 0x1c, 0xd7, 0x5f,
    0x0, 0x0, 0x0, 0x79, 0xcb, 0x8, 0x0, 0x0,
    0x18, 0x86, 0xc7, 0x2d, 0x0, 0x4d, 0x65, 0x0,
    0x0, 0x0, 0x0, 0x0, 0x0, 0x0, 0x0, 0x0,
    0x0, 0x4a, 0x5a, 0xa4, 0x0, 0x0, 0x0, 0xa1,
    0x0, 0x0, 0x0, 0x0, 0x0, 0x0, 0x0, 0x0,
    0x0, 0x0, 0x9a, 0x10, 0x9f, 0x0, 0x0, 0x0,
    0x9f, 0x0, 0x15, 0x83, 0xa0, 0x7a, 0xc, 0x0,
    0x0, 0x0, 0x2d, 0x87, 0x0, 0x97, 0x38, 0x1,
    0x52, 0x7e, 0x1c, 0xb0, 0x28, 0x0, 0x34, 0xb0,
    0xe, 0x0, 0x12, 0xad, 0xd, 0x0, 0x8, 0x76,
    0xac, 0xff, 0x25, 0x2, 0xc, 0x0, 0x0, 0x0,
    0xd, 0x0, 0x2b, 0xae, 0x1f, 0x0, 0x0, 0x0,
    0x0, 0x0, 0x13, 0x91, 0x92, 0x3f, 0xe, 0x0,
    0x11, 0x45, 0x98, 0x8c, 0xd, 0x0, 0x0, 0x0,
    0x0, 0x0, 0x0, 0x0, 0x0, 0x18, 0x65, 0x90,
    0x9f, 0x8f, 0x60, 0x14, 0x0, 0x0, 0x0, 0x0,
    0x0,

    /* U+1F626 "😦" */
    0x0, 0x0, 0x0, 0x0, 0x0, 0x2d, 0x74, 0x92,
    0x94, 0x78, 0x34, 0x0, 0x0, 0x0, 0x0, 0x0,
    0x0, 0x0, 0x0, 0x0, 0x32, 0xab, 0x7a, 0x2f,
    0xe, 0xb, 0x2a, 0x72, 0xac, 0x3d, 0x0, 0x0,
    0x0, 0x0, 0x0, 0x0, 0x58, 0x97, 0xb, 0x0,
    0x0, 0x0, 0x0, 0x0, 0x0, 0x6, 0x86, 0x68,
    0x0, 0x0, 0x0, 0x0, 0x40, 0x8f, 0x0, 0x0,
    0x0, 0x0, 0x0, 0x0, 0x0, 0x0, 0x0, 0x0,
    0x78, 0x52, 0x0, 0x0, 0x6, 0xae, 0x4, 0x0,
    0x0, 0x0, 0x0, 0x0, 0x0, 0x0, 0x0, 0x0,
    0x0, 0x0, 0xa6, 0xf, 0x0, 0x61, 0x4d, 0x0,
    0x0, 0x0, 0x0, 0x0, 0x0, 0x0, 0x0, 0x0,
    0x0, 0x0, 0x0, 0x35, 0x78, 0x0, 0xa1, 0x5,
    0x0, 0x0, 0x1, 0xb, 0x0, 0x0, 0x0, 0x0,
    0x8, 0x4, 0x0, 0x0, 0x0, 0xa6, 0x0, 0xa0,
    0x0, 0x0, 0x0, 0x89, 0xf2, 0x18, 0x0, 0x0,
    0x2, 0xdf, 0xb3, 0x0, 0x0, 0x0, 0x9f, 0x0,
    0xa0, 0x0, 0x0, 0x0, 0x98, 0xfb, 0x1f, 0x0,
    0x0, 0x4, 0xec, 0xc3, 0x0, 0x0, 0x0, 0x96,
    0x9, 0xa0, 0x0, 0x0, 0x0, 0x8, 0x23, 0x0,
    0x0, 0x0, 0x0, 0x1a, 0x10, 0x0, 0x0, 0x0,
    0x9f, 0x0, 0xa2, 0x4, 0x0, 0x0, 0x0, 0x0,
    0x0, 0x0, 0x0, 0x0, 0x0, 0x0, 0x0, 0x0,
    0x0, 0xa6, 0x0, 0x64, 0x4a, 0x0, 0x0, 0x0,
    0x15, 0x8f, 0xc4, 0xca, 0x9c, 0x25, 0x0, 0x0,
    0x0, 0x31, 0x7b, 0x0, 0x7, 0xae, 0x3, 0x0,
    0x0, 0xb2, 0xff, 0xff, 0xff, 0xff, 0xdc, 0x0,
    0x0, 0x0, 0xa4, 0x11, 0x0, 0x0, 0x44, 0x8a,
    0x0, 0x0, 0x85, 0xdd, 0xb8, 0xb2, 0xd8, 0xab,
    0x0, 0x0, 0x72, 0x57, 0x0, 0x0, 0x0, 0x0,
    0x5f, 0x91, 0x8, 0x0, 0x0, 0x0, 0x0, 0x0,
    0x0, 0x4, 0x7f, 0x6f, 0x0, 0x0, 0x0, 0x0,
    0x0, 0x0, 0x38, 0xad, 0x72, 0x26, 0x6, 0x4,
    0x21, 0x69, 0xad, 0x44, 0x0, 0x0, 0x0, 0x0,
    0x0, 0x0, 0x0, 0x0, 0x1, 0x36, 0x7c, 0x9a,
    0x9b, 0x81, 0x3d, 0x2, 0x0, 0x0, 0x0, 0x0,
    0x0,

    /* U+1F627 "😧" */
    0x0, 0x0, 0x0, 0x0, 0x0, 0x2d, 0x74, 0x92,
    0x94, 0x78, 0x34, 0x0, 0x0, 0x0, 0x0, 0x0,
    0x0, 0x0, 0x0, 0x0, 0x32, 0xab, 0x7a, 0x2f,
    0xe, 0xb, 0x2a, 0x72, 0xac, 0x3d, 0x0, 0x0,
    0x0, 0x0, 0x0, 0x0, 0x58, 0x97, 0xb, 0x0,
    0x0, 0x0, 0x0, 0x0, 0x0, 0x6, 0x86, 0x68,
    0x0, 0x0, 0x0, 0x0, 0x40, 0x8f, 0x24, 0x82,
    0x46, 0x0, 0x0, 0x0, 0x0, 0x29, 0x8a, 0x34,
    0x78, 0x52, 0x0, 0x0, 0x6, 0xae, 0x22, 0x8e,
    0x29, 0x4, 0x0, 0x0, 0x0, 0x0, 0x1, 0x22,
    0x7a, 0x39, 0xa6, 0xf, 0x0, 0x61, 0x4d, 0x0,
    0x0, 0x0, 0x0, 0x0, 0x0, 0x0, 0x0, 0x0,
    0x0, 0x0, 0x0, 0x35, 0x78, 0x0, 0xa1, 0x5,
    0x0, 0x0, 0x5, 0x19, 0x0, 0x0, 0x0, 0x0,
    0x13, 0xb, 0x0, 0x0, 0x0, 0xa6, 0x0, 0xa0,
    0x0, 0x0, 0x0, 0x93, 0xf8, 0x1d, 0x0, 0x0,
    0x3, 0xe8, 0xbe, 0x0, 0x0, 0x0, 0x9f, 0x0,
    0xa0, 0x0, 0x0, 0x0, 0x8f, 0xf6, 0x1b, 0x0,
    0x0, 0x3, 0xe4, 0xb9, 0x0, 0x0, 0x0, 0x96,
    0x9, 0xa0, 0x0, 0x0, 0x0, 0x3, 0x13, 0x0,
    0x0, 0x0, 0x0, 0xf, 0x8, 0x0, 0x0, 0x0,
    0x9f, 0x0, 0xa2, 0x4, 0x0, 0x0, 0x0, 0x0,
    0x0, 0x0, 0x0, 0x0, 0x0, 0x0, 0x0, 0x0,
    0x0, 0xa6, 0x0, 0x64, 0x4a, 0x0, 0x0, 0x0,
    0x4, 0x76, 0xc1, 0xc8, 0x8d, 0x12, 0x0, 0x0,
    0x0, 0x31, 0x7b, 0x0, 0x7, 0xae, 0x3, 0x0,
    0x0, 0x89, 0xff, 0xff, 0xff, 0xff, 0xb3, 0x0,
    0x0, 0x0, 0xa4, 0x11, 0x0, 0x0, 0x44, 0x8a,
    0x0, 0x0, 0x71, 0xfc, 0xe7, 0xe3, 0xfb, 0x9b,
    0x0, 0x0, 0x72, 0x57, 0x0, 0x0, 0x0, 0x0,
    0x5f, 0x91, 0x8, 0x0, 0x1, 0x0, 0x0, 0x1,
    0x0, 0x4, 0x7f, 0x6f, 0x0, 0x0, 0x0, 0x0,
    0x0, 0x0, 0x38, 0xad, 0x72, 0x26, 0x6, 0x4,
    0x21, 0x69, 0xad, 0x44, 0x0, 0x0, 0x0, 0x0,
    0x0, 0x0, 0x0, 0x0, 0x1, 0x36, 0x7c, 0x9a,
    0x9b, 0x81, 0x3d, 0x2, 0x0, 0x0, 0x0, 0x0,
    0x0,

    /* U+1F628 "😨" */
    0x0, 0x0, 0x0, 0x0, 0x0, 0x25, 0x7a, 0x92,
    0xa0, 0x84, 0x2c, 0x0, 0x0, 0x0, 0x0, 0x0,
    0x0, 0x0, 0x0, 0x0, 0x2f, 0xf1, 0xcd, 0x7b,
    0x42, 0x77, 0x92, 0xd3, 0xec, 0x3a, 0x0, 0x0,
    0x0, 0x0, 0x0, 0x0, 0x53, 0xf8, 0x7f, 0x54,
    0x44, 0x2c, 0x64, 0x60, 0x64, 0x6d, 0xf0, 0x63,
    0x0, 0x0, 0x0, 0x0, 0x3b, 0xf8, 0x77, 0xeb,
    0xaf, 0x44, 0x2c, 0x64, 0x60, 0x90, 0xef, 0x9d,
    0xe1, 0x4d, 0x0, 0x0, 0x4, 0xe3, 0x7b, 0xf1,
    0xa0, 0x5b, 0x44, 0x2c, 0x64, 0x60, 0x65, 0x85,
    0xd9, 0xab, 0xd6, 0xd, 0x0, 0x5e, 0x9d, 0x4e,
    0x47, 0x57, 0x41, 0x35, 0x22, 0x4e, 0x4b, 0x4e,
    0x4e, 0x4e, 0x4e, 0x7c, 0x75, 0x0, 0xa1, 0x5,
    0x0, 0x0, 0x5, 0x19, 0x0, 0x0, 0x0, 0x0,
    0x13, 0xb, 0x0, 0x0, 0x0, 0xa6, 0x0, 0xa0,
    0x0, 0x0, 0x0, 0x93, 0xf8, 0x1d, 0x0, 0x0,
    0x3, 0xe8, 0xbe, 0x0, 0x0, 0x0, 0xa0, 0x0,
    0xa0, 0x0, 0x0, 0x0, 0x8f, 0xf6, 0x1b, 0x0,
    0x0, 0x3, 0xe4, 0xb9, 0x0, 0x0, 0x0, 0x96,
    0x9, 0xa0, 0x0, 0x0, 0x0, 0x3, 0x13, 0x0,
    0x0, 0x0, 0x0, 0xf, 0x8, 0x0, 0x0, 0x0,
    0xa0, 0x0, 0xa3, 0x4, 0x0, 0x0, 0x0, 0x0,
    0x0, 0x0, 0x0, 0x0, 0x0, 0x0, 0x0, 0x0,
    0x0, 0xa6, 0x0, 0x64, 0x4a, 0x0, 0x0, 0x0,
    0x0, 0x65, 0xbd, 0xc9, 0x8c, 0xd, 0x0, 0x0,
    0x0, 0x31, 0x7b, 0x0, 0x7, 0xae, 0x3, 0x0,
    0x0, 0x64, 0xff, 0xff, 0xff, 0xff, 0xb2, 0x0,
    0x0, 0x0, 0xa4, 0x11, 0x0, 0x0, 0x44, 0x8a,
    0x0, 0x0, 0x56, 0xfe, 0xec, 0xe3, 0xfd, 0xa2,
    0x0, 0x0, 0x72, 0x57, 0x0, 0x0, 0x0, 0x0,
    0x5f, 0x91, 0x8, 0x0, 0x5, 0x0, 0x0, 0x5,
    0x0, 0x4, 0x7f, 0x6f, 0x0, 0x0, 0x0, 0x0,
    0x0, 0x0, 0x38, 0xad, 0x72, 0x26, 0x6, 0x4,
    0x21, 0x69, 0xad, 0x44, 0x0, 0x0, 0x0, 0x0,
    0x0, 0x0, 0x0, 0x0, 0x1, 0x36, 0x7c, 0x9a,
    0x9b, 0x81, 0x3d, 0x2, 0x0, 0x0, 0x0, 0x0,
    0x0,

    /* U+1F629 "😩" */
    0x0, 0x0, 0x0, 0x0, 0x0, 0x2d, 0x74, 0x92,
    0x94, 0x78, 0x34, 0x0, 0x0, 0x0, 0x0, 0x0,
    0x0, 0x0, 0x0, 0x0, 0x32, 0xab, 0x7a, 0x2f,
    0xe, 0xb, 0x2a, 0x72, 0xac, 0x3d, 0x0, 0x0,
    0x0, 0x0, 0x0, 0x0, 0x58, 0x97, 0xb, 0x0,
    0x15, 0x0, 0x0, 0x12, 0x3, 0x6, 0x86, 0x68,
    0x0, 0x0, 0x0, 0x0, 0x40, 0x8f, 0x0, 0x0,
    0x34, 0x82, 0x0, 0x0, 0x30, 0x78, 0x0, 0x0,
    0x78, 0x52, 0x0, 0x0, 0x6, 0xae, 0x4, 0x0,
    0x53, 0x87, 0x4, 0x0, 0x0, 0x0, 0x53, 0x8a,
    0x0, 0x0, 0xa6, 0xf, 0x0, 0x61, 0x4d, 0x0,
    0x0, 0x8, 0x0, 0x8, 0x0, 0x0, 0x6, 0x1,
    0x8, 0x0, 0x0, 0x35, 0x78, 0x0, 0xa1, 0x5,
    0x0, 0x0, 0x0, 0x6, 0x9c, 0x0, 0x0, 0x65,
    0x3a, 0x0, 0x0, 0x0, 0x0, 0xa6, 0x0, 0xa0,
    0x0, 0x0, 0x1c, 0x97, 0xa2, 0x2e, 0x0, 0x0,
    0x8, 0x9a, 0x97, 0x4b, 0x0, 0x0, 0x9f, 0x0,
    0xa0, 0x0, 0x0, 0x0, 0x0, 0x0, 0x0, 0x0,
    0x0, 0x0, 0x0, 0x0, 0x0, 0x0, 0x0, 0x96,
    0x9, 0xa0, 0x0, 0x0, 0x0, 0x0, 0x12, 0x73,
    0x78, 0x77, 0x7c, 0x32, 0x0, 0x0, 0x0, 0x0,
    0x9f, 0x0, 0xa2, 0x4, 0x0, 0x0, 0x21, 0x7f,
    0xb, 0x0, 0x0, 0x0, 0x5a, 0x58, 0x0, 0x0,
    0x0, 0xa6, 0x0, 0x64, 0x4a, 0x0, 0x0, 0xb0,
    0xe5, 0xe4, 0xe4, 0xe4, 0xe4, 0xe4, 0xec, 0x10,
    0x0, 0x31, 0x7b, 0x0, 0x7, 0xae, 0x3, 0x0,
    0xef, 0xff, 0xff, 0xff, 0xff, 0xff, 0xff, 0xff,
    0x43, 0x0, 0xa4, 0x11, 0x0, 0x0, 0x44, 0x8a,
    0x0, 0x9a, 0xb3, 0x65, 0x28, 0x1b, 0x4c, 0x9d,
    0xbd, 0x1c, 0x72, 0x57, 0x0, 0x0, 0x0, 0x0,
    0x5f, 0x91, 0x8, 0x0, 0x0, 0x0, 0x0, 0x0,
    0x0, 0x4, 0x7f, 0x6f, 0x0, 0x0, 0x0, 0x0,
    0x0, 0x0, 0x38, 0xad, 0x72, 0x26, 0x6, 0x4,
    0x21, 0x69, 0xad, 0x44, 0x0, 0x0, 0x0, 0x0,
    0x0, 0x0, 0x0, 0x0, 0x1, 0x36, 0x7c, 0x9a,
    0x9b, 0x81, 0x3d, 0x2, 0x0, 0x0, 0x0, 0x0,
    0x0,

    /* U+1F62A "😪" */
    0x0, 0x0, 0x0, 0x0, 0x0, 0x30, 0x75, 0x92,
    0x93, 0x76, 0x31, 0x0, 0x0, 0x0, 0x0, 0x0,
    0x0, 0x0, 0x0, 0x0, 0x37, 0xab, 0x76, 0x2d,
    0xd, 0xc, 0x2c, 0x76, 0xac, 0x39, 0x0, 0x0,
    0x0, 0x0, 0x0, 0x0, 0x61, 0x90, 0x9, 0x0,
    0x0, 0x0, 0x0, 0x0, 0x0, 0x9, 0x90, 0x62,
    0x0, 0x0, 0x0, 0x0, 0x4a, 0x86, 0x0, 0x0,
    0x0, 0x0, 0x0, 0x0, 0x0, 0x0, 0x0, 0x0,
    0x85, 0x4b, 0x0, 0x0, 0xa, 0xac, 0x2, 0x1b,
    0x42, 0x0, 0x0, 0x0, 0x0, 0x0, 0x0, 0x32,
    0x26, 0x2, 0xac, 0xb, 0x0, 0x6c, 0x41, 0x5e,
    0x84, 0x1f, 0x0, 0x0, 0x0, 0x0, 0x0, 0x0,
    0x12, 0x72, 0x6f, 0x3e, 0x70, 0x0, 0xa4, 0x1,
    0x3b, 0x0, 0x0, 0x0, 0x0, 0x0, 0x0, 0x0,
    0x0, 0x0, 0x0, 0x37, 0x3, 0xa5, 0x0, 0xa0,
    0x0, 0x0, 0x50, 0x2, 0xc, 0x46, 0x0, 0x0,
    0x2e, 0x22, 0x0, 0x4f, 0x1, 0x0, 0x9f, 0x0,
    0xa0, 0x0, 0x0, 0x2f, 0x8b, 0x87, 0x19, 0x0,
    0x0, 0x7, 0x79, 0x8c, 0x45, 0x0, 0x0, 0x9c,
    0x2, 0xa0, 0x0, 0x0, 0x0, 0x0, 0x0, 0x0,
    0x0, 0x0, 0x0, 0x16, 0x7a, 0x8f, 0x8b, 0x49,
    0x9e, 0x0, 0xa5, 0x1, 0x0, 0x0, 0x0, 0x0,
    0x0, 0x0, 0x0, 0x23, 0xcd, 0x1e, 0x0, 0x2,
    0x53, 0xed, 0x0, 0x6f, 0x3e, 0x0, 0x0, 0x0,
    0x0, 0x1e, 0x96, 0xa4, 0x3c, 0x44, 0x76, 0x0,
    0x0, 0x0, 0x5b, 0x3b, 0xb, 0xab, 0x1, 0x0,
    0x0, 0x0, 0xdd, 0xff, 0xff, 0xfb, 0x20, 0x74,
    0x31, 0x0, 0x0, 0x2c, 0x60, 0x0, 0x4d, 0x7f,
    0x0, 0x0, 0x0, 0x75, 0x86, 0x7d, 0x8e, 0xa,
    0x3, 0x97, 0x37, 0xf, 0x92, 0x1f, 0x0, 0x0,
    0x65, 0x8b, 0x7, 0x0, 0x0, 0x0, 0x0, 0x0,
    0x0, 0x1, 0x72, 0xd9, 0x82, 0x2b, 0x0, 0x0,
    0x0, 0x0, 0x3c, 0xad, 0x70, 0x26, 0x6, 0x4,
    0x20, 0x65, 0xad, 0x53, 0x0, 0x0, 0x0, 0x0,
    0x0, 0x0, 0x0, 0x0, 0x1, 0x38, 0x7d, 0x9a,
    0x9a, 0x81, 0x3f, 0x3, 0x0, 0x0, 0x0, 0x0,
    0x0,

    /* U+1F62B "😫" */
    0x0, 0x0, 0x0, 0x0, 0x0, 0x2d, 0x74, 0x92,
    0x94, 0x78, 0x34, 0x0, 0x0, 0x0, 0x0, 0x0,
    0x0, 0x0, 0x0, 0x0, 0x32, 0xab, 0x7a, 0x2f,
    0xe, 0xb, 0x2a, 0x72, 0xac, 0x3d, 0x0, 0x0,
    0x0, 0x0, 0x0, 0x0, 0x58, 0x97, 0xb, 0x0,
    0x0, 0x0, 0x0, 0x0, 0x0, 0x6, 0x86, 0x68,
    0x0, 0x0, 0x0, 0x0, 0x40, 0x8f, 0x0, 0xe,
    0x80, 0x3e, 0x0, 0x0, 0xc, 0x99, 0x24, 0x0,
    0x78, 0x52, 0x0, 0x0, 0x6, 0xae, 0x4, 0x21,
    0x81, 0x26, 0x0, 0x0, 0x0, 0x0, 0xe, 0x6d,
    0x4d, 0x0, 0xa6, 0xf, 0x0, 0x61, 0x4d, 0x0,
    0xd, 0x1, 0x0, 0x0, 0x0, 0x0, 0x0, 0x0,
    0x0, 0xf, 0x0, 0x35, 0x78, 0x0, 0xa1, 0x5,
    0x0, 0x36, 0x88, 0x8c, 0x25, 0x0, 0x0, 0xc,
    0x72, 0x8f, 0x5f, 0x0, 0x0, 0xa6, 0x0, 0xa0,
    0x0, 0x0, 0x0, 0x32, 0x9f, 0x7f, 0x0, 0x0,
    0x46, 0xa9, 0x5e, 0x0, 0x0, 0x0, 0x9f, 0x0,
    0xa0, 0x0, 0x0, 0x11, 0x7b, 0x5, 0x0, 0x0,
    0x0, 0x0, 0x0, 0x4e, 0x43, 0x0, 0x0, 0x96,
    0x9, 0xa0, 0x0, 0x0, 0x0, 0x0, 0x12, 0x73,
    0x78, 0x77, 0x7c, 0x32, 0x0, 0x0, 0x0, 0x0,
    0x9f, 0x0, 0xa2, 0x4, 0x0, 0x0, 0x21, 0x7f,
    0xb, 0x0, 0x0, 0x0, 0x5a, 0x58, 0x0, 0x0,
    0x0, 0xa6, 0x0, 0x64, 0x4a, 0x0, 0x0, 0xb0,
    0xe5, 0xe4, 0xe4, 0xe4, 0xe4, 0xe4, 0xec, 0x10,
    0x0, 0x31, 0x7b, 0x0, 0x7, 0xae, 0x3, 0x0,
    0xef, 0xff, 0xff, 0xff, 0xff, 0xff, 0xff, 0xff,
    0x43, 0x0, 0xa4, 0x11, 0x0, 0x0, 0x44, 0x8a,
    0x0, 0x9a, 0xb3, 0x65, 0x28, 0x1b, 0x4c, 0x9d,
    0xbd, 0x1c, 0x72, 0x57, 0x0, 0x0, 0x0, 0x0,
    0x5f, 0x91, 0x8, 0x0, 0x0, 0x0, 0x0, 0x0,
    0x0, 0x4, 0x7f, 0x6f, 0x0, 0x0, 0x0, 0x0,
    0x0, 0x0, 0x38, 0xad, 0x72, 0x26, 0x6, 0x4,
    0x21, 0x69, 0xad, 0x44, 0x0, 0x0, 0x0, 0x0,
    0x0, 0x0, 0x0, 0x0, 0x1, 0x36, 0x7c, 0x9a,
    0x9b, 0x81, 0x3d, 0x2, 0x0, 0x0, 0x0, 0x0,
    0x0,

    /* U+1F62C "😬" */
    0x0, 0x0, 0x0, 0x0, 0x0, 0x2d, 0x74, 0x92,
    0x94, 0x78, 0x34, 0x0, 0x0, 0x0, 0x0, 0x0,
    0x0, 0x0, 0x0, 0x0, 0x32, 0xab, 0x7a, 0x2f,
    0xe, 0xb, 0x2a, 0x72, 0xac, 0x3d, 0x0, 0x0,
    0x0, 0x0, 0x0, 0x0, 0x58, 0x97, 0xb, 0x0,
    0x0, 0x0, 0x0, 0x0, 0x0, 0x6, 0x86, 0x68,
    0x0, 0x0, 0x0, 0x0, 0x40, 0x8f, 0x0, 0x0,
    0x0, 0x0, 0x0, 0x0, 0x0, 0x0, 0x0, 0x0,
    0x78, 0x52, 0x0, 0x0, 0x6, 0xae, 0x4, 0x0,
    0x0, 0x0, 0x0, 0x0, 0x0, 0x0, 0x0, 0x0,
    0x0, 0x0, 0xa6, 0xf, 0x0, 0x61, 0x4d, 0x0,
    0x0, 0x12, 0x61, 0x4, 0x0, 0x0, 0x0, 0x4a,
    0x2d, 0x0, 0x0, 0x35, 0x78, 0x0, 0xa1, 0x5,
    0x0, 0x0, 0x84, 0xff, 0x53, 0x0, 0x0, 0xf,
    0xfd, 0xcb, 0x0, 0x0, 0x0, 0xa6, 0x0, 0xa0,
    0x0, 0x0, 0x0, 0x4a, 0xd6, 0x26, 0x0, 0x0,
    0x3, 0xbd, 0x87, 0x0, 0x0, 0x0, 0x9f, 0x0,
    0xa0, 0x0, 0x0, 0x0, 0x0, 0x0, 0x0, 0x0,
    0x0, 0x0, 0x0, 0x0, 0x0, 0x0, 0x0, 0x96,
    0x9, 0xa0, 0x0, 0x0, 0x40, 0xab, 0x7b, 0xaa,
    0x83, 0xa1, 0xa1, 0x83, 0xa7, 0x44, 0x0, 0x0,
    0x9f, 0x0, 0xa2, 0x4, 0x1b, 0x9a, 0xb3, 0x2f,
    0xab, 0x43, 0x93, 0x93, 0x43, 0xa7, 0x9b, 0x23,
    0x0, 0xa6, 0x0, 0x64, 0x4a, 0x35, 0x94, 0xbf,
    0x3b, 0xb7, 0x4f, 0x9f, 0x9f, 0x4f, 0xb3, 0x93,
    0x40, 0x31, 0x7b, 0x0, 0x7, 0xae, 0x1, 0xa4,
    0xff, 0xb3, 0xff, 0xc3, 0xff, 0xff, 0xc3, 0xff,
    0xaa, 0x3, 0xa4, 0x11, 0x0, 0x0, 0x44, 0x8a,
    0x0, 0x9, 0xf, 0xf, 0xf, 0xf, 0xf, 0xf,
    0xa, 0x0, 0x72, 0x57, 0x0, 0x0, 0x0, 0x0,
    0x5f, 0x91, 0x8, 0x0, 0x0, 0x0, 0x0, 0x0,
    0x0, 0x4, 0x7f, 0x6f, 0x0, 0x0, 0x0, 0x0,
    0x0, 0x0, 0x38, 0xad, 0x72, 0x26, 0x6, 0x4,
    0x21, 0x69, 0xad, 0x44, 0x0, 0x0, 0x0, 0x0,
    0x0, 0x0, 0x0, 0x0, 0x1, 0x36, 0x7c, 0x9a,
    0x9b, 0x81, 0x3d, 0x2, 0x0, 0x0, 0x0, 0x0,
    0x0,

    /* U+1F62D "😭" */
    0x0, 0x0, 0x0, 0x0, 0x0, 0x27, 0x6f, 0x8f,
    0x96, 0x7d, 0x3f, 0x3, 0x0, 0x0, 0x0, 0x0,
    0x0, 0x0, 0x0, 0x0, 0x2f, 0xa7, 0x82, 0x34,
    0x10, 0x9, 0x24, 0x67, 0xac, 0x5c, 0x0, 0x0,
    0x0, 0x0, 0x0, 0x0, 0x57, 0x9b, 0xe, 0x0,
    0x0, 0x0, 0x0, 0x0, 0x0, 0x1, 0x65, 0x95,
    0x3, 0x0, 0x0, 0x0, 0x43, 0x91, 0x0, 0x23,
    0x0, 0x0, 0x0, 0x0, 0x0, 0x0, 0x1a, 0x8,
    0x47, 0x8b, 0x0, 0x0, 0x8, 0xaf, 0x28, 0xa9,
    0x5a, 0x0, 0x0, 0x0, 0x0, 0x0, 0x0, 0x2f,
    0xa0, 0x5a, 0x7f, 0x3a, 0x0, 0x67, 0x47, 0x73,
    0x1b, 0x46, 0x1f, 0x0, 0x0, 0x0, 0x0, 0xa,
    0x47, 0x22, 0x71, 0x1b, 0xa3, 0x0, 0xa3, 0x3,
    0x19, 0xff, 0x90, 0xff, 0x44, 0x0, 0x0, 0x11,
    0xff, 0x9c, 0xff, 0x50, 0x0, 0x99, 0xd, 0xa0,
    0x0, 0x0, 0x7d, 0x25, 0xa0, 0x6, 0x0, 0x0,
    0x0, 0x6b, 0x38, 0xa0, 0x7, 0x0, 0x6f, 0x31,
    0xa0, 0x0, 0x0, 0x81, 0x1c, 0xa0, 0x0, 0x0,
    0x3, 0x0, 0x64, 0x38, 0xa0, 0x0, 0x0, 0x5f,
    0x40, 0xa0, 0x0, 0x0, 0x8b, 0x12, 0xd4, 0xa2,
    0xa2, 0x9e, 0xa8, 0xc6, 0x38, 0xa0, 0x0, 0x0,
    0x77, 0x29, 0x9c, 0xa, 0x0, 0x95, 0x9, 0xfe,
    0xc, 0x0, 0x0, 0x0, 0xca, 0x38, 0xa0, 0x0,
    0x0, 0x9e, 0x6, 0x50, 0x5d, 0x0, 0x9d, 0x1,
    0xff, 0xd8, 0xd8, 0xd8, 0xd8, 0xff, 0x38, 0xa0,
    0x0, 0x15, 0x96, 0x0, 0x1, 0xab, 0xd, 0xa0,
    0x0, 0xff, 0xff, 0xed, 0xe2, 0xfe, 0xff, 0x38,
    0xa0, 0x0, 0x97, 0x20, 0x0, 0x0, 0x28, 0xa7,
    0xa8, 0x0, 0xe4, 0x1e, 0x0, 0x0, 0xc, 0xbb,
    0x38, 0x9a, 0x77, 0x64, 0x0, 0x0, 0x0, 0x3e,
    0xca, 0x8a, 0x0, 0xb1, 0x5, 0x0, 0x0, 0x0,
    0x87, 0x2d, 0x4d, 0xca, 0x77, 0x0, 0x0, 0x0,
    0x36, 0xa4, 0x0, 0x0, 0x3e, 0xce, 0x21, 0x17,
    0xa7, 0x73, 0x0, 0x0, 0x63, 0x78, 0x0, 0x0,
    0x0, 0x0, 0x65, 0xa2, 0x9e, 0x99, 0xbb, 0x93,
    0x98, 0xb6, 0x99, 0x9c, 0xa0, 0x95, 0x6, 0x0,
    0x0,

    /* U+1F62E "😮" */
    0x0, 0x0, 0x0, 0x0, 0x0, 0x2d, 0x74, 0x92,
    0x94, 0x78, 0x34, 0x0, 0x0, 0x0, 0x0, 0x0,
    0x0, 0x0, 0x0, 0x0, 0x32, 0xab, 0x7a, 0x2f,
    0xe, 0xb, 0x2a, 0x72, 0xac, 0x3d, 0x0, 0x0,
    0x0, 0x0, 0x0, 0x0, 0x58, 0x97, 0xb, 0x0,
    0x0, 0x0, 0x0, 0x0, 0x0, 0x6, 0x86, 0x68,
    0x0, 0x0, 0x0, 0x0, 0x40, 0x8f, 0x0, 0x0,
    0x0, 0x0, 0x0, 0x0, 0x0, 0x0, 0x0, 0x0,
    0x78, 0x52, 0x0, 0x0, 0x6, 0xae, 0x4, 0x0,
    0x0, 0x0, 0x0, 0x0, 0x0, 0x0, 0x0, 0x0,
    0x0, 0x0, 0xa6, 0xf, 0x0, 0x61, 0x4d, 0x0,
    0x0, 0x1d, 0x52, 0x0, 0x0, 0x0, 0x0, 0x42,
    0x2e, 0x0, 0x0, 0x35, 0x78, 0x0, 0xa1, 0x5,
    0x0, 0x0, 0xa7, 0xff, 0x2a, 0x0, 0x0, 0x6,
    0xf9, 0xd2, 0x0, 0x0, 0x0, 0xa6, 0x0, 0xa0,
    0x0, 0x0, 0x0, 0x66, 0xca, 0xd, 0x0, 0x0,
    0x0, 0xb3, 0x8a, 0x0, 0x0, 0x0, 0x9f, 0x0,
    0xa0, 0x0, 0x0, 0x0, 0x0, 0x0, 0x0, 0x0,
    0x0, 0x0, 0x0, 0x0, 0x0, 0x0, 0x0, 0x96,
    0x9, 0xa0, 0x0, 0x0, 0x0, 0x0, 0x0, 0x0,
    0xf, 0x15, 0x0, 0x0, 0x0, 0x0, 0x0, 0x0,
    0x9f, 0x0, 0xa2, 0x4, 0x0, 0x0, 0x0, 0x2,
    0x8d, 0xfc, 0xff, 0xb2, 0xc, 0x0, 0x0, 0x0,
    0x0, 0xa6, 0x0, 0x64, 0x4a, 0x0, 0x0, 0x0,
    0x65, 0xff, 0xff, 0xff, 0xff, 0x94, 0x0, 0x0,
    0x0, 0x31, 0x7b, 0x0, 0x7, 0xae, 0x3, 0x0,
    0x0, 0x77, 0xff, 0xff, 0xff, 0xff, 0xa6, 0x0,
    0x0, 0x0, 0xa4, 0x11, 0x0, 0x0, 0x44, 0x8a,
    0x0, 0x0, 0x5, 0x71, 0xae, 0xb4, 0x83, 0x11,
    0x0, 0x0, 0x72, 0x57, 0x0, 0x0, 0x0, 0x0,
    0x5f, 0x91, 0x8, 0x0, 0x0, 0x0, 0x0, 0x0,
    0x0, 0x4, 0x7f, 0x6f, 0x0, 0x0, 0x0, 0x0,
    0x0, 0x0, 0x38, 0xad, 0x72, 0x26, 0x6, 0x4,
    0x21, 0x69, 0xad, 0x44, 0x0, 0x0, 0x0, 0x0,
    0x0, 0x0, 0x0, 0x0, 0x1, 0x36, 0x7c, 0x9a,
    0x9b, 0x81, 0x3d, 0x2, 0x0, 0x0, 0x0, 0x0,
    0x0,

    /* U+1F62F "😯" */
    0x0, 0x0, 0x0, 0x0, 0x0, 0x2d, 0x74, 0x92,
    0x94, 0x78, 0x34, 0x0, 0x0, 0x0, 0x0, 0x0,
    0x0, 0x0, 0x0, 0x0, 0x32, 0xab, 0x7a, 0x2f,
    0xe, 0xb, 0x2a, 0x72, 0xac, 0x3d, 0x0, 0x0,
    0x0, 0x0, 0x0, 0x0, 0x58, 0x97, 0xb, 0x0,
    0x0, 0x0, 0x0, 0x0, 0x0, 0x6, 0x86, 0x68,
    0x0, 0x0, 0x0, 0x0, 0x40, 0x8f, 0x11, 0x6c,
    0x62, 0x0, 0x0, 0x0, 0x0, 0x3a, 0x7a, 0x25,
    0x78, 0x52, 0x0, 0x0, 0x6, 0xae, 0x14, 0x8e,
    0x2e, 0x5, 0x0, 0x0, 0x0, 0x0, 0x0, 0x15,
    0x7d, 0x2f, 0xa6, 0xf, 0x0, 0x61, 0x4d, 0x0,
    0x0, 0x0, 0x0, 0x0, 0x0, 0x0, 0x0, 0x0,
    0x0, 0x0, 0x0, 0x35, 0x78, 0x0, 0xa1, 0x5,
    0x0, 0x0, 0x42, 0x45, 0x0, 0x0, 0x0, 0x0,
    0x26, 0x61, 0x0, 0x0, 0x0, 0xa6, 0x0, 0xa0,
    0x0, 0x0, 0x0, 0xe9, 0xf0, 0x0, 0x0, 0x0,
    0x0, 0xad, 0xff, 0x2c, 0x0, 0x0, 0x9f, 0x0,
    0xa0, 0x0, 0x0, 0x0, 0x93, 0x9a, 0x0, 0x0,
    0x0, 0x0, 0x61, 0xbf, 0xc, 0x0, 0x0, 0x96,
    0x9, 0xa0, 0x0, 0x0, 0x0, 0x0, 0x0, 0x0,
    0x0, 0x0, 0x0, 0x0, 0x0, 0x0, 0x0, 0x0,
    0x9f, 0x0, 0xa2, 0x4, 0x0, 0x0, 0x0, 0x0,
    0x0, 0x0, 0x0, 0x0, 0x0, 0x0, 0x0, 0x0,
    0x0, 0xa6, 0x0, 0x64, 0x4a, 0x0, 0x0, 0x0,
    0x0, 0x1a, 0xca, 0xe3, 0x42, 0x0, 0x0, 0x0,
    0x0, 0x31, 0x7b, 0x0, 0x7, 0xae, 0x3, 0x0,
    0x0, 0x0, 0x76, 0xff, 0xff, 0xb9, 0x0, 0x0,
    0x0, 0x0, 0xa4, 0x11, 0x0, 0x0, 0x44, 0x8a,
    0x0, 0x0, 0x0, 0x45, 0xfe, 0xff, 0x87, 0x0,
    0x0, 0x0, 0x72, 0x57, 0x0, 0x0, 0x0, 0x0,
    0x5f, 0x91, 0x8, 0x0, 0x0, 0x32, 0x49, 0x1,
    0x0, 0x4, 0x7f, 0x6f, 0x0, 0x0, 0x0, 0x0,
    0x0, 0x0, 0x38, 0xad, 0x72, 0x26, 0x6, 0x4,
    0x21, 0x69, 0xad, 0x44, 0x0, 0x0, 0x0, 0x0,
    0x0, 0x0, 0x0, 0x0, 0x1, 0x36, 0x7c, 0x9a,
    0x9b, 0x81, 0x3d, 0x2, 0x0, 0x0, 0x0, 0x0,
    0x0,

    /* U+1F630 "😰" */
    0x0, 0x0, 0x0, 0x0, 0x0, 0x8, 0x4b, 0x90,
    0xa5, 0x94, 0x58, 0x10, 0x0, 0x0, 0x0, 0x0,
    0x0, 0x0, 0x0, 0x0, 0x6, 0x77, 0xe5, 0xb3,
    0x87, 0x72, 0x7b, 0xa6, 0xcb, 0x9e, 0x11, 0x0,
    0x0, 0x0, 0x0, 0x0, 0x12, 0xd2, 0x85, 0x64,
    0x64, 0x64, 0x64, 0x5c, 0x64, 0x48, 0x66, 0xf5,
    0x24, 0x0, 0x0, 0x0, 0x4, 0xff, 0x4d, 0x44,
    0x6f, 0x64, 0x64, 0x64, 0x5c, 0x64, 0x53, 0x3c,
    0x56, 0xff, 0x11, 0x0, 0x0, 0x9f, 0xa8, 0x44,
    0xad, 0xfe, 0x65, 0x64, 0x64, 0x5c, 0x64, 0xce,
    0xb4, 0x65, 0x86, 0xc8, 0x0, 0x4, 0xe9, 0x4e,
    0x94, 0x77, 0x4e, 0x4e, 0x4e, 0x4e, 0x47, 0x4e,
    0x38, 0x67, 0xb1, 0x4e, 0xda, 0x1d, 0x40, 0x5d,
    0x0, 0x0, 0x0, 0x15, 0x8, 0x0, 0x0, 0x0,
    0x5, 0x19, 0x0, 0x0, 0x0, 0x36, 0x6e, 0x6f,
    0x2c, 0x55, 0x0, 0xb, 0xf0, 0xae, 0x0, 0x0,
    0x0, 0x93, 0xf8, 0x1d, 0x0, 0x0, 0x3, 0x9b,
    0x81, 0x86, 0xc3, 0x2e, 0xa, 0xed, 0xa9, 0x0,
    0x0, 0x0, 0x8f, 0xf6, 0x1b, 0x0, 0x0, 0x0,
    0xa0, 0x85, 0xbc, 0xe, 0xb0, 0x3, 0x11, 0x6,
    0x0, 0x0, 0x0, 0x3, 0x13, 0x0, 0x0, 0x0,
    0x3, 0x9c, 0xa1, 0x25, 0x0, 0x54, 0x5f, 0x0,
    0x0, 0x0, 0x0, 0x0, 0x0, 0x0, 0x0, 0x0,
    0x0, 0x34, 0x72, 0xa2, 0x0, 0x0, 0x1, 0xa1,
    0x0, 0x6f, 0xd0, 0xe9, 0xd5, 0x80, 0x3, 0x0,
    0x0, 0x0, 0x8c, 0x22, 0x9f, 0x0, 0x0, 0x0,
    0x9f, 0x37, 0xff, 0xff, 0xff, 0xff, 0xff, 0x53,
    0x0, 0x0, 0x1f, 0x97, 0x0, 0x97, 0x38, 0x1,
    0x52, 0x7e, 0x13, 0xd6, 0xe2, 0xbe, 0xdd, 0xe0,
    0x22, 0x0, 0xb, 0xad, 0x15, 0x0, 0x8, 0x76,
    0xa4, 0xff, 0x2b, 0x0, 0x0, 0x0, 0x0, 0x0,
    0x0, 0x0, 0x22, 0xad, 0x29, 0x0, 0x0, 0x0,
    0x0, 0x0, 0xf, 0x8f, 0x97, 0x44, 0xf, 0x0,
    0xf, 0x40, 0x92, 0x94, 0x13, 0x0, 0x0, 0x0,
    0x0, 0x0, 0x0, 0x0, 0x0, 0x17, 0x62, 0x90,
    0x9f, 0x90, 0x65, 0x19, 0x0, 0x0, 0x0, 0x0,
    0x0,

    /* U+1F631 "😱" */
    0x0, 0x0, 0x0, 0x0, 0x0, 0x0, 0x2b, 0x80,
    0x9d, 0xac, 0x8f, 0x37, 0x1, 0x0, 0x0, 0x0,
    0x0, 0x0, 0x0, 0x0, 0x0, 0x0, 0x0, 0x36,
    0xe8, 0xda, 0x69, 0x42, 0x6e, 0x84, 0xd3, 0xf1,
    0x49, 0x0, 0x0, 0x0, 0x0, 0x0, 0x0, 0x0,
    0x0, 0x53, 0xff, 0x6a, 0x64, 0x38, 0x34, 0x64,
    0x5c, 0x6c, 0x69, 0xe7, 0x70, 0x0, 0x0, 0x0,
    0x0, 0x0, 0x0, 0x38, 0xfb, 0x65, 0x5c, 0x64,
    0x38, 0x34, 0x64, 0x5c, 0x6c, 0x64, 0x64, 0xc7,
    0x60, 0x0, 0x0, 0x0, 0x0, 0x3, 0xe3, 0x6a,
    0x64, 0x5c, 0x64, 0x38, 0x34, 0x64, 0x5c, 0x6c,
    0x64, 0x64, 0x54, 0xd8, 0x14, 0x0, 0x0, 0x0,
    0x57, 0xa3, 0x4e, 0x96, 0xdf, 0xea, 0x34, 0x28,
    0x4e, 0x48, 0xd4, 0xe2, 0xce, 0x42, 0x75, 0x82,
    0x0, 0x0, 0x0, 0x9d, 0x8, 0x20, 0x9e, 0x1,
    0x31, 0x8f, 0x0, 0x0, 0x5e, 0x5d, 0x0, 0x51,
    0x70, 0x0, 0xa6, 0x0, 0x0, 0x0, 0xa0, 0x0,
    0x66, 0x42, 0x0, 0x0, 0xac, 0x0, 0x0, 0x98,
    0xc, 0x0, 0x0, 0xa9, 0x0, 0x9d, 0x2, 0x0,
    0x0, 0x9e, 0x0, 0x51, 0x5a, 0x0, 0x21, 0x9a,
    0x0, 0x0, 0x6c, 0x4d, 0x0, 0xb, 0xa2, 0x0,
    0x8c, 0x12, 0x0, 0x1a, 0xff, 0x8f, 0x1f, 0x9e,
    0x89, 0xad, 0x12, 0x0, 0x0, 0x3, 0x9b, 0x8a,
    0xaf, 0x31, 0x6f, 0xff, 0x3c, 0x0, 0xd7, 0x85,
    0xbf, 0xa9, 0x8, 0x1a, 0x3, 0x0, 0x54, 0x74,
    0x0, 0x0, 0x18, 0x6, 0x9e, 0xc4, 0x51, 0xff,
    0x10, 0xa4, 0x8e, 0x89, 0x43, 0x95, 0x1, 0x0,
    0xa, 0xed, 0xfe, 0x2b, 0x0, 0x0, 0x63, 0x6e,
    0x86, 0x70, 0xa0, 0x1d, 0xa4, 0x7d, 0x42, 0x86,
    0x4f, 0x98, 0x3, 0x38, 0xff, 0xff, 0x6b, 0x0,
    0x6e, 0x83, 0x2e, 0x62, 0x90, 0xa1, 0x3, 0x6f,
    0x5b, 0x35, 0x15, 0x0, 0x44, 0x8c, 0x47, 0xff,
    0xff, 0x7b, 0x5a, 0x79, 0x0, 0xe, 0x16, 0x4e,
    0x91, 0x0, 0x8, 0xb3, 0xb, 0x0, 0x0, 0x0,
    0x94, 0x1a, 0xaa, 0xc0, 0x1c, 0xa3, 0x0, 0x0,
    0x0, 0x2, 0xa4, 0x1c, 0x0, 0x0, 0x27, 0xa9,
    0x19, 0x0, 0x0, 0xaa, 0x4a, 0xb, 0x8, 0x25,
    0xcc, 0x0, 0x0, 0xc, 0x9e, 0x44, 0x0, 0x0,
    0x0, 0x0, 0x18, 0x95, 0xa1, 0xa5, 0x8c, 0x70,
    0x91, 0x94, 0x79, 0x78, 0xa8, 0xa0, 0xa2, 0x2c,
    0x0, 0x0, 0x0,

    /* U+1F632 "😲" */
    0x0, 0x0, 0x0, 0x0, 0x0, 0x2d, 0x74, 0x92,
    0x94, 0x78, 0x34, 0x0, 0x0, 0x0, 0x0, 0x0,
    0x0, 0x0, 0x0, 0x0, 0x32, 0xab, 0x7a, 0x2f,
    0xe, 0xb, 0x2a, 0x72, 0xac, 0x3d, 0x0, 0x0,
    0x0, 0x0, 0x0, 0x0, 0x58, 0x97, 0xb, 0x0,
    0x0, 0x0, 0x0, 0x0, 0x0, 0x6, 0x86, 0x68,
    0x0, 0x0, 0x0, 0x0, 0x40, 0x91, 0x70, 0xb0,
    0x76, 0x0, 0x0, 0x0, 0x0, 0x5d, 0xae, 0x7e,
    0x7d, 0x52, 0x0, 0x0, 0x6, 0xae, 0x10, 0x52,
    0x0, 0x0, 0x0, 0x0, 0x0, 0x0, 0x0, 0x0,
    0x47, 0x16, 0xa6, 0xf, 0x0, 0x61, 0x4d, 0x0,
    0x0, 0x2, 0x10, 0x0, 0x0, 0x0, 0x0, 0xc,
    0x4, 0x0, 0x0, 0x35, 0x78, 0x0, 0xa1, 0x5,
    0x0, 0x0, 0x87, 0xf3, 0x15, 0x0, 0x0, 0x1,
    0xde, 0x9f, 0x0, 0x0, 0x0, 0xa6, 0x0, 0xa0,
    0x0, 0x0, 0x0, 0xac, 0xff, 0x30, 0x0, 0x0,
    0x7, 0xfd, 0xc4, 0x0, 0x0, 0x0, 0x9f, 0x0,
    0xa0, 0x0, 0x0, 0x0, 0x35, 0x81, 0x1, 0x0,
    0x0, 0x0, 0x6b, 0x44, 0x0, 0x0, 0x0, 0x96,
    0x9, 0xa0, 0x0, 0x0, 0x0, 0x0, 0x0, 0x0,
    0x0, 0x0, 0x0, 0x0, 0x0, 0x0, 0x0, 0x0,
    0x9f, 0x0, 0xa2, 0x4, 0x0, 0x0, 0x0, 0x0,
    0x2c, 0x8e, 0x88, 0x48, 0x0, 0x0, 0x0, 0x0,
    0x0, 0xa6, 0x0, 0x64, 0x4a, 0x0, 0x0, 0x0,
    0x0, 0x98, 0x79, 0x78, 0xaa, 0x0, 0x0, 0x0,
    0x0, 0x31, 0x7b, 0x0, 0x7, 0xae, 0x3, 0x0,
    0x0, 0x0, 0xac, 0xff, 0xff, 0xd8, 0x0, 0x0,
    0x0, 0x0, 0xa4, 0x11, 0x0, 0x0, 0x44, 0x8a,
    0x0, 0x0, 0x0, 0x9f, 0xff, 0xff, 0xca, 0x0,
    0x0, 0x0, 0x72, 0x57, 0x0, 0x0, 0x0, 0x0,
    0x5f, 0x91, 0x8, 0x0, 0x31, 0xdf, 0xec, 0x50,
    0x0, 0x4, 0x7f, 0x6f, 0x0, 0x0, 0x0, 0x0,
    0x0, 0x0, 0x38, 0xad, 0x72, 0x26, 0x6, 0x5,
    0x21, 0x69, 0xad, 0x44, 0x0, 0x0, 0x0, 0x0,
    0x0, 0x0, 0x0, 0x0, 0x1, 0x36, 0x7c, 0x9a,
    0x9b, 0x81, 0x3d, 0x2, 0x0, 0x0, 0x0, 0x0,
    0x0,

    /* U+1F633 "😳" */
    0x0, 0x0, 0x0, 0x0, 0x0, 0x2d, 0x74, 0x92,
    0x94, 0x78, 0x34, 0x0, 0x0, 0x0, 0x0, 0x0,
    0x0, 0x0, 0x0, 0x0, 0x32, 0xab, 0x7a, 0x2f,
    0xe, 0xb, 0x2a, 0x72, 0xac, 0x3d, 0x0, 0x0,
    0x0, 0x0, 0x0, 0x0, 0x58, 0x97, 0xb, 0x0,
    0x0, 0x0, 0x0, 0x0, 0x0, 0x6, 0x86, 0x68,
    0x0, 0x0, 0x0, 0x0, 0x40, 0x8f, 0x51, 0x8b,
    0x87, 0x24, 0x0, 0x0, 0x0, 0x6b, 0x8b, 0x7a,
    0x79, 0x52, 0x0, 0x0, 0x6, 0xae, 0x4, 0xd,
    0x0, 0x2, 0x5, 0x0, 0x0, 0x0, 0x7, 0x0,
    0xc, 0x0, 0xa6, 0xf, 0x0, 0x61, 0x4d, 0x0,
    0x2f, 0x6f, 0x3b, 0x0, 0x0, 0x0, 0x0, 0x12,
    0x69, 0x4d, 0x0, 0x35, 0x78, 0x0, 0xa1, 0x5,
    0x44, 0x63, 0x8, 0x52, 0x55, 0x0, 0x0, 0xb,
    0x81, 0x10, 0x3d, 0x68, 0x0, 0xa6, 0x0, 0xa0,
    0x0, 0x7b, 0x13, 0xc0, 0x2c, 0x7b, 0x0, 0x0,
    0x55, 0x25, 0xa6, 0x5b, 0x83, 0x0, 0x9f, 0x0,
    0xa0, 0x0, 0x7b, 0xe, 0xa5, 0x22, 0x7b, 0x0,
    0x0, 0x55, 0x25, 0x8b, 0x4a, 0x83, 0x0, 0x96,
    0x9, 0xa0, 0x0, 0x45, 0x62, 0x8, 0x52, 0x55,
    0x0, 0x0, 0xb, 0x82, 0x10, 0x3c, 0x68, 0x0,
    0x9f, 0x0, 0xa2, 0x4, 0x0, 0x36, 0x8d, 0x41,
    0x0, 0x0, 0x0, 0x0, 0x12, 0x6f, 0x6a, 0x6,
    0x0, 0xa6, 0x0, 0x64, 0x4a, 0x6, 0x71, 0x72,
    0x5d, 0x0, 0x0, 0x0, 0x0, 0x18, 0x72, 0x74,
    0x44, 0x31, 0x7b, 0x0, 0x7, 0xae, 0x6, 0x21,
    0x13, 0x5, 0x0, 0x0, 0x0, 0x0, 0x9, 0x26,
    0xd, 0x0, 0xa4, 0x11, 0x0, 0x0, 0x44, 0x8a,
    0x0, 0x0, 0x0, 0xc, 0xa0, 0xa0, 0x61, 0x0,
    0x0, 0x0, 0x72, 0x57, 0x0, 0x0, 0x0, 0x0,
    0x5f, 0x91, 0x8, 0x0, 0x0, 0x0, 0x0, 0x0,
    0x0, 0x4, 0x7f, 0x6f, 0x0, 0x0, 0x0, 0x0,
    0x0, 0x0, 0x38, 0xad, 0x72, 0x26, 0x6, 0x4,
    0x21, 0x69, 0xad, 0x44, 0x0, 0x0, 0x0, 0x0,
    0x0, 0x0, 0x0, 0x0, 0x1, 0x36, 0x7c, 0x9a,
    0x9b, 0x81, 0x3d, 0x2, 0x0, 0x0, 0x0, 0x0,
    0x0,

    /* U+1F634 "😴" */
    0x0, 0x0, 0x0, 0x0, 0x0, 0x2b, 0x72, 0x91,
    0x94, 0x78, 0x36, 0x1, 0x0, 0x0, 0x5f, 0x4c,
    0x4, 0x0, 0x0, 0x0, 0x32, 0xab, 0x7e, 0x32,
    0xf, 0xa, 0x29, 0x6e, 0x18, 0x0, 0x0, 0x2f,
    0xb8, 0x4, 0x0, 0x0, 0x58, 0x96, 0xc, 0x0,
    0x0, 0x0, 0x3, 0x0, 0x0, 0x65, 0x8d, 0x24,
    0xd0, 0x1d, 0x0, 0x0, 0x42, 0x8b, 0x0, 0x0,
    0x0, 0x0, 0x0, 0x31, 0xb9, 0x14, 0x86, 0x1f,
    0x4, 0x36, 0x43, 0x0, 0x8, 0xad, 0x3, 0x0,
    0x0, 0x0, 0x0, 0x4, 0xa3, 0x41, 0xa, 0x79,
    0x4c, 0x0, 0x76, 0xe, 0x0, 0x68, 0x45, 0x0,
    0x0, 0x0, 0x0, 0x0, 0x2, 0x4a, 0x53, 0x0,
    0x0, 0x0, 0x0, 0x37, 0x73, 0x0, 0xa4, 0x2,
    0x0, 0x0, 0x0, 0x0, 0x0, 0x0, 0x0, 0x0,
    0x0, 0x0, 0x0, 0x0, 0x0, 0xa5, 0x0, 0xa0,
    0x0, 0x0, 0x4d, 0x5, 0x6, 0x4b, 0x0, 0x0,
    0x35, 0x1b, 0x0, 0x4e, 0x0, 0x0, 0xa1, 0x0,
    0xa0, 0x0, 0x0, 0x26, 0x8a, 0x89, 0x22, 0x0,
    0x0, 0xa, 0x7e, 0x8b, 0x39, 0x0, 0x0, 0x9d,
    0x3, 0xa0, 0x0, 0x0, 0x0, 0x0, 0x0, 0x0,
    0x0, 0x0, 0x0, 0x0, 0x0, 0x0, 0x0, 0x0,
    0xa0, 0x0, 0xa4, 0x1, 0x0, 0x0, 0x0, 0x0,
    0x0, 0x0, 0x0, 0x0, 0x0, 0x0, 0x0, 0x0,
    0x0, 0xa5, 0x0, 0x6c, 0x42, 0x0, 0x0, 0x0,
    0x0, 0x2b, 0xb3, 0xc3, 0x54, 0x0, 0x0, 0x0,
    0x0, 0x39, 0x73, 0x0, 0xa, 0xac, 0x2, 0x0,
    0x0, 0x0, 0xde, 0xff, 0xff, 0xfe, 0x23, 0x0,
    0x0, 0x0, 0xa7, 0xd, 0x0, 0x0, 0x4b, 0x83,
    0x0, 0x0, 0x0, 0x70, 0x78, 0x6a, 0x8b, 0x9,
    0x0, 0x0, 0x79, 0x50, 0x0, 0x0, 0x0, 0x0,
    0x66, 0x8c, 0x7, 0x0, 0x0, 0x0, 0x0, 0x0,
    0x0, 0x5, 0x84, 0x69, 0x0, 0x0, 0x0, 0x0,
    0x0, 0x0, 0x3c, 0xad, 0x6f, 0x25, 0x5, 0x5,
    0x23, 0x6c, 0xac, 0x3f, 0x0, 0x0, 0x0, 0x0,
    0x0, 0x0, 0x0, 0x0, 0x1, 0x39, 0x7e, 0x9a,
    0x9a, 0x7f, 0x3b, 0x1, 0x0, 0x0, 0x0, 0x0,
    0x0,

    /* U+1F635 "😵" */
    0x0, 0x0, 0x0, 0x0, 0x0, 0x2c, 0x73, 0x91,
    0x94, 0x78, 0x35, 0x1, 0x0, 0x0, 0x0, 0x0,
    0x0, 0x0, 0x0, 0x0, 0x32, 0xa9, 0x7a, 0x2f,
    0xe, 0xb, 0x2a, 0x72, 0xad, 0x3f, 0x0, 0x0,
    0x0, 0x0, 0x0, 0x0, 0x58, 0x97, 0xb, 0x0,
    0x0, 0x0, 0x0, 0x0, 0x0, 0x6, 0x86, 0x6b,
    0x0, 0x0, 0x0, 0x0, 0x40, 0x8f, 0x7, 0x5c,
    0x93, 0xc, 0x0, 0x0, 0x0, 0x6f, 0x72, 0x14,
    0x78, 0x55, 0x0, 0x0, 0x6, 0xae, 0x4, 0x8a,
    0x58, 0x18, 0x0, 0x0, 0x0, 0x0, 0xb, 0x3d,
    0xa1, 0x4, 0xa7, 0xf, 0x0, 0x61, 0x4d, 0x0,
    0x0, 0x0, 0x0, 0x1a, 0x0, 0x0, 0x18, 0x1,
    0x0, 0x0, 0x0, 0x35, 0x78, 0x0, 0xa1, 0x5,
    0x0, 0x8c, 0x4a, 0x3e, 0x98, 0x0, 0x0, 0x4d,
    0x85, 0x25, 0xa5, 0x2, 0x0, 0xa6, 0x0, 0xa0,
    0x0, 0x0, 0x3, 0xa9, 0xff, 0xd, 0x0, 0x0,
    0x0, 0xcb, 0xff, 0x10, 0x0, 0x0, 0x9f, 0x0,
    0xa0, 0x0, 0x0, 0x1a, 0xb0, 0x47, 0xb0, 0x12,
    0x0, 0x84, 0x6d, 0x92, 0x40, 0x0, 0x0, 0x96,
    0x9, 0xa0, 0x0, 0x0, 0x40, 0x18, 0x0, 0xc,
    0x0, 0x0, 0xc, 0x0, 0x4, 0x52, 0x0, 0x0,
    0x9f, 0x0, 0xa2, 0x4, 0x0, 0x0, 0x0, 0x0,
    0x16, 0x8e, 0xa1, 0x39, 0x0, 0x0, 0x0, 0x0,
    0x0, 0xa6, 0x0, 0x64, 0x4a, 0x0, 0x0, 0x0,
    0xa, 0xde, 0xff, 0xff, 0xfa, 0x3f, 0x0, 0x0,
    0x0, 0x31, 0x7b, 0x0, 0x7, 0xae, 0x3, 0x0,
    0x0, 0x22, 0xff, 0xff, 0xff, 0xff, 0x75, 0x0,
    0x0, 0x0, 0xa5, 0x11, 0x0, 0x0, 0x44, 0x8a,
    0x0, 0x0, 0x0, 0x67, 0xc8, 0xd1, 0x96, 0xc,
    0x0, 0x0, 0x72, 0x5b, 0x0, 0x0, 0x0, 0x0,
    0x5f, 0x91, 0x8, 0x0, 0x0, 0x0, 0x0, 0x0,
    0x0, 0x4, 0x7f, 0x72, 0x0, 0x0, 0x0, 0x0,
    0x0, 0x0, 0x38, 0xac, 0x72, 0x26, 0x6, 0x4,
    0x21, 0x69, 0xae, 0x46, 0x0, 0x0, 0x0, 0x0,
    0x0, 0x0, 0x0, 0x0, 0x0, 0x35, 0x7c, 0x99,
    0x9b, 0x81, 0x3e, 0x2, 0x0, 0x0, 0x0, 0x0,
    0x0,

    /* U+1F636 "😶" */
    0x0, 0x0, 0x0, 0x0, 0x0, 0x2d, 0x74, 0x92,
    0x94, 0x78, 0x34, 0x0, 0x0, 0x0, 0x0, 0x0,
    0x0, 0x0, 0x0, 0x0, 0x32, 0xab, 0x7a, 0x2f,
    0xe, 0xb, 0x2a, 0x72, 0xac, 0x3d, 0x0, 0x0,
    0x0, 0x0, 0x0, 0x0, 0x58, 0x97, 0xb, 0x0,
    0x0, 0x0, 0x0, 0x0, 0x0, 0x6, 0x86, 0x68,
    0x0, 0x0, 0x0, 0x0, 0x40, 0x8f, 0x0, 0x0,
    0x0, 0x0, 0x0, 0x0, 0x0, 0x0, 0x0, 0x0,
    0x78, 0x52, 0x0, 0x0, 0x6, 0xae, 0x4, 0x0,
    0x0, 0x0, 0x0, 0x0, 0x0, 0x0, 0x0, 0x0,
    0x0, 0x0, 0xa6, 0xf, 0x0, 0x61, 0x4d, 0x0,
    0x0, 0x0, 0x0, 0x0, 0x0, 0x0, 0x0, 0x0,
    0x0, 0x0, 0x0, 0x35, 0x78, 0x0, 0xa1, 0x5,
    0x0, 0x0, 0x5e, 0xbe, 0xb, 0x0, 0x0, 0x0,
    0xa7, 0x80, 0x0, 0x0, 0x0, 0xa6, 0x0, 0xa0,
    0x0, 0x0, 0x0, 0xa9, 0xff, 0x2c, 0x0, 0x0,
    0x6, 0xfb, 0xd4, 0x0, 0x0, 0x0, 0x9f, 0x0,
    0xa0, 0x0, 0x0, 0x0, 0x23, 0x5e, 0x0, 0x0,
    0x0, 0x0, 0x4c, 0x36, 0x0, 0x0, 0x0, 0x96,
    0x9, 0xa0, 0x0, 0x0, 0x0, 0x0, 0x0, 0x0,
    0x0, 0x0, 0x0, 0x0, 0x0, 0x0, 0x0, 0x0,
    0x9f, 0x0, 0xa2, 0x4, 0x0, 0x0, 0x0, 0x0,
    0x0, 0x0, 0x0, 0x0, 0x0, 0x0, 0x0, 0x0,
    0x0, 0xa6, 0x0, 0x64, 0x4a, 0x0, 0x0, 0x0,
    0x0, 0x0, 0x0, 0x0, 0x0, 0x0, 0x0, 0x0,
    0x0, 0x31, 0x7b, 0x0, 0x7, 0xae, 0x3, 0x0,
    0x0, 0x0, 0x0, 0x0, 0x0, 0x0, 0x0, 0x0,
    0x0, 0x0, 0xa4, 0x11, 0x0, 0x0, 0x44, 0x8a,
    0x0, 0x0, 0x0, 0x0, 0x0, 0x0, 0x0, 0x0,
    0x0, 0x0, 0x72, 0x57, 0x0, 0x0, 0x0, 0x0,
    0x5f, 0x91, 0x8, 0x0, 0x0, 0x0, 0x0, 0x0,
    0x0, 0x4, 0x7f, 0x6f, 0x0, 0x0, 0x0, 0x0,
    0x0, 0x0, 0x38, 0xad, 0x72, 0x26, 0x6, 0x4,
    0x21, 0x69, 0xad, 0x44, 0x0, 0x0, 0x0, 0x0,
    0x0, 0x0, 0x0, 0x0, 0x1, 0x36, 0x7c, 0x9a,
    0x9b, 0x81, 0x3d, 0x2, 0x0, 0x0, 0x0, 0x0,
    0x0,

    /* U+1F637 "😷" */
    0x0, 0x0, 0x0, 0x0, 0x0, 0x2d, 0x74, 0x92,
    0x94, 0x78, 0x34, 0x0, 0x0, 0x0, 0x0, 0x0,
    0x0, 0x0, 0x0, 0x0, 0x32, 0xab, 0x7a, 0x2f,
    0xe, 0xb, 0x2a, 0x72, 0xac, 0x3d, 0x0, 0x0,
    0x0, 0x0, 0x0, 0x0, 0x58, 0x97, 0xb, 0x0,
    0x0, 0x0, 0x0, 0x0, 0x0, 0x6, 0x86, 0x68,
    0x0, 0x0, 0x0, 0x0, 0x40, 0x8f, 0x0, 0x0,
    0x0, 0x0, 0x0, 0x0, 0x0, 0x0, 0x0, 0x0,
    0x78, 0x52, 0x0, 0x0, 0x6, 0xae, 0x4, 0x0,
    0x0, 0x0, 0x0, 0x0, 0x0, 0x0, 0x0, 0x0,
    0x0, 0x0, 0xa6, 0xf, 0x0, 0x61, 0x4d, 0x0,
    0x0, 0xa, 0x4c, 0x1, 0x0, 0x0, 0x0, 0x35,
    0x23, 0x0, 0x0, 0x35, 0x78, 0x0, 0xa1, 0x5,
    0x0, 0x0, 0x7c, 0xff, 0x4f, 0x0, 0x0, 0x5,
    0xf6, 0xcf, 0x0, 0x0, 0x0, 0xa6, 0x0, 0xa0,
    0x0, 0x0, 0x0, 0x4d, 0xe4, 0x29, 0x0, 0x0,
    0x0, 0xc3, 0x98, 0x0, 0x0, 0x0, 0x9f, 0x0,
    0xc4, 0x1, 0x0, 0x0, 0x1b, 0x58, 0x8b, 0xa0,
    0xa0, 0x8f, 0x5e, 0x21, 0x0, 0x0, 0x0, 0xbb,
    0x9, 0xef, 0xac, 0x70, 0xc3, 0x8d, 0x4a, 0x17,
    0x1, 0x0, 0x14, 0x40, 0x84, 0xca, 0x68, 0xa6,
    0xff, 0x0, 0xa2, 0x9, 0x32, 0xc7, 0x0, 0x0,
    0x0, 0x0, 0x0, 0x0, 0x0, 0x0, 0xaf, 0x42,
    0x7, 0xa6, 0x0, 0x64, 0x4a, 0x0, 0xa3, 0x0,
    0x0, 0x0, 0x0, 0x0, 0x0, 0x0, 0x0, 0x8e,
    0xe, 0x31, 0x7b, 0x0, 0x7, 0xae, 0x3, 0xb3,
    0x0, 0x0, 0x0, 0x0, 0x0, 0x0, 0x0, 0x0,
    0xac, 0x2, 0xa4, 0x11, 0x0, 0x0, 0x44, 0xff,
    0xd9, 0x8a, 0x15, 0x0, 0x0, 0x0, 0x0, 0xd,
    0x7b, 0xd0, 0xfe, 0x57, 0x0, 0x0, 0x0, 0x0,
    0x64, 0x91, 0x37, 0x98, 0xa3, 0x8c, 0x89, 0xa1,
    0x9c, 0x3d, 0x7f, 0x75, 0x0, 0x0, 0x0, 0x0,
    0x0, 0x0, 0x38, 0xad, 0x72, 0x28, 0x1a, 0x1a,
    0x23, 0x69, 0xad, 0x44, 0x0, 0x0, 0x0, 0x0,
    0x0, 0x0, 0x0, 0x0, 0x1, 0x36, 0x7c, 0x9a,
    0x9b, 0x81, 0x3d, 0x2, 0x0, 0x0, 0x0, 0x0,
    0x0,

    /* U+1F638 "😸" */
    0x0, 0xf, 0xac, 0xa9, 0x47, 0x0, 0x0, 0x0,
    0x0, 0x0, 0x0, 0x0, 0x3, 0x7b, 0xa5, 0x86,
    0x0, 0x0, 0x0, 0x67, 0x3e, 0xe, 0x82, 0x66,
    0x0, 0x0, 0x0, 0x0, 0x0, 0x3, 0xa1, 0x45,
    0xb, 0x8c, 0x17, 0x0, 0x0, 0x93, 0xb, 0xe0,
    0x33, 0x85, 0x94, 0xc2, 0xc9, 0xc4, 0xbe, 0xae,
    0x3e, 0x50, 0xaa, 0x5c, 0x41, 0x0, 0x0, 0x98,
    0x5, 0xf2, 0xe4, 0xc, 0x46, 0xff, 0x99, 0x85,
    0xff, 0x51, 0x13, 0xf2, 0xad, 0x56, 0x47, 0x0,
    0x0, 0x80, 0x1f, 0xc3, 0x45, 0x0, 0x0, 0xb6,
    0x76, 0x62, 0xc7, 0x0, 0x0, 0x64, 0x8b, 0x6e,
    0x2f, 0x0, 0x0, 0x4b, 0x54, 0x10, 0x0, 0x0,
    0x0, 0xa, 0x6, 0x3, 0xc, 0x0, 0x0, 0x0,
    0xf, 0x96, 0x6, 0x0, 0x1, 0xe, 0x97, 0x0,
    0x0, 0x0, 0x0, 0x0, 0x0, 0x0, 0x0, 0x0,
    0x0, 0x0, 0x0, 0xa2, 0x0, 0x1, 0x70, 0xc5,
    0x96, 0x0, 0x2f, 0xb0, 0xaf, 0x30, 0x0, 0x0,
    0x28, 0xaf, 0xae, 0x1e, 0x0, 0xe3, 0xa4, 0x3c,
    0x29, 0x75, 0xdb, 0x14, 0x32, 0x7, 0x6, 0x31,
    0x14, 0x1e, 0x2c, 0x9, 0xe, 0x26, 0x40, 0xff,
    0x20, 0x1e, 0x67, 0xd7, 0xff, 0x1e, 0x0, 0x0,
    0x0, 0x0, 0xcb, 0xff, 0x0, 0x0, 0x0, 0x0,
    0x47, 0xff, 0x8b, 0x40, 0x0, 0x2d, 0xff, 0x2e,
    0x0, 0x5b, 0xa1, 0x5a, 0xca, 0xff, 0x59, 0x9b,
    0x4f, 0x0, 0x55, 0xfc, 0xa, 0x0, 0x58, 0x90,
    0xdc, 0x16, 0x0, 0xb0, 0x86, 0xb4, 0x58, 0x64,
    0xb4, 0x83, 0x9a, 0x0, 0x61, 0xae, 0x9f, 0x26,
    0x0, 0x0, 0x1f, 0xad, 0x9, 0x36, 0xe9, 0xd2,
    0x7d, 0x8d, 0xd1, 0xde, 0x2b, 0x2c, 0xa8, 0x1,
    0x0, 0x0, 0x0, 0x0, 0x0, 0x2d, 0xb1, 0x48,
    0x7, 0x3f, 0x63, 0x62, 0x3a, 0x11, 0x71, 0x9f,
    0xb, 0x0, 0x0, 0x0, 0x0, 0x0, 0x0, 0x0,
    0x8, 0x66, 0xa5, 0xa5, 0x9c, 0xa1, 0xa4, 0x9f,
    0x42, 0x0, 0x0, 0x0, 0x0, 0x0, 0x0, 0x0,
    0x0, 0x0, 0x0, 0x0, 0x0, 0x0, 0x5, 0x2,
    0x0, 0x0, 0x0, 0x0, 0x0, 0x0, 0x0, 0x0,

    /* U+1F639 "😹" */
    0x0, 0x0, 0x87, 0xa5, 0x81, 0x5, 0x0, 0x0,
    0x0, 0x0, 0x0, 0x0, 0x0, 0x26, 0xa5, 0xae,
    0x39, 0x0, 0x0, 0x0, 0x1a, 0x8b, 0xc, 0x3f,
    0xaa, 0x8, 0x0, 0x0, 0x0, 0x0, 0x0, 0x3b,
    0xa8, 0x19, 0x8, 0x9f, 0x0, 0x0, 0x0, 0x46,
    0x58, 0xa4, 0x61, 0x34, 0xb2, 0xb4, 0xda, 0xc1,
    0xc8, 0x92, 0xab, 0x20, 0xd9, 0x2b, 0x9e, 0x0,
    0x0, 0x0, 0x4c, 0x51, 0xa6, 0xfa, 0x27, 0x2d,
    0xff, 0xe4, 0x75, 0xff, 0x7a, 0xe, 0xc7, 0xff,
    0x2b, 0x9d, 0x0, 0x0, 0x0, 0x34, 0x6b, 0x83,
    0x77, 0x0, 0x0, 0x8d, 0xbe, 0x4e, 0xe5, 0xb,
    0x0, 0x2b, 0xdd, 0xb, 0xa0, 0x0, 0x0, 0x0,
    0x8, 0x97, 0xf, 0x0, 0x0, 0x0, 0x2, 0xf,
    0x1, 0x10, 0x0, 0x0, 0x0, 0x11, 0x10, 0x94,
    0x0, 0x0, 0x1, 0x0, 0xa5, 0x0, 0x0, 0x0,
    0x0, 0x0, 0x0, 0x0, 0x0, 0x0, 0x0, 0x0,
    0x0, 0x52, 0x5d, 0x1, 0x0, 0x3c, 0xa5, 0xe8,
    0x0, 0x14, 0xa8, 0xaf, 0x3a, 0x0, 0x0, 0x7,
    0x9b, 0xb0, 0x50, 0x0, 0x3a, 0xf7, 0xa3, 0x2,
    0x1f, 0x22, 0xff, 0x45, 0x2b, 0x1c, 0x2, 0x33,
    0x12, 0x26, 0x10, 0x24, 0x0, 0x49, 0x1, 0x91,
    0xd3, 0x25, 0xa, 0x42, 0x97, 0xff, 0x9d, 0xd7,
    0x6, 0x0, 0x0, 0xb7, 0xff, 0x8, 0x0, 0x0,
    0x9d, 0xb2, 0xa0, 0xff, 0x7a, 0x15, 0x0, 0xa5,
    0x2e, 0x8, 0x98, 0x3d, 0xa3, 0x5c, 0xa3, 0xff,
    0x58, 0x91, 0x71, 0x48, 0x72, 0x3, 0x87, 0x4b,
    0x0, 0x0, 0xab, 0x0, 0x54, 0x57, 0x93, 0x8a,
    0x9c, 0x34, 0x65, 0xac, 0x7f, 0xae, 0x7, 0xb8,
    0x0, 0x18, 0x8c, 0x0, 0x0, 0x82, 0xaa, 0xfc,
    0x39, 0x13, 0xc2, 0xdf, 0x74, 0xac, 0xd8, 0xcd,
    0x3a, 0x3, 0xe3, 0xb7, 0xb6, 0x32, 0x0, 0x0,
    0x0, 0x0, 0x5, 0x92, 0x78, 0xe, 0x15, 0x40,
    0x45, 0x26, 0x1, 0x3a, 0xab, 0x41, 0x0, 0x0,
    0x0, 0x0, 0x0, 0x0, 0x0, 0x0, 0x0, 0x39,
    0x95, 0xa1, 0x9e, 0x9a, 0xa0, 0xa6, 0x73, 0xc,
    0x0, 0x0, 0x0, 0x0, 0x0, 0x0, 0x0, 0x0,
    0x0, 0x0, 0x0, 0x0, 0x0, 0x0, 0x5, 0x0,
    0x0, 0x0, 0x0, 0x0, 0x0, 0x0, 0x0, 0x0,

    /* U+1F63A "😺" */
    0x0, 0x10, 0xad, 0xa9, 0x47, 0x0, 0x0, 0x0,
    0x0, 0x0, 0x0, 0x0, 0x3, 0x7b, 0xa5, 0x87,
    0x0, 0x0, 0x0, 0x69, 0x3d, 0xd, 0x82, 0x66,
    0x0, 0x0, 0x0, 0x0, 0x0, 0x3, 0xa1, 0x45,
    0xb, 0x8c, 0x18, 0x0, 0x0, 0x93, 0xa, 0xdf,
    0x2e, 0x85, 0x96, 0xc6, 0xc9, 0xcf, 0xb9, 0xad,
    0x3e, 0x5f, 0xa6, 0x5b, 0x42, 0x0, 0x0, 0x97,
    0x6, 0xf2, 0xda, 0x6, 0x61, 0xff, 0x98, 0xb5,
    0xff, 0x39, 0x1f, 0xf9, 0xa9, 0x56, 0x46, 0x0,
    0x0, 0x7e, 0x21, 0xbd, 0x36, 0x0, 0x0, 0xc2,
    0x6f, 0x8d, 0x9f, 0x0, 0x0, 0x6a, 0x86, 0x72,
    0x2e, 0x0, 0x0, 0x46, 0x5a, 0xd, 0x0, 0x0,
    0x0, 0x5, 0x1, 0x4, 0x2, 0x0, 0x0, 0x0,
    0xc, 0x9c, 0x4, 0x0, 0x0, 0xd, 0x98, 0x0,
    0x0, 0x29, 0x28, 0x0, 0x0, 0x0, 0x0, 0x38,
    0x16, 0x0, 0x0, 0xa5, 0x0, 0x0, 0x23, 0x5c,
    0x72, 0x0, 0x0, 0xbd, 0xbb, 0x0, 0x0, 0x0,
    0x0, 0xe5, 0x85, 0x0, 0x0, 0xaf, 0x28, 0x1e,
    0x45, 0xc7, 0xf0, 0x29, 0x0, 0x5c, 0x5a, 0x0,
    0x21, 0x19, 0x0, 0x76, 0x38, 0x0, 0x54, 0xff,
    0x77, 0x39, 0x31, 0xbd, 0xfd, 0x39, 0x0, 0x0,
    0x0, 0x0, 0xda, 0xb0, 0x0, 0x0, 0x0, 0x0,
    0x61, 0xff, 0x76, 0x25, 0x38, 0x34, 0x9e, 0x16,
    0x0, 0x6, 0xaa, 0xa0, 0xb0, 0xb3, 0x9f, 0x94,
    0x0, 0x5, 0x17, 0xaa, 0x2c, 0x30, 0x0, 0x32,
    0xff, 0xad, 0x0, 0x0, 0x10, 0xdb, 0x2a, 0x3f,
    0xc0, 0x8, 0x0, 0x16, 0xff, 0xf3, 0x14, 0x0,
    0x0, 0x80, 0x2a, 0xb0, 0xb, 0x0, 0x0, 0x16,
    0x88, 0x7a, 0x8, 0x0, 0x0, 0x31, 0xa6, 0x23,
    0x6c, 0x0, 0x0, 0x0, 0x0, 0x2a, 0xb3, 0x4c,
    0x3, 0x0, 0x0, 0x0, 0x0, 0x10, 0x76, 0x9d,
    0xa, 0x0, 0x0, 0x0, 0x0, 0x0, 0x0, 0x0,
    0x6, 0x62, 0xa4, 0xa5, 0x9c, 0xa1, 0xa3, 0x9d,
    0x3e, 0x0, 0x0, 0x0, 0x0, 0x0, 0x0, 0x0,
    0x0, 0x0, 0x0, 0x0, 0x0, 0x0, 0x5, 0x2,
    0x0, 0x0, 0x0, 0x0, 0x0, 0x0, 0x0, 0x0,

    /* U+1F63B "😻" */
    0x0, 0xf, 0xac, 0xa9, 0x47, 0x0, 0x0, 0x0,
    0x0, 0x0, 0x0, 0x0, 0x3, 0x7b, 0xa5, 0x86,
    0x0, 0x0, 0x0, 0x68, 0x3d, 0xd, 0x82, 0x66,
    0x0, 0x0, 0x0, 0x0, 0x0, 0x3, 0xa1, 0x45,
    0xb, 0x8b, 0x18, 0x0, 0x0, 0x93, 0xa, 0xdf,
    0x2c, 0x85, 0xb0, 0xff, 0xf8, 0xff, 0xff, 0xc1,
    0x3e, 0x43, 0xb9, 0x5b, 0x41, 0x0, 0x0, 0x97,
    0x6, 0xf2, 0xd9, 0x6, 0x3c, 0xfa, 0x8e, 0xa3,
    0xf7, 0x2b, 0xb, 0xea, 0xc1, 0x55, 0x46, 0x0,
    0x0, 0x7e, 0x21, 0xc0, 0x39, 0x0, 0x0, 0x70,
    0x40, 0x51, 0x61, 0x0, 0x0, 0x52, 0x9b, 0x6d,
    0x2e, 0x0, 0x0, 0x47, 0x58, 0x15, 0x68, 0x6f,
    0xe1, 0x70, 0x0, 0x0, 0x84, 0xde, 0x69, 0x62,
    0x10, 0x93, 0x5, 0x0, 0x0, 0xd, 0x97, 0x62,
    0xff, 0xff, 0xff, 0xc9, 0x0, 0x0, 0xde, 0xff,
    0xff, 0xff, 0x49, 0x9b, 0x0, 0x0, 0x0, 0x35,
    0x6c, 0x39, 0xfe, 0xff, 0xff, 0x8c, 0x0, 0x0,
    0xa2, 0xff, 0xff, 0xf9, 0x24, 0x9e, 0x0, 0x0,
    0x68, 0xec, 0xf5, 0x24, 0x55, 0xdb, 0xd4, 0xe,
    0x21, 0x1c, 0x18, 0xe1, 0xd2, 0x44, 0x38, 0xff,
    0x9f, 0x57, 0x28, 0xb2, 0xf2, 0x36, 0x0, 0x0,
    0xd, 0x0, 0xcd, 0xb0, 0x0, 0xd, 0x0, 0x0,
    0x46, 0xff, 0x6d, 0x1f, 0x40, 0x3f, 0xa9, 0xb,
    0x0, 0x6, 0xc0, 0xe9, 0xa3, 0xab, 0xe8, 0xb6,
    0x2, 0x0, 0x13, 0xb6, 0x35, 0x37, 0x0, 0x15,
    0xff, 0xcb, 0x0, 0x0, 0x1, 0xbc, 0x2c, 0x33,
    0xab, 0x0, 0x0, 0x0, 0xff, 0xd6, 0x7, 0x0,
    0x0, 0xa3, 0x52, 0xae, 0xa, 0x0, 0x0, 0x11,
    0x85, 0x7c, 0xa, 0x0, 0x0, 0x2f, 0xa5, 0x4d,
    0x82, 0x0, 0x0, 0x0, 0x0, 0x2a, 0xb2, 0x48,
    0x3, 0x0, 0x0, 0x0, 0x0, 0xe, 0x72, 0x9d,
    0xa, 0x0, 0x0, 0x0, 0x0, 0x0, 0x0, 0x0,
    0x7, 0x65, 0xa5, 0xa5, 0x9c, 0xa1, 0xa4, 0x9f,
    0x41, 0x0, 0x0, 0x0, 0x0, 0x0, 0x0, 0x0,
    0x0, 0x0, 0x0, 0x0, 0x0, 0x0, 0x5, 0x2,
    0x0, 0x0, 0x0, 0x0, 0x0, 0x0, 0x0, 0x0,

    /* U+1F63C "😼" */
    0x0, 0xf, 0xac, 0xa9, 0x47, 0x0, 0x0, 0x0,
    0x0, 0x0, 0x0, 0x0, 0x3, 0x7b, 0xa5, 0x86,
    0x0, 0x0, 0x0, 0x68, 0x3d, 0xd, 0x82, 0x66,
    0x0, 0x0, 0x0, 0x0, 0x0, 0x3, 0xa1, 0x45,
    0xb, 0x8b, 0x18, 0x0, 0x0, 0x93, 0xa, 0xdf,
    0x2e, 0x85, 0x96, 0xc6, 0xc9, 0xcf, 0xb9, 0xad,
    0x3e, 0x5f, 0xa6, 0x5b, 0x41, 0x0, 0x0, 0x97,
    0x6, 0xf2, 0xda, 0x6, 0x61, 0xff, 0x98, 0xb5,
    0xff, 0x39, 0x1f, 0xf9, 0xa9, 0x56, 0x46, 0x0,
    0x0, 0x7e, 0x21, 0xbd, 0x36, 0x0, 0x0, 0xc4,
    0x70, 0x8f, 0xa1, 0x0, 0x0, 0x6a, 0x86, 0x71,
    0x2e, 0x0, 0x0, 0x47, 0x58, 0xd, 0x0, 0x0,
    0x0, 0x7, 0x2, 0x5, 0x4, 0x0, 0x0, 0x0,
    0xc, 0x9b, 0x5, 0x0, 0x0, 0xd, 0x97, 0x0,
    0x0, 0x3d, 0x2, 0x0, 0x0, 0x0, 0x0, 0xd,
    0x31, 0x0, 0x0, 0xa5, 0x0, 0x0, 0x20, 0x57,
    0x71, 0x0, 0x0, 0xcf, 0x9d, 0x0, 0x0, 0x0,
    0x0, 0xc7, 0x97, 0x0, 0x0, 0xac, 0x24, 0x1b,
    0x48, 0xcb, 0xf2, 0x29, 0x0, 0x48, 0x40, 0x0,
    0x1d, 0x16, 0x0, 0x58, 0x2b, 0x0, 0x54, 0xff,
    0x7b, 0x3b, 0x2b, 0xb7, 0xf9, 0x38, 0x0, 0x0,
    0x0, 0x0, 0xcb, 0xa3, 0x0, 0x1, 0x0, 0x0,
    0x5e, 0xff, 0x6f, 0x21, 0x40, 0x40, 0xaa, 0xc,
    0x0, 0x0, 0x0, 0x0, 0x40, 0x48, 0x0, 0x8d,
    0x5, 0x0, 0x16, 0xb7, 0x38, 0x36, 0x0, 0x32,
    0xff, 0xa7, 0x0, 0x0, 0x8, 0x7d, 0x99, 0xb5,
    0x88, 0x3e, 0x0, 0x18, 0xfc, 0xe2, 0x17, 0x0,
    0x0, 0x6a, 0x23, 0xae, 0xa, 0x0, 0x0, 0x0,
    0x43, 0x61, 0x11, 0x0, 0x0, 0x2f, 0xa5, 0x17,
    0x5c, 0x0, 0x0, 0x0, 0x0, 0x2a, 0xb2, 0x48,
    0x3, 0x0, 0x0, 0x0, 0x0, 0xe, 0x72, 0x9d,
    0xa, 0x0, 0x0, 0x0, 0x0, 0x0, 0x0, 0x0,
    0x7, 0x65, 0xa5, 0xa5, 0x9c, 0xa1, 0xa4, 0x9f,
    0x41, 0x0, 0x0, 0x0, 0x0, 0x0, 0x0, 0x0,
    0x0, 0x0, 0x0, 0x0, 0x0, 0x0, 0x5, 0x2,
    0x0, 0x0, 0x0, 0x0, 0x0, 0x0, 0x0, 0x0,

    /* U+1F63D "😽" */
    0x0, 0xf, 0xac, 0xa9, 0x47, 0x0, 0x0, 0x0,
    0x0, 0x0, 0x0, 0x0, 0x3, 0x7b, 0xa5, 0x86,
    0x0, 0x0, 0x0, 0x67, 0x3e, 0xd, 0x82, 0x66,
    0x0, 0x0, 0x0, 0x0, 0x0, 0x3, 0xa1, 0x45,
    0xb, 0x8c, 0x17, 0x0, 0x0, 0x93, 0xb, 0xde,
    0x2c, 0x85, 0x96, 0xc6, 0xc9, 0xc8, 0xbe, 0xaf,
    0x3e, 0x50, 0xaa, 0x5c, 0x41, 0x0, 0x0, 0x98,
    0x5, 0xf2, 0xd9, 0x6, 0x62, 0xff, 0x99, 0x95,
    0xff, 0x5b, 0x11, 0xf2, 0xad, 0x56, 0x47, 0x0,
    0x0, 0x80, 0x1f, 0xc2, 0x3c, 0x0, 0x1, 0xca,
    0x73, 0x71, 0xcb, 0x1, 0x0, 0x63, 0x8c, 0x6e,
    0x2f, 0x0, 0x0, 0x4b, 0x54, 0xf, 0x0, 0x0,
    0x0, 0xc, 0x5, 0x4, 0xc, 0x0, 0x0, 0x0,
    0xf, 0x96, 0x6, 0x0, 0x1, 0xe, 0x97, 0x0,
    0x0, 0x0, 0x0, 0x0, 0x0, 0x0, 0x0, 0x0,
    0x0, 0x0, 0x0, 0xa2, 0x0, 0x1, 0x70, 0xc5,
    0x96, 0x0, 0x39, 0xb0, 0xac, 0x1a, 0x0, 0x0,
    0x1a, 0xad, 0xac, 0x1f, 0x0, 0xe3, 0xa4, 0x3c,
    0x29, 0x75, 0xdb, 0x14, 0x34, 0x3, 0x12, 0x24,
    0x1c, 0x1d, 0x23, 0x11, 0xb, 0x26, 0x40, 0xff,
    0x20, 0x1e, 0x67, 0xd7, 0xff, 0x1e, 0x0, 0x0,
    0x0, 0x0, 0xb1, 0xff, 0x4, 0x0, 0x0, 0x0,
    0x47, 0xff, 0x8b, 0x40, 0x0, 0x2d, 0xff, 0x2d,
    0x0, 0x0, 0x0, 0x0, 0x0, 0x3f, 0x84, 0x0,
    0x0, 0x0, 0x54, 0xfc, 0xa, 0x0, 0x58, 0x90,
    0xdb, 0x16, 0x0, 0x0, 0x0, 0x0, 0x0, 0x58,
    0x71, 0x0, 0x0, 0x0, 0x61, 0xad, 0x9f, 0x26,
    0x0, 0x0, 0x1f, 0xad, 0x9, 0x0, 0x0, 0x0,
    0x0, 0x71, 0x3a, 0x0, 0x0, 0x2c, 0xa8, 0x1,
    0x0, 0x0, 0x0, 0x0, 0x0, 0x2d, 0xb1, 0x48,
    0x3, 0x0, 0x0, 0x0, 0x0, 0xe, 0x71, 0x9f,
    0xb, 0x0, 0x0, 0x0, 0x0, 0x0, 0x0, 0x0,
    0x8, 0x66, 0xa5, 0xa5, 0x9c, 0xa1, 0xa4, 0x9f,
    0x42, 0x0, 0x0, 0x0, 0x0, 0x0, 0x0, 0x0,
    0x0, 0x0, 0x0, 0x0, 0x0, 0x0, 0x5, 0x2,
    0x0, 0x0, 0x0, 0x0, 0x0, 0x0, 0x0, 0x0,

    /* U+1F63E "😾" */
    0x0, 0x0, 0xa, 0x18, 0x0, 0x0, 0x0, 0x0,
    0x0, 0x0, 0x0, 0x0, 0x0, 0x0, 0x19, 0xa,
    0x0, 0x0, 0x0, 0xe, 0xbc, 0xe0, 0x4b, 0x0,
    0x0, 0x0, 0x0, 0x0, 0x0, 0x0, 0x0, 0x50,
    0xe1, 0xb9, 0xc, 0x0, 0x0, 0x63, 0x50, 0x99,
    0x9a, 0x24, 0x0, 0x0, 0x0, 0x0, 0x0, 0x0,
    0x29, 0x93, 0x9a, 0x51, 0x65, 0x0, 0x0, 0x8d,
    0x12, 0xa0, 0xd, 0xa9, 0x88, 0xc4, 0xcf, 0xd1,
    0xc2, 0x87, 0xa1, 0x8, 0xa3, 0x13, 0x96, 0x0,
    0x0, 0x95, 0x9, 0x9b, 0x4, 0x4, 0x61, 0xff,
    0xb4, 0xb8, 0xff, 0x52, 0x1, 0x7, 0xa0, 0xa,
    0x93, 0x0, 0x0, 0x7a, 0x27, 0x8f, 0x3c, 0x0,
    0x0, 0xba, 0x8b, 0x8f, 0xaf, 0x0, 0x0, 0x47,
    0x8f, 0x27, 0x7a, 0x0, 0x0, 0x3f, 0xb8, 0x70,
    0x0, 0x0, 0x0, 0x5, 0x5, 0x5, 0x4, 0x0,
    0x0, 0x0, 0x77, 0xb8, 0x40, 0x0, 0x6, 0xd,
    0xce, 0x0, 0x0, 0x3d, 0x2, 0x0, 0x0, 0x0,
    0x0, 0x6, 0x3c, 0x0, 0x1, 0xd1, 0xf, 0x6,
    0x6a, 0xdc, 0xb9, 0x0, 0x0, 0xcf, 0x9d, 0x0,
    0x0, 0x0, 0x0, 0xb2, 0xc0, 0x0, 0x0, 0xb8,
    0xd8, 0x6d, 0x2d, 0x6c, 0xd2, 0x26, 0x0, 0x48,
    0x40, 0x0, 0x28, 0xd, 0x0, 0x4d, 0x3d, 0x0,
    0x23, 0xd4, 0x6b, 0x2d, 0x66, 0xd2, 0xff, 0x30,
    0x0, 0x0, 0x0, 0xd, 0xff, 0x6e, 0x0, 0x0,
    0x0, 0x0, 0x2d, 0xff, 0xd1, 0x67, 0x0, 0x1f,
    0xff, 0x3d, 0x0, 0x0, 0x0, 0x0, 0x94, 0xc,
    0x0, 0x0, 0x0, 0x0, 0x3d, 0xff, 0x1e, 0x0,
    0x59, 0x9b, 0xea, 0x2b, 0x0, 0x0, 0x20, 0x98,
    0xcc, 0xa3, 0x91, 0x19, 0x0, 0x0, 0x2b, 0xe7,
    0x9c, 0x5b, 0x0, 0x0, 0x18, 0xb6, 0x11, 0x0,
    0x35, 0x18, 0x0, 0x0, 0x1c, 0x2a, 0x0, 0x11,
    0xb6, 0x17, 0x0, 0x0, 0x0, 0x0, 0x0, 0x24,
    0xb2, 0x56, 0x6, 0x0, 0x0, 0x0, 0x0, 0x6,
    0x56, 0xb3, 0x24, 0x0, 0x0, 0x0, 0x0, 0x0,
    0x0, 0x0, 0x4, 0x59, 0xa3, 0xa4, 0x9e, 0x9e,
    0xa4, 0xa4, 0x5a, 0x4, 0x0, 0x0, 0x0, 0x0,
    0x0, 0x0, 0x0, 0x0, 0x0, 0x0, 0x0, 0x0,
    0x4, 0x3, 0x0, 0x0, 0x0, 0x0, 0x0, 0x0,
    0x0, 0x0,

    /* U+1F63F "😿" */
    0x0, 0x4c, 0xaa, 0x92, 0x2a, 0x0, 0x0, 0x0,
    0x0, 0x0, 0x0, 0x0, 0x0, 0x17, 0x82, 0xa4,
    0x75, 0x0, 0x0, 0xa2, 0x1, 0x12, 0x81, 0x96,
    0x13, 0x0, 0x0, 0x0, 0x0, 0x5, 0x7b, 0x95,
    0x24, 0x0, 0xa4, 0x0, 0x0, 0xa0, 0x9, 0xd9,
    0x5b, 0x25, 0xb2, 0xbd, 0xd0, 0xbf, 0xcb, 0xba,
    0x40, 0x2e, 0xbb, 0x53, 0xa0, 0x0, 0x0, 0x71,
    0x32, 0xbb, 0xf2, 0x35, 0x16, 0xfc, 0xcc, 0x79,
    0xff, 0x67, 0x8, 0xcd, 0xf7, 0x1b, 0x99, 0x0,
    0x0, 0x15, 0x91, 0x3c, 0x36, 0x0, 0x0, 0x92,
    0xa4, 0x50, 0xdf, 0xa, 0x0, 0xd, 0x66, 0x53,
    0x49, 0x0, 0x0, 0x0, 0x96, 0x15, 0x0, 0x0,
    0x0, 0x1, 0x8, 0x0, 0x9, 0x0, 0x0, 0x0,
    0x0, 0xa0, 0x1, 0x0, 0x0, 0x0, 0xa6, 0x4,
    0x0, 0x2c, 0x8e, 0x0, 0x0, 0x0, 0x0, 0x62,
    0x56, 0x0, 0x0, 0x97, 0xa, 0x0, 0x0, 0x6,
    0xb8, 0x11, 0x0, 0x99, 0xd9, 0x0, 0x0, 0x0,
    0x0, 0x7f, 0xec, 0x4, 0x0, 0x86, 0x3b, 0x0,
    0x46, 0xc1, 0xff, 0x1e, 0x0, 0x0, 0x7, 0x0,
    0x4b, 0x75, 0x1, 0x1, 0x6, 0x0, 0x0, 0xb9,
    0xfb, 0x6a, 0x1f, 0x14, 0xff, 0x56, 0x0, 0x23,
    0x0, 0x0, 0x63, 0xd9, 0x0, 0x0, 0x0, 0x0,
    0x1f, 0xf4, 0x65, 0x22, 0x13, 0xae, 0xd0, 0x47,
    0x1f, 0xff, 0x12, 0x0, 0x50, 0xbd, 0x1, 0x0,
    0x0, 0x0, 0x3d, 0xa2, 0xb8, 0x31, 0x10, 0x1c,
    0xd8, 0xaa, 0x9a, 0x4b, 0x89, 0x4f, 0x97, 0x65,
    0x92, 0x0, 0x0, 0x0, 0x42, 0xff, 0x9, 0x23,
    0x0, 0x17, 0x9c, 0xb4, 0xa6, 0x0, 0xa4, 0x12,
    0x0, 0x0, 0x9, 0x0, 0x0, 0x8, 0xa8, 0x77,
    0x4f, 0x0, 0x0, 0x0, 0x7, 0x34, 0x88, 0x0,
    0x96, 0xe, 0x0, 0x0, 0x0, 0x3, 0x48, 0xb0,
    0x2c, 0x2, 0x5, 0x0, 0x0, 0x0, 0x0, 0x0,
    0x81, 0xa2, 0xec, 0x9e, 0x9a, 0x9c, 0xa4, 0xa3,
    0x62, 0x7, 0x0, 0x0, 0x0, 0x0, 0x0, 0x0,
    0x0, 0x0, 0x0, 0x0, 0x0, 0x0, 0x1, 0x5,
    0x0, 0x0, 0x0, 0x0, 0x0, 0x0, 0x0, 0x0,

    /* U+1F640 "🙀" */
    0x0, 0x5, 0xa2, 0xb2, 0x32, 0x0, 0x0, 0x0,
    0x0, 0x0, 0x0, 0x0, 0x0, 0x53, 0xae, 0x77,
    0x0, 0x0, 0x0, 0x57, 0x5e, 0x16, 0xb3, 0x1b,
    0x0, 0x0, 0x0, 0x0, 0x0, 0x0, 0x2d, 0x99,
    0xb, 0xa1, 0xe, 0x0, 0x0, 0x87, 0x17, 0xca,
    0x2f, 0xb2, 0x87, 0xc7, 0xca, 0xc2, 0xc1, 0x87,
    0xa6, 0x35, 0xa4, 0x66, 0x36, 0x0, 0x0, 0x97,
    0x6, 0xe6, 0xce, 0xc, 0x6a, 0xff, 0x98, 0x7d,
    0xff, 0x57, 0x12, 0xe1, 0xad, 0x57, 0x46, 0x0,
    0x0, 0x7e, 0x21, 0xbb, 0x47, 0x0, 0x1, 0xc5,
    0x70, 0x58, 0xc0, 0x0, 0x0, 0x67, 0x8c, 0x71,
    0x2e, 0x0, 0x0, 0x47, 0x58, 0x11, 0x46, 0xab,
    0xa7, 0x30, 0x2, 0x1, 0x3f, 0xa7, 0xab, 0x36,
    0x10, 0x97, 0x5, 0x0, 0x5, 0xd, 0x98, 0x0,
    0xa3, 0x1, 0xb, 0x94, 0x0, 0x0, 0x9b, 0x3,
    0x5, 0x9e, 0x0, 0x9f, 0x0, 0x4, 0x6d, 0xd0,
    0x9d, 0x0, 0x84, 0x53, 0x6a, 0x64, 0x41, 0x42,
    0x7a, 0x5a, 0x60, 0x71, 0x0, 0xeb, 0xaa, 0x39,
    0x2c, 0x6f, 0xd1, 0x12, 0x7, 0x6d, 0x49, 0x0,
    0xc0, 0xd3, 0x1, 0x53, 0x66, 0x2, 0x35, 0xff,
    0x1e, 0x20, 0x67, 0xd5, 0xff, 0x2c, 0xaf, 0x88,
    0xa8, 0x6, 0x61, 0x90, 0x10, 0xb0, 0x87, 0xa1,
    0x40, 0xff, 0x8c, 0x41, 0x0, 0x2f, 0xff, 0x82,
    0x4c, 0x0, 0x50, 0x56, 0xa8, 0xbe, 0x6e, 0x38,
    0x0, 0x60, 0x75, 0xff, 0xb, 0x0, 0x58, 0x90,
    0xdb, 0x5f, 0x52, 0x0, 0x48, 0x63, 0xf6, 0xf2,
    0x75, 0x30, 0x0, 0x69, 0x65, 0xc1, 0x9d, 0x27,
    0x0, 0x0, 0x27, 0xd1, 0x6d, 0x0, 0x7c, 0x43,
    0xff, 0xfc, 0x4d, 0x67, 0x0, 0x89, 0xb9, 0xa,
    0x0, 0x0, 0x0, 0x0, 0x0, 0x77, 0x85, 0x0,
    0xa7, 0x0, 0x63, 0x59, 0x7, 0xa1, 0x0, 0xab,
    0x3d, 0x0, 0x0, 0x0, 0x0, 0x0, 0x0, 0x82,
    0x2d, 0xc, 0xff, 0x7c, 0x63, 0x65, 0x81, 0xff,
    0x3, 0x47, 0x55, 0x0, 0x0, 0x0, 0x0, 0x0,
    0x0, 0x2f, 0x0, 0xd, 0x20, 0x25, 0x3c, 0x3b,
    0x22, 0x26, 0x8, 0x1, 0x28, 0x0, 0x0, 0x0,

    /* U+1F641 "🙁" */
    0x0, 0x0, 0x0, 0x0, 0x0, 0x2d, 0x74, 0x92,
    0x94, 0x78, 0x34, 0x0, 0x0, 0x0, 0x0, 0x0,
    0x0, 0x0, 0x0, 0x0, 0x32, 0xab, 0x7a, 0x2f,
    0xe, 0xb, 0x2a, 0x72, 0xac, 0x3d, 0x0, 0x0,
    0x0, 0x0, 0x0, 0x0, 0x58, 0x97, 0xb, 0x0,
    0x0, 0x0, 0x0, 0x0, 0x0, 0x6, 0x86, 0x68,
    0x0, 0x0, 0x0, 0x0, 0x40, 0x8f, 0x0, 0x0,
    0x0, 0x0, 0x0, 0x0, 0x0, 0x0, 0x0, 0x0,
    0x78, 0x52, 0x0, 0x0, 0x6, 0xae, 0x4, 0x0,
    0x0, 0x0, 0x0, 0x0, 0x0, 0x0, 0x0, 0x0,
    0x0, 0x0, 0xa6, 0xf, 0x0, 0x61, 0x4d, 0x0,
    0x0, 0x1f, 0x53, 0x0, 0x0, 0x0, 0x0, 0x3b,
    0x37, 0x0, 0x0, 0x35, 0x78, 0x0, 0xa1, 0x5,
    0x0, 0x0, 0xa9, 0xff, 0x2b, 0x0, 0x0, 0x0,
    0xed, 0xe7, 0x0, 0x0, 0x0, 0xa6, 0x0, 0xa0,
    0x0, 0x0, 0x0, 0x6a, 0xcd, 0xf, 0x0, 0x0,
    0x0, 0xa6, 0xa0, 0x0, 0x0, 0x0, 0x9f, 0x0,
    0xa0, 0x0, 0x0, 0x0, 0x0, 0x0, 0x0, 0x0,
    0x0, 0x0, 0x0, 0x0, 0x0, 0x0, 0x0, 0x96,
    0x9, 0xa0, 0x0, 0x0, 0x0, 0x0, 0x0, 0x0,
    0x0, 0x0, 0x0, 0x0, 0x0, 0x0, 0x0, 0x0,
    0x9f, 0x0, 0xa2, 0x4, 0x0, 0x0, 0x0, 0x0,
    0x0, 0x0, 0x0, 0x0, 0x0, 0x0, 0x0, 0x0,
    0x0, 0xa6, 0x0, 0x64, 0x4a, 0x0, 0x0, 0x3,
    0x5f, 0xa5, 0xa1, 0x9f, 0xa4, 0x7e, 0xf, 0x0,
    0x0, 0x31, 0x7b, 0x0, 0x7, 0xae, 0x3, 0x0,
    0x30, 0x52, 0x2, 0x0, 0x0, 0x0, 0x2e, 0x51,
    0x0, 0x0, 0xa4, 0x11, 0x0, 0x0, 0x44, 0x8a,
    0x0, 0x0, 0x0, 0x0, 0x0, 0x0, 0x0, 0x0,
    0x0, 0x0, 0x72, 0x57, 0x0, 0x0, 0x0, 0x0,
    0x5f, 0x91, 0x8, 0x0, 0x0, 0x0, 0x0, 0x0,
    0x0, 0x4, 0x7f, 0x6f, 0x0, 0x0, 0x0, 0x0,
    0x0, 0x0, 0x38, 0xad, 0x72, 0x26, 0x6, 0x4,
    0x21, 0x69, 0xad, 0x44, 0x0, 0x0, 0x0, 0x0,
    0x0, 0x0, 0x0, 0x0, 0x1, 0x36, 0x7c, 0x9a,
    0x9b, 0x81, 0x3d, 0x2, 0x0, 0x0, 0x0, 0x0,
    0x0,

    /* U+1F642 "🙂" */
    0x0, 0x0, 0x0, 0x0, 0x0, 0x2d, 0x74, 0x92,
    0x94, 0x78, 0x34, 0x0, 0x0, 0x0, 0x0, 0x0,
    0x0, 0x0, 0x0, 0x0, 0x32, 0xab, 0x7a, 0x2f,
    0xe, 0xb, 0x2a, 0x72, 0xac, 0x3d, 0x0, 0x0,
    0x0, 0x0, 0x0, 0x0, 0x58, 0x97, 0xb, 0x0,
    0x0, 0x0, 0x0, 0x0, 0x0, 0x6, 0x86, 0x68,
    0x0, 0x0, 0x0, 0x0, 0x40, 0x8f, 0x0, 0x0,
    0x0, 0x0, 0x0, 0x0, 0x0, 0x0, 0x0, 0x0,
    0x78, 0x52, 0x0, 0x0, 0x6, 0xae, 0x4, 0x0,
    0x0, 0x0, 0x0, 0x0, 0x0, 0x0, 0x0, 0x0,
    0x0, 0x0, 0xa6, 0xf, 0x0, 0x61, 0x4d, 0x0,
    0x0, 0x1f, 0x53, 0x0, 0x0, 0x0, 0x0, 0x3b,
    0x37, 0x0, 0x0, 0x35, 0x78, 0x0, 0xa1, 0x5,
    0x0, 0x0, 0xa9, 0xff, 0x2b, 0x0, 0x0, 0x0,
    0xed, 0xe7, 0x0, 0x0, 0x0, 0xa6, 0x0, 0xa0,
    0x0, 0x0, 0x0, 0x6a, 0xcd, 0xf, 0x0, 0x0,
    0x0, 0xa6, 0xa0, 0x0, 0x0, 0x0, 0x9f, 0x0,
    0xa0, 0x0, 0x0, 0x0, 0x0, 0x0, 0x0, 0x0,
    0x0, 0x0, 0x0, 0x0, 0x0, 0x0, 0x0, 0x96,
    0x9, 0xa0, 0x0, 0x0, 0x0, 0x0, 0x0, 0x0,
    0x0, 0x0, 0x0, 0x0, 0x0, 0x0, 0x0, 0x0,
    0x9f, 0x0, 0xa2, 0x4, 0x0, 0x0, 0x0, 0x0,
    0x0, 0x0, 0x0, 0x0, 0x0, 0x0, 0x0, 0x0,
    0x0, 0xa6, 0x0, 0x64, 0x4a, 0x0, 0x0, 0x33,
    0xa4, 0x46, 0xd, 0x7, 0x32, 0x8e, 0x65, 0x0,
    0x0, 0x31, 0x7b, 0x0, 0x7, 0xae, 0x3, 0x0,
    0x0, 0xf, 0x61, 0x93, 0x98, 0x73, 0x22, 0x0,
    0x0, 0x0, 0xa4, 0x11, 0x0, 0x0, 0x44, 0x8a,
    0x0, 0x0, 0x0, 0x0, 0x0, 0x0, 0x0, 0x0,
    0x0, 0x0, 0x72, 0x57, 0x0, 0x0, 0x0, 0x0,
    0x5f, 0x91, 0x8, 0x0, 0x0, 0x0, 0x0, 0x0,
    0x0, 0x4, 0x7f, 0x6f, 0x0, 0x0, 0x0, 0x0,
    0x0, 0x0, 0x38, 0xad, 0x72, 0x26, 0x6, 0x4,
    0x21, 0x69, 0xad, 0x44, 0x0, 0x0, 0x0, 0x0,
    0x0, 0x0, 0x0, 0x0, 0x1, 0x36, 0x7c, 0x9a,
    0x9b, 0x81, 0x3d, 0x2, 0x0, 0x0, 0x0, 0x0,
    0x0,

    /* U+1F643 "🙃" */
    0x0, 0x0, 0x0, 0x0, 0x0, 0x2c, 0x73, 0x91,
    0x94, 0x78, 0x35, 0x1, 0x0, 0x0, 0x0, 0x0,
    0x0, 0x0, 0x0, 0x0, 0x32, 0xa9, 0x7a, 0x2f,
    0xe, 0xb, 0x2a, 0x72, 0xad, 0x3f, 0x0, 0x0,
    0x0, 0x0, 0x0, 0x0, 0x58, 0x97, 0xb, 0x0,
    0x0, 0x0, 0x0, 0x0, 0x0, 0x6, 0x86, 0x6b,
    0x0, 0x0, 0x0, 0x0, 0x40, 0x8f, 0x0, 0x0,
    0x0, 0x0, 0x0, 0x0, 0x0, 0x0, 0x0, 0x0,
    0x78, 0x55, 0x0, 0x0, 0x6, 0xae, 0x4, 0x0,
    0x0, 0xe, 0x5f, 0x91, 0x98, 0x72, 0x20, 0x0,
    0x0, 0x0, 0xa7, 0xf, 0x0, 0x61, 0x4d, 0x0,
    0x0, 0x32, 0xa4, 0x47, 0xf, 0x7, 0x33, 0x91,
    0x65, 0x0, 0x0, 0x35, 0x78, 0x0, 0xa1, 0x5,
    0x0, 0x0, 0x0, 0x0, 0x0, 0x0, 0x0, 0x0,
    0x0, 0x1, 0x0, 0x0, 0x0, 0xa6, 0x0, 0xa0,
    0x0, 0x0, 0x0, 0x0, 0x0, 0x0, 0x0, 0x0,
    0x0, 0x0, 0x0, 0x0, 0x0, 0x0, 0x9f, 0x0,
    0xa0, 0x0, 0x0, 0x0, 0x0, 0x0, 0x0, 0x0,
    0x0, 0x0, 0x0, 0x0, 0x0, 0x0, 0x0, 0x96,
    0x9, 0xa0, 0x0, 0x0, 0x0, 0x60, 0xbf, 0xc,
    0x0, 0x0, 0x0, 0x99, 0x93, 0x0, 0x0, 0x0,
    0x9f, 0x0, 0xa2, 0x4, 0x0, 0x0, 0xab, 0xff,
    0x2e, 0x0, 0x0, 0x0, 0xef, 0xea, 0x0, 0x0,
    0x0, 0xa6, 0x0, 0x64, 0x4a, 0x0, 0x0, 0x26,
    0x61, 0x0, 0x0, 0x0, 0x0, 0x45, 0x42, 0x0,
    0x0, 0x31, 0x7b, 0x0, 0x7, 0xae, 0x3, 0x0,
    0x0, 0x0, 0x0, 0x0, 0x0, 0x0, 0x0, 0x0,
    0x0, 0x0, 0xa5, 0x11, 0x0, 0x0, 0x44, 0x8a,
    0x0, 0x0, 0x0, 0x0, 0x0, 0x0, 0x0, 0x0,
    0x0, 0x0, 0x72, 0x5b, 0x0, 0x0, 0x0, 0x0,
    0x5f, 0x91, 0x8, 0x0, 0x0, 0x0, 0x0, 0x0,
    0x0, 0x4, 0x7f, 0x72, 0x0, 0x0, 0x0, 0x0,
    0x0, 0x0, 0x38, 0xac, 0x72, 0x26, 0x6, 0x4,
    0x21, 0x69, 0xae, 0x46, 0x0, 0x0, 0x0, 0x0,
    0x0, 0x0, 0x0, 0x0, 0x0, 0x35, 0x7c, 0x99,
    0x9b, 0x81, 0x3e, 0x2, 0x0, 0x0, 0x0, 0x0,
    0x0,

    /* U+1F644 "🙄" */
    0x0, 0x0, 0x0, 0x0, 0x0, 0x2d, 0x74, 0x92,
    0x94, 0x78, 0x34, 0x0, 0x0, 0x0, 0x0, 0x0,
    0x0, 0x0, 0x0, 0x0, 0x32, 0xab, 0x7a, 0x2f,
    0xe, 0xb, 0x2a, 0x72, 0xac, 0x3d, 0x0, 0x0,
    0x0, 0x0, 0x0, 0x0, 0x58, 0x97, 0xb, 0x0,
    0x0, 0x0, 0x0, 0x0, 0x0, 0x6, 0x86, 0x68,
    0x0, 0x0, 0x0, 0x0, 0x40, 0x8f, 0x0, 0x0,
    0x0, 0x0, 0x0, 0x0, 0x0, 0x0, 0x0, 0x0,
    0x78, 0x52, 0x0, 0x0, 0x6, 0xae, 0x4, 0x0,
    0x0, 0x0, 0x0, 0x0, 0x0, 0x0, 0x0, 0x0,
    0x0, 0x0, 0xa6, 0xf, 0x0, 0x61, 0x4d, 0x0,
    0x15, 0xe8, 0xff, 0x37, 0x0, 0x0, 0xf, 0xd6,
    0xff, 0x5e, 0x0, 0x35, 0x78, 0x0, 0xa1, 0x5,
    0x0, 0xa8, 0xd8, 0xff, 0xa8, 0x1c, 0x0, 0xa8,
    0xd3, 0xff, 0xb5, 0x4c, 0x0, 0xa6, 0x0, 0xa0,
    0x0, 0xc, 0x9b, 0x24, 0x3b, 0x54, 0x53, 0xc,
    0x9d, 0x1c, 0x4d, 0x12, 0x97, 0x0, 0x9f, 0x0,
    0xa0, 0x0, 0x0, 0xb2, 0xb, 0x0, 0x97, 0x27,
    0x0, 0xb2, 0xe, 0x0, 0x5e, 0x62, 0x0, 0x96,
    0x9, 0xa0, 0x0, 0x0, 0x28, 0xae, 0xac, 0x57,
    0x0, 0x0, 0x22, 0xac, 0xaa, 0x7c, 0x0, 0x0,
    0x9f, 0x0, 0xa2, 0x4, 0x0, 0x0, 0x0, 0x0,
    0x0, 0x0, 0x0, 0x0, 0x0, 0x0, 0x0, 0x0,
    0x0, 0xa6, 0x0, 0x64, 0x4a, 0x0, 0x0, 0x0,
    0x0, 0x0, 0x0, 0x0, 0x0, 0x0, 0x0, 0x0,
    0x0, 0x31, 0x7b, 0x0, 0x7, 0xae, 0x3, 0x0,
    0x0, 0x0, 0x0, 0x0, 0x0, 0x0, 0x0, 0x0,
    0x0, 0x0, 0xa4, 0x11, 0x0, 0x0, 0x44, 0x8a,
    0x0, 0x0, 0x0, 0x82, 0xa0, 0xa0, 0xa0, 0xc,
    0x0, 0x0, 0x72, 0x57, 0x0, 0x0, 0x0, 0x0,
    0x5f, 0x91, 0x8, 0x0, 0x0, 0x0, 0x0, 0x0,
    0x0, 0x4, 0x7f, 0x6f, 0x0, 0x0, 0x0, 0x0,
    0x0, 0x0, 0x38, 0xad, 0x72, 0x26, 0x6, 0x4,
    0x21, 0x69, 0xad, 0x44, 0x0, 0x0, 0x0, 0x0,
    0x0, 0x0, 0x0, 0x0, 0x1, 0x36, 0x7c, 0x9a,
    0x9b, 0x81, 0x3d, 0x2, 0x0, 0x0, 0x0, 0x0,
    0x0,

    /* U+1F64C "🙌" */
    0x0, 0x0, 0x0, 0x0, 0x0, 0x0, 0x0, 0x0,
    0x0, 0x1c, 0x60, 0x0, 0x0, 0x0, 0x0, 0x0,
    0x0, 0x0, 0x0, 0x0, 0x0, 0x0, 0x0, 0x0,
    0x0, 0x0, 0x1f, 0x37, 0x0, 0x24, 0x7c, 0x0,
    0xa, 0x4a, 0x0, 0x0, 0x0, 0x0, 0x0, 0x0,
    0x0, 0x0, 0x0, 0x0, 0x0, 0x0, 0x6, 0xac,
    0x17, 0x24, 0x7c, 0x0, 0x9b, 0x2b, 0x0, 0x0,
    0x0, 0x0, 0x0, 0x0, 0x0, 0x0, 0x0, 0x0,
    0x69, 0x4c, 0x0, 0x1b, 0x4b, 0x1, 0x3, 0x17,
    0x4d, 0x0, 0x13, 0x8f, 0x2e, 0x0, 0x0, 0x0,
    0x0, 0x0, 0x1c, 0x9c, 0xd6, 0xd1, 0x67, 0x0,
    0x0, 0x0, 0x0, 0x0, 0x0, 0x37, 0xd4, 0x60,
    0xff, 0x79, 0x0, 0x0, 0x0, 0x31, 0xf4, 0x49,
    0xa2, 0xad, 0x98, 0x13, 0x0, 0x0, 0x0, 0x0,
    0x0, 0xa3, 0x8f, 0x44, 0xa3, 0xd5, 0x88, 0x1,
    0x0, 0xa4, 0x8f, 0x3c, 0xa0, 0x90, 0x88, 0x18,
    0x0, 0x0, 0x0, 0x0, 0x0, 0xa0, 0x64, 0x44,
    0xa0, 0xa5, 0x82, 0x39, 0x0, 0xa0, 0x74, 0x3c,
    0xa0, 0x90, 0x88, 0x18, 0x0, 0x0, 0x0, 0x0,
    0x0, 0xa0, 0x64, 0x44, 0xa0, 0x9c, 0x5b, 0x55,
    0x0, 0xa0, 0x74, 0x53, 0xca, 0xad, 0x88, 0x18,
    0x0, 0x0, 0x0, 0x0, 0x0, 0xa0, 0x64, 0x9a,
    0xb1, 0xa2, 0x4d, 0x63, 0x0, 0xa1, 0x66, 0x7f,
    0x2f, 0x16, 0x88, 0x96, 0x9f, 0x5f, 0x2a, 0x9f,
    0x9d, 0xb5, 0x9, 0x25, 0x44, 0xb9, 0x3a, 0x72,
    0x0, 0xa0, 0x0, 0x0, 0x6, 0x87, 0xb5, 0x51,
    0x6e, 0x74, 0x31, 0xa4, 0x30, 0xab, 0x9f, 0x37,
    0x0, 0x0, 0x20, 0x81, 0x1, 0xa0, 0x0, 0x0,
    0x88, 0x3d, 0x0, 0x42, 0x73, 0x0, 0x0, 0x25,
    0x96, 0x0, 0x5, 0x9e, 0x29, 0x0, 0x1a, 0x86,
    0x0, 0xa7, 0x5, 0x0, 0x1b, 0x0, 0x0, 0x9f,
    0x12, 0x0, 0x0, 0x0, 0xa8, 0xf, 0x0, 0xe,
    0xe, 0x0, 0x5f, 0x4f, 0x0, 0x41, 0x7a, 0x0,
    0x0, 0x0, 0x75, 0x64, 0x0, 0x0, 0x0, 0x0,
    0x29, 0xb1, 0x7, 0x0, 0x0, 0x4, 0xb5, 0x3,
    0x0, 0x0, 0xaf, 0x0, 0x0, 0x0, 0xa4, 0x0,
    0x0, 0x0, 0x0, 0x0, 0x0, 0x69, 0x43, 0x0,
    0x0, 0x13, 0x8d, 0x0, 0x0, 0x8, 0xa7, 0x0,
    0x0, 0x0, 0xa1, 0x0, 0x0, 0x0, 0x0, 0x0,
    0x0, 0x5f, 0x49, 0x0, 0x0, 0xb, 0x95, 0x0,
    0x0, 0xf, 0x5d, 0x0, 0x0, 0x0, 0x65, 0x0,
    0x0, 0x0, 0x0, 0x0, 0x0, 0x3e, 0x28, 0x0,
    0x0, 0x0, 0x66, 0x0,

    /* U+1F64F "🙏" */
    0x0, 0x0, 0x0, 0x0, 0x0, 0x0, 0x1b, 0xa3,
    0xe0, 0x80, 0x0, 0x0, 0x0, 0x0, 0x0, 0x0,
    0x0, 0x0, 0x0, 0x0, 0x0, 0x0, 0x0, 0x86,
    0xbc, 0xff, 0xfe, 0x10, 0x0, 0x0, 0x0, 0x0,
    0x0, 0x0, 0x0, 0x0, 0x0, 0x0, 0x0, 0x0,
    0xcb, 0x4d, 0xff, 0xbf, 0x40, 0x0, 0x0, 0x0,
    0x0, 0x0, 0x0, 0x0, 0x0, 0x0, 0x0, 0x0,
    0x0, 0xe7, 0xa4, 0xff, 0xe7, 0x68, 0x0, 0x0,
    0x0, 0x0, 0x0, 0x0, 0x0, 0x0, 0x0, 0x0,
    0x0, 0x0, 0xe5, 0x11, 0xff, 0x4c, 0x9c, 0x0,
    0x0, 0x0, 0x0, 0x0, 0x0, 0x0, 0x0, 0x0,
    0x0, 0x0, 0x0, 0xa0, 0x0, 0xff, 0x8, 0x98,
    0x0, 0x0, 0x0, 0x0, 0x0, 0x0, 0x0, 0x0,
    0x0, 0x0, 0x0, 0x1e, 0x84, 0x0, 0xff, 0x0,
    0xa3, 0x0, 0x0, 0x0, 0x0, 0x0, 0x0, 0x0,
    0x0, 0x0, 0x0, 0x0, 0x63, 0x44, 0x0, 0xff,
    0x0, 0x9a, 0xa, 0x0, 0x0, 0x0, 0x0, 0x0,
    0x0, 0x0, 0x0, 0x0, 0x0, 0x9c, 0x8, 0x0,
    0xff, 0x0, 0x5f, 0x42, 0x0, 0x0, 0x0, 0x0,
    0x0, 0x0, 0x0, 0x0, 0x0, 0x7, 0xa7, 0x0,
    0x0, 0xff, 0x0, 0x2d, 0x7a, 0x6, 0x0, 0x0,
    0x0, 0x0, 0x0, 0x0, 0x3b, 0xa2, 0xff, 0x54,
    0x0, 0x0, 0xff, 0x0, 0x3, 0xa9, 0xff, 0x83,
    0x17, 0x0, 0x0, 0x29, 0xaa, 0x74, 0xe, 0xa8,
    0x2, 0x0, 0x0, 0xff, 0x0, 0x0, 0x42, 0x68,
    0x2b, 0x97, 0x91, 0x0, 0x9, 0x4, 0x0, 0x0,
    0x4f, 0x6d, 0x0, 0x73, 0xff, 0x36, 0x2, 0xad,
    0xc, 0x0, 0x0, 0xe, 0x0, 0x0, 0x0, 0x0,
    0x0, 0x0, 0x95, 0xb8, 0x7b, 0xa, 0xd5, 0xa6,
    0x42, 0x0, 0x0, 0x0, 0x0, 0x0, 0x0, 0x0,
    0x0, 0x0, 0x0, 0x4, 0xd3, 0x99, 0xd, 0xff,
    0x68, 0x0, 0x0, 0x0, 0x0, 0x0, 0x0, 0x0,
    0x0, 0x0, 0x0, 0x0, 0x1f, 0xab, 0x44, 0x5,
    0x86, 0x80, 0x3, 0x0, 0x0, 0x0, 0x0, 0x0,
    0x0, 0x0, 0x0, 0x0, 0x0, 0x59, 0x15, 0x0,
    0x0, 0x0, 0x44, 0x2a, 0x0, 0x0, 0x0, 0x0,
    0x0,

    /* U+1F680 "🚀" */
    0x0, 0x0, 0x0, 0x0, 0x0, 0x0, 0x0, 0x0,
    0x0, 0x0, 0x0, 0x30, 0x96, 0xa0, 0x9e, 0x81,
    0x0, 0x0, 0x0, 0x0, 0x0, 0x0, 0x0, 0x0,
    0x0, 0xe, 0xae, 0xba, 0x14, 0x0, 0x0, 0xa8,
    0x0, 0x0, 0x0, 0x0, 0x0, 0x0, 0x0, 0x0,
    0x3a, 0xb3, 0x37, 0x9f, 0x0, 0x0, 0x0, 0xa6,
    0x0, 0x0, 0x0, 0x0, 0x0, 0x0, 0x0, 0x52,
    0x9a, 0x9, 0x0, 0x6a, 0x65, 0x0, 0x32, 0x84,
    0x0, 0x0, 0x0, 0x0, 0x0, 0x0, 0x5a, 0x92,
    0x1, 0x6a, 0x81, 0x6, 0x60, 0xa4, 0xd9, 0x16,
    0x0, 0x0, 0x0, 0x0, 0x0, 0x3c, 0x96, 0x0,
    0x2b, 0xff, 0xff, 0x5b, 0x0, 0x5f, 0x70, 0x0,
    0x0, 0x0, 0x36, 0x69, 0x92, 0xff, 0x44, 0x0,
    0xc, 0xd2, 0xe8, 0x26, 0x26, 0xa3, 0x0, 0x0,
    0x0, 0x75, 0x7a, 0x2e, 0x82, 0x49, 0xab, 0x1,
    0x0, 0x0, 0x1, 0x18, 0xb4, 0x12, 0x0, 0x0,
    0x7a, 0x60, 0x3, 0x67, 0xc9, 0x0, 0x51, 0x93,
    0x5, 0x0, 0x19, 0xb3, 0x1c, 0x0, 0x0, 0x0,
    0x53, 0xa7, 0xae, 0x73, 0xf7, 0x4, 0x0, 0x3d,
    0xae, 0x78, 0xae, 0x1f, 0x0, 0x0, 0x0, 0x0,
    0x0, 0x0, 0x1a, 0xe4, 0xff, 0xc6, 0xb, 0xc,
    0x7d, 0xea, 0xb, 0x0, 0x0, 0x0, 0x0, 0x0,
    0x0, 0x22, 0xac, 0x2c, 0xb9, 0xff, 0xf4, 0xc1,
    0x44, 0x8d, 0x0, 0x0, 0x0, 0x0, 0x0, 0x0,
    0x0, 0x95, 0x17, 0x0, 0x64, 0xa5, 0x89, 0x33,
    0x2f, 0x6a, 0x0, 0x0, 0x0, 0x0, 0x0, 0x0,
    0xf, 0xda, 0x9d, 0x68, 0x98, 0x0, 0xac, 0x0,
    0x7b, 0x3b, 0x0, 0x0, 0x0, 0x0, 0x0, 0x0,
    0xa, 0x1c, 0x6d, 0x4a, 0x0, 0x0, 0x9d, 0x65,
    0x7b, 0x0, 0x0, 0x0, 0x0, 0x0, 0x0, 0x0,
    0x0, 0x0, 0x0, 0x0, 0x0, 0x0, 0x35, 0x7f,
    0x0, 0x0, 0x0, 0x0, 0x0, 0x0, 0x0, 0x0,

    /* U+1F681 "🚁" */
    0x0, 0x0, 0x0, 0x0, 0x0, 0x0, 0x0, 0x62,
    0xd7, 0x1f, 0x0, 0x0, 0x0, 0x0, 0x0, 0x0,
    0x0, 0x0, 0x0, 0x0, 0x36, 0x9f, 0x9e, 0x9e,
    0x9d, 0xbc, 0xff, 0xff, 0xff, 0xff, 0xf7, 0xb0,
    0x9c, 0x9c, 0x9c, 0x9c, 0x15, 0x0, 0x0, 0x0,
    0x0, 0x0, 0x0, 0x56, 0xa4, 0x85, 0x38, 0x2,
    0xa0, 0x9, 0x4a, 0x91, 0xa4, 0x46, 0x0, 0x0,
    0x0, 0x0, 0x0, 0x0, 0x0, 0x0, 0x0, 0x5,
    0x0, 0x0, 0x13, 0xbe, 0xff, 0xab, 0x9c, 0x9a,
    0xb, 0x5, 0x0, 0x0, 0x0, 0x93, 0xa7, 0x62,
    0x0, 0x0, 0x0, 0x0, 0x0, 0x0, 0x26, 0xff,
    0xe1, 0x1a, 0x0, 0x63, 0x52, 0x0, 0x0, 0x0,
    0x22, 0x88, 0x71, 0x38, 0x0, 0x0, 0x0, 0x0,
    0x8, 0x62, 0xa6, 0xc9, 0xb2, 0x9d, 0x9e, 0x9a,
    0xdc, 0x9c, 0x9b, 0x93, 0xba, 0x27, 0xa8, 0x2,
    0x0, 0x0, 0x0, 0x43, 0xe6, 0xa0, 0x49, 0x57,
    0x3b, 0x79, 0x1f, 0x46, 0x9, 0x0, 0x0, 0x8,
    0x11, 0x10, 0x98, 0x0, 0x0, 0x0, 0x34, 0xfa,
    0xff, 0x42, 0xbf, 0x8e, 0x87, 0xff, 0x4e, 0x0,
    0x0, 0x4f, 0x9f, 0x9d, 0x7f, 0x30, 0x76, 0x0,
    0x0, 0x23, 0xc1, 0x96, 0x95, 0x4, 0xa2, 0x4b,
    0x61, 0xa8, 0x34, 0x0, 0x4e, 0x91, 0x0, 0x4,
    0x8f, 0x20, 0xa0, 0x0, 0x0, 0x8e, 0x17, 0x1e,
    0x7f, 0x0, 0x0, 0x0, 0x0, 0x0, 0x0, 0x18,
    0xa7, 0x1, 0x0, 0x0, 0x37, 0xb9, 0xc9, 0x0,
    0x0, 0x5e, 0x78, 0x10, 0x30, 0x0, 0x0, 0x0,
    0x0, 0x1, 0x3d, 0xaf, 0x1d, 0x0, 0x0, 0x0,
    0x0, 0x0, 0x0, 0x0, 0x0, 0x0, 0x4b, 0xa2,
    0xa0, 0xbf, 0xbf, 0x9c, 0x9b, 0xff, 0x71, 0x9,
    0x0, 0x0, 0x0, 0x0, 0x0, 0x0, 0x0, 0x0,
    0x0, 0x0, 0x0, 0x0, 0x0, 0x81, 0x27, 0x0,
    0x0, 0x69, 0x3d, 0x0, 0x0, 0x0, 0x0, 0x0,
    0x0, 0x0, 0x0, 0x0, 0x0, 0x0, 0x28, 0x0,
    0x0, 0xa8, 0x0, 0x0, 0x0, 0x20, 0x84, 0x0,
    0x0, 0x0, 0x0, 0x0, 0x0, 0x0, 0x0, 0x0,
    0x0, 0x4, 0x79, 0x9b, 0xa4, 0xdd, 0x9c, 0x9c,
    0x9c, 0x9c, 0xe0, 0x9c, 0x88, 0x0, 0x0, 0x0,
    0x0, 0x0, 0x0, 0x0,

    /* U+1F68C "🚌" */
    0x0, 0x0, 0x0, 0x0, 0x1, 0x2, 0x0, 0x6f,
    0xa4, 0xa4, 0xa4, 0xa1, 0x23, 0x0, 0x0, 0x0,
    0x0, 0x0, 0x0, 0x0, 0x22, 0xb0, 0xec, 0xff,
    0xdd, 0x7c, 0xff, 0xff, 0xff, 0xff, 0xff, 0xc9,
    0x7c, 0x7c, 0x7c, 0x74, 0x2b, 0x0, 0x0, 0xfc,
    0xff, 0xec, 0xec, 0xff, 0xff, 0xff, 0xec, 0xec,
    0xec, 0xf1, 0xff, 0xec, 0xec, 0xec, 0xff, 0xff,
    0x2, 0x21, 0xff, 0x2b, 0x0, 0x0, 0xa7, 0x14,
    0xa0, 0x0, 0x0, 0x0, 0x10, 0x90, 0x0, 0x0,
    0x0, 0x2b, 0xff, 0x18, 0x4f, 0xff, 0x0, 0x0,
    0x0, 0xa0, 0x0, 0xa0, 0x0, 0x0, 0x0, 0x10,
    0x90, 0x0, 0x0, 0x0, 0x1e, 0xff, 0x23, 0x6e,
    0xff, 0x0, 0x0, 0x0, 0xa0, 0x0, 0xa0, 0x0,
    0x0, 0x0, 0x10, 0x90, 0x0, 0x0, 0x0, 0x14,
    0xff, 0x2b, 0x96, 0xff, 0x1d, 0x14, 0x14, 0xa0,
    0x0, 0xdc, 0xa0, 0xa0, 0xa0, 0xa5, 0xcf, 0xa0,
    0xa0, 0xa0, 0xb1, 0xff, 0x34, 0xc2, 0xaf, 0x8c,
    0x8c, 0x8c, 0xa0, 0x0, 0xa0, 0x0, 0x0, 0x0,
    0x0, 0x0, 0x0, 0x0, 0x1f, 0x39, 0x61, 0x3c,
    0xc0, 0xba, 0x2, 0x0, 0x0, 0xa0, 0x0, 0xa0,
    0x0, 0x0, 0x0, 0x0, 0x0, 0x0, 0x0, 0x1d,
    0x36, 0xff, 0x44, 0xfb, 0xb0, 0x3c, 0xad, 0x62,
    0xd9, 0x98, 0xa0, 0x0, 0x0, 0x0, 0x0, 0x0,
    0x5e, 0xac, 0x49, 0x2e, 0xce, 0x4d, 0xca, 0x80,
    0xff, 0x2f, 0xf0, 0xff, 0xff, 0xff, 0x80, 0x80,
    0x80, 0x80, 0x93, 0xd1, 0x3f, 0xff, 0x80, 0xb5,
    0x45, 0x1d, 0x43, 0xfc, 0x16, 0xd6, 0x6a, 0x44,
    0x44, 0x44, 0x44, 0x44, 0x44, 0x5b, 0xba, 0x25,
    0xf3, 0x44, 0x32, 0x0, 0x0, 0x0, 0x4a, 0xc6,
    0x76, 0x0, 0x0, 0x0, 0x0, 0x0, 0x0, 0x0,
    0x0, 0x71, 0xc4, 0x3b, 0x0, 0x0, 0x0,

    /* U+1F68E "🚎" */
    0x6d, 0xb4, 0xb4, 0xb4, 0xb4, 0xb4, 0xb4, 0xb4,
    0xb4, 0xb4, 0xb4, 0xb4, 0xb4, 0xd6, 0xff, 0xb4,
    0x46, 0x0, 0x0, 0x0, 0x0, 0x0, 0x0, 0x0,
    0x0, 0x0, 0x0, 0x0, 0x5, 0x82, 0x83, 0x17,
    0x0, 0x0, 0x0, 0x0, 0x0, 0x0, 0x0, 0x0,
    0x0, 0x0, 0x0, 0x0, 0xc, 0xa5, 0x34, 0x0,
    0x0, 0x0, 0x0, 0x0, 0x0, 0x0, 0x0, 0x0,
    0x0, 0x0, 0x2, 0x4, 0x62, 0xff, 0x23, 0x0,
    0x0, 0x0, 0x0, 0x0, 0x0, 0x0, 0x8, 0x5a,
    0x84, 0x33, 0x0, 0xe1, 0xff, 0xff, 0xff, 0xb8,
    0x0, 0x0, 0x0, 0x0, 0x0, 0x0, 0xa, 0xb3,
    0x55, 0x24, 0x8f, 0xa2, 0xf0, 0xf0, 0xf0, 0xf0,
    0xe5, 0xa0, 0xa0, 0xa0, 0xb8, 0x28, 0x58, 0xe0,
    0xff, 0xff, 0xc8, 0x90, 0x90, 0x90, 0x90, 0x90,
    0x90, 0x90, 0x90, 0x90, 0x90, 0xc1, 0x51, 0x8f,
    0xb5, 0xff, 0x48, 0x1c, 0x97, 0x36, 0x1c, 0xa8,
    0x32, 0x1c, 0x2b, 0xa8, 0x1c, 0x62, 0xff, 0x54,
    0x8c, 0xdf, 0xee, 0x0, 0x0, 0x80, 0x14, 0x0,
    0x94, 0xc, 0x0, 0x4, 0x9c, 0x0, 0x44, 0xff,
    0x57, 0xf, 0xff, 0xd3, 0x0, 0x0, 0x82, 0x1d,
    0x0, 0x9c, 0x18, 0x0, 0xe, 0xa4, 0x0, 0x4c,
    0xff, 0x5a, 0x4, 0xff, 0xfd, 0xb8, 0xbb, 0xbc,
    0xa8, 0xa8, 0xa8, 0xa8, 0xa8, 0xa8, 0xa8, 0xa8,
    0xa8, 0xe8, 0x5e, 0x20, 0xa2, 0x36, 0x35, 0x3f,
    0x75, 0x93, 0x94, 0x94, 0x94, 0x94, 0x94, 0x94,
    0x94, 0x94, 0xd2, 0x88, 0x3d, 0xf0, 0x9c, 0x94,
    0x6a, 0x36, 0x18, 0x18, 0x18, 0x18, 0x18, 0x18,
    0x18, 0x18, 0x18, 0x53, 0x6a, 0x5a, 0x45, 0x0,
    0xc, 0x0, 0x0, 0x0, 0x0, 0x0, 0x0, 0x0,
    0x0, 0x0, 0xb, 0x0, 0x38, 0x67, 0x6d, 0x3d,
    0xa3, 0xb4, 0x96, 0x4, 0x4, 0x4, 0x4, 0x4,
    0x4, 0x4, 0x87, 0xbb, 0x7b, 0x3f, 0x68, 0x15,
    0x7f, 0xec, 0x17, 0xe6, 0x88, 0x88, 0x88, 0x88,
    0x88, 0x88, 0x88, 0x99, 0x21, 0xff, 0x7e, 0x15,
    0x0, 0x0, 0x4e, 0xa8, 0x44, 0x0, 0x0, 0x0,
    0x0, 0x0, 0x0, 0x0, 0x4a, 0xa7, 0x32, 0x0,
    0x0,

    /* U+1F690 "🚐" */
    0x0, 0x0, 0x0, 0x0, 0x0, 0x4a, 0x9f, 0x9c,
    0x9c, 0x9c, 0x9c, 0x9c, 0x9c, 0x9c, 0x9c, 0x9c,
    0x9c, 0x63, 0x0, 0x0, 0x0, 0x0, 0x0, 0x0,
    0x0, 0xa9, 0x0, 0x0, 0x0, 0x0, 0x0, 0x0,
    0x0, 0x0, 0x0, 0x0, 0x0, 0xa0, 0x6, 0x0,
    0x0, 0x0, 0x0, 0x0, 0x0, 0xa7, 0x0, 0x0,
    0x0, 0x0, 0x0, 0x0, 0x0, 0x0, 0x0, 0x0,
    0x0, 0x6f, 0x3b, 0x0, 0x0, 0x0, 0x0, 0x0,
    0x25, 0x91, 0x20, 0x95, 0x93, 0x13, 0x9a, 0x9c,
    0x9c, 0x9c, 0x9c, 0x9c, 0x47, 0x37, 0x7a, 0x0,
    0x0, 0x0, 0x0, 0x0, 0x9d, 0x18, 0x96, 0xa,
    0x9d, 0x2c, 0x7a, 0x0, 0x0, 0x0, 0x0, 0x2,
    0x99, 0x6, 0xa7, 0x0, 0x0, 0x0, 0x0, 0x30,
    0x84, 0x38, 0x5d, 0x0, 0x9c, 0x2c, 0x78, 0x0,
    0x0, 0x0, 0x0, 0x0, 0x9b, 0x0, 0xa7, 0x0,
    0x0, 0x0, 0x38, 0xb2, 0x10, 0xb5, 0x9f, 0x9c,
    0xd3, 0x24, 0xcb, 0x9c, 0x9c, 0x9c, 0x9c, 0x9c,
    0xd4, 0x4, 0x94, 0xf, 0x0, 0x87, 0x72, 0x1f,
    0x0, 0x0, 0x0, 0x0, 0x0, 0x0, 0x0, 0x0,
    0x0, 0x0, 0x0, 0x0, 0x0, 0x0, 0x73, 0x30,
    0x1, 0xed, 0x91, 0x42, 0x0, 0x0, 0x0, 0x0,
    0x0, 0x0, 0x0, 0x0, 0x0, 0x0, 0x0, 0x0,
    0x0, 0x17, 0xd1, 0x51, 0x21, 0x82, 0x38, 0xf1,
    0xa4, 0xa4, 0xa4, 0xa4, 0xa4, 0xa4, 0xa4, 0xa4,
    0xa4, 0xa4, 0xa4, 0xa4, 0xa4, 0xf3, 0x51, 0x71,
    0x3e, 0xeb, 0x8e, 0x72, 0x70, 0x70, 0x70, 0x70,
    0x70, 0x70, 0x70, 0x70, 0x70, 0x70, 0x70, 0x70,
    0x70, 0xc8, 0x2c, 0x92, 0x4e, 0xff, 0xff, 0xff,
    0xff, 0xb3, 0x3c, 0x3c, 0x3c, 0x3c, 0x3c, 0x3c,
    0x3c, 0x3c, 0xb1, 0xff, 0xff, 0xff, 0xff, 0xcf,
    0x2f, 0xff, 0xff, 0x66, 0x17, 0xff, 0xf4, 0xf4,
    0xf4, 0xf4, 0xf4, 0xf4, 0xf4, 0xf4, 0xff, 0x27,
    0x46, 0xff, 0xff, 0x6f, 0x0, 0x0, 0x84, 0x4f,
    0xd, 0xc2, 0x0, 0x0, 0x0, 0x0, 0x0, 0x0,
    0x0, 0x0, 0xbd, 0x16, 0x37, 0xa0, 0x0, 0x0,
    0x0, 0x0, 0x11, 0xaa, 0xbf, 0x41, 0x0, 0x0,
    0x0, 0x0, 0x0, 0x0, 0x0, 0x0, 0x33, 0xbc,
    0xb2, 0x1c, 0x0, 0x0,

    /* U+1F691 "🚑" */
    0x0, 0x0, 0x0, 0x0, 0x0, 0x0, 0x0, 0x0,
    0x97, 0x9d, 0x90, 0x3c, 0x0, 0x0, 0x0, 0x0,
    0x0, 0x0, 0x0, 0x0, 0x0, 0x0, 0x0, 0x0,
    0x0, 0x0, 0x23, 0x7e, 0xff, 0xff, 0xff, 0xe8,
    0x80, 0x80, 0x80, 0x80, 0x80, 0x7f, 0x3f, 0x0,
    0x0, 0x0, 0x0, 0x0, 0x0, 0x0, 0xa8, 0x9d,
    0x2e, 0x20, 0x20, 0x20, 0x20, 0x20, 0x20, 0x20,
    0x20, 0x24, 0xb4, 0x0, 0x0, 0x0, 0x0, 0x0,
    0x0, 0x12, 0xff, 0xd5, 0xad, 0xa8, 0xa8, 0xa8,
    0xa8, 0xa8, 0xa8, 0xa8, 0xa8, 0xa8, 0xc0, 0x0,
    0x0, 0x0, 0x0, 0x0, 0x0, 0x96, 0x43, 0x1a,
    0x20, 0x20, 0x19, 0x18, 0x18, 0x18, 0x3d, 0x1c,
    0x18, 0x18, 0xb5, 0x0, 0x0, 0x0, 0x0, 0x0,
    0x33, 0x97, 0x24, 0xa9, 0x98, 0xae, 0x6e, 0x0,
    0x13, 0x28, 0xdc, 0x23, 0x31, 0x0, 0x93, 0x1f,
    0x0, 0x0, 0x0, 0x1, 0xb3, 0x12, 0x87, 0x5,
    0x0, 0x2c, 0x74, 0x0, 0x37, 0xe0, 0xff, 0xff,
    0x83, 0x0, 0x67, 0x4b, 0x0, 0x0, 0x0, 0x63,
    0x63, 0x45, 0x6d, 0x2c, 0x2c, 0x54, 0x74, 0x0,
    0x34, 0xdf, 0xff, 0xff, 0x7c, 0x0, 0x3e, 0x68,
    0x0, 0x0, 0x6d, 0x9a, 0x1, 0x42, 0x6c, 0x6c,
    0x6c, 0x6c, 0x2a, 0x0, 0x16, 0x3b, 0xdc, 0x29,
    0x40, 0x0, 0x26, 0x79, 0x0, 0x4c, 0xff, 0x8c,
    0x9c, 0xd, 0x8, 0x8, 0x8, 0x8, 0x8, 0x8,
    0x8, 0x8, 0x23, 0xb, 0x8, 0x8, 0x1d, 0x8d,
    0x0, 0x73, 0x2c, 0x0, 0xfc, 0xff, 0xff, 0xff,
    0xff, 0xff, 0xff, 0xff, 0xff, 0xff, 0xff, 0xff,
    0xff, 0xff, 0xff, 0xed, 0x0, 0x7e, 0xc3, 0xdd,
    0xea, 0xb0, 0xb0, 0xb0, 0xb0, 0xb0, 0xb0, 0xb0,
    0xb0, 0xb0, 0xb0, 0xb0, 0xb0, 0xb0, 0xbe, 0xd2,
    0x17, 0xfe, 0xac, 0x80, 0x80, 0x74, 0x2e, 0x0,
    0x0, 0x0, 0x0, 0x0, 0x0, 0x0, 0x7, 0x59,
    0x7c, 0x80, 0x91, 0x9d, 0x3b, 0xff, 0xff, 0xff,
    0xff, 0xff, 0xff, 0x51, 0x0, 0x0, 0x0, 0x0,
    0x0, 0x0, 0xb1, 0xff, 0xff, 0xff, 0xff, 0x98,
    0x7, 0x9f, 0xb0, 0xff, 0x3e, 0x38, 0xff, 0xd1,
    0xa0, 0xa0, 0xa0, 0xa0, 0xa0, 0xa8, 0xff, 0xff,
    0xe, 0xd1, 0xc8, 0x3c, 0x0, 0x0, 0x0, 0xa2,
    0x3c, 0x36, 0xa2, 0x0, 0x0, 0x0, 0x0, 0x0,
    0x0, 0x0, 0x3a, 0xa5, 0xd, 0xbc, 0x1a, 0x0,
    0x0, 0x0, 0x0, 0x18, 0xa5, 0xa5, 0x17, 0x0,
    0x0, 0x0, 0x0, 0x0, 0x0, 0x0, 0x0, 0x70,
    0xb7, 0x5a, 0x0, 0x0,

    /* U+1F692 "🚒" */
    0x0, 0x0, 0x0, 0x0, 0x0, 0x0, 0x0, 0x7b,
    0x98, 0x98, 0x98, 0x98, 0x98, 0x98, 0x98, 0x98,
    0x98, 0x66, 0x0, 0x0, 0x0, 0x0, 0x0, 0x0,
    0x0, 0x0, 0x3, 0x97, 0x4f, 0x64, 0x64, 0x64,
    0x64, 0x64, 0x64, 0x2e, 0x0, 0x9a, 0x0, 0x0,
    0x0, 0x0, 0x0, 0x1, 0x28, 0x2c, 0x11, 0x94,
    0x6c, 0x73, 0x91, 0x55, 0xb3, 0x23, 0x84, 0x78,
    0x0, 0x98, 0x0, 0x0, 0x0, 0x0, 0x0, 0x60,
    0x70, 0x8f, 0x95, 0x94, 0xb3, 0x94, 0xbb, 0xae,
    0xad, 0xc4, 0x66, 0x78, 0x0, 0x98, 0x0, 0x0,
    0x0, 0x0, 0x13, 0x9e, 0xf4, 0xf3, 0xe6, 0xe4,
    0x50, 0x50, 0x50, 0x50, 0x50, 0x50, 0x50, 0x37,
    0x0, 0x98, 0x0, 0x0, 0x0, 0x0, 0x77, 0x5c,
    0x4c, 0x4c, 0x4c, 0x59, 0x4c, 0xc0, 0x4c, 0x4c,
    0x4c, 0x4c, 0x4c, 0xad, 0x68, 0xee, 0x16, 0x0,
    0x0, 0x0, 0x92, 0x8b, 0x24, 0x6f, 0x84, 0x83,
    0x1b, 0x88, 0x0, 0x0, 0x0, 0x0, 0x0, 0x1e,
    0x34, 0x4e, 0x76, 0x0, 0x0, 0x0, 0x8b, 0x33,
    0x73, 0x90, 0x8, 0x3f, 0x44, 0x88, 0x0, 0x0,
    0x0, 0x0, 0x0, 0x0, 0x0, 0x20, 0x7c, 0x0,
    0x0, 0x0, 0x8a, 0x3c, 0x74, 0x9c, 0x28, 0x58,
    0x44, 0x88, 0x0, 0x0, 0x0, 0x0, 0x0, 0x0,
    0x0, 0x20, 0x7c, 0x0, 0x0, 0x27, 0xff, 0x80,
    0x16, 0x52, 0x64, 0x63, 0x12, 0x88, 0x0, 0x0,
    0x0, 0x0, 0x0, 0x0, 0x0, 0x20, 0x7c, 0x0,
    0x0, 0xca, 0x9f, 0x0, 0x0, 0x0, 0x0, 0x0,
    0x0, 0x88, 0x0, 0x2, 0x92, 0x9c, 0x9c, 0x9c,
    0x9c, 0xbc, 0x7e, 0x0, 0x0, 0x88, 0x8c, 0x0,
    0x0, 0x0, 0x0, 0x0, 0x0, 0x88, 0x0, 0x71,
    0x42, 0x0, 0x0, 0x0, 0x0, 0x20, 0x7c, 0x0,
    0x18, 0xff, 0xff, 0x56, 0x0, 0x0, 0x8, 0x8,
    0x8, 0x90, 0x26, 0x90, 0x0, 0x0, 0x1, 0x0,
    0x0, 0x20, 0xbb, 0x4d, 0x48, 0x9a, 0x4e, 0xb8,
    0x49, 0xca, 0xff, 0xf9, 0x94, 0xff, 0x92, 0xf,
    0x0, 0x6d, 0xca, 0xc5, 0x37, 0x6, 0x34, 0xa0,
    0x47, 0x91, 0x5b, 0xe7, 0xf9, 0xc, 0x1, 0xcd,
    0x65, 0xc8, 0x58, 0x58, 0x68, 0xea, 0x3, 0x15,
    0xf7, 0x58, 0x58, 0xa0, 0x9, 0x3b, 0x3c, 0x3c,
    0xe1, 0x32, 0x19, 0xd0, 0x42, 0x3c, 0x3c, 0x3c,
    0x45, 0xe7, 0x1f, 0x3d, 0xd4, 0x3c, 0x3c, 0x25,
    0x0, 0x0, 0x0, 0x0, 0x1f, 0xa4, 0xad, 0x32,
    0x0, 0x0, 0x0, 0x0, 0x0, 0x38, 0xaf, 0x9d,
    0x14, 0x0, 0x0, 0x0,

    /* U+1F693 "🚓" */
    0x0, 0x0, 0x0, 0x0, 0x0, 0x0, 0x8, 0x7a,
    0x1f, 0x64, 0x64, 0x6a, 0x64, 0x2d, 0x6e, 0x1e,
    0x0, 0x0, 0x0, 0x0, 0x0, 0x0, 0x0, 0x0,
    0x0, 0x0, 0x0, 0x1, 0x6, 0x64, 0x0, 0x64,
    0x0, 0x64, 0x6, 0x0, 0x0, 0x0, 0x0, 0x0,
    0x0, 0x0, 0x0, 0x0, 0x0, 0x0, 0x7, 0x80,
    0x26, 0x9a, 0x94, 0x64, 0xc6, 0x27, 0x76, 0x1e,
    0x0, 0x0, 0x0, 0x0, 0x0, 0x0, 0x0, 0x0,
    0x0, 0x0, 0x7, 0x6e, 0x96, 0xc6, 0xaf, 0x96,
    0xd4, 0x9d, 0x6c, 0x7, 0x0, 0x0, 0x0, 0x0,
    0x0, 0x0, 0x0, 0x0, 0x0, 0xf, 0xac, 0x44,
    0x4f, 0x87, 0x98, 0x99, 0x8b, 0x4d, 0x44, 0xaf,
    0xf, 0x0, 0x0, 0x0, 0x0, 0x0, 0x0, 0x0,
    0x5, 0xa6, 0x36, 0xbb, 0x66, 0x19, 0x3, 0x9d,
    0xe, 0x57, 0x84, 0x23, 0xa0, 0x0, 0x0, 0x0,
    0x0, 0x0, 0x20, 0x5b, 0xad, 0x42, 0xbf, 0x37,
    0x0, 0x0, 0x0, 0x9c, 0x0, 0x0, 0x48, 0x77,
    0x50, 0xa3, 0x4e, 0x0, 0x7, 0xa9, 0x81, 0x45,
    0xc, 0x74, 0xc1, 0x9c, 0x9c, 0x9c, 0x9c, 0xb9,
    0x9c, 0x9c, 0xa5, 0x3d, 0x0, 0x9, 0x64, 0x6f,
    0x41, 0xce, 0x8a, 0x3e, 0x0, 0x0, 0x0, 0x0,
    0x0, 0x0, 0x0, 0x0, 0x0, 0x0, 0x0, 0x0,
    0x0, 0x86, 0x88, 0xd3, 0x50, 0x50, 0x3a, 0xff,
    0xf8, 0xf8, 0xf8, 0xf8, 0xf8, 0xd5, 0xaa, 0xb1,
    0xf1, 0xf8, 0xf8, 0xf8, 0xf8, 0xff, 0x0, 0xa0,
    0x5f, 0xff, 0xff, 0xff, 0xff, 0xff, 0xff, 0xff,
    0xff, 0x8c, 0x0, 0x0, 0xe5, 0xff, 0xff, 0xff,
    0xff, 0xff, 0xc8, 0xc7, 0x64, 0xff, 0xff, 0xff,
    0xb4, 0xbf, 0xff, 0xff, 0xff, 0xde, 0x2a, 0x5a,
    0xff, 0xff, 0xff, 0xac, 0xee, 0xff, 0xff, 0xc9,
    0x30, 0xff, 0xff, 0xff, 0x0, 0x0, 0xff, 0xff,
    0xff, 0xff, 0xff, 0xff, 0xff, 0xff, 0xff, 0x0,
    0x0, 0xff, 0xff, 0x5d, 0x0, 0x0, 0x0, 0xbd,
    0x11, 0x11, 0xbd, 0x0, 0x0, 0x0, 0x0, 0x0,
    0x0, 0x0, 0xba, 0xc, 0x12, 0xbb, 0x0, 0x0,
    0x0, 0x0, 0x0, 0x2b, 0xb4, 0xb4, 0x2b, 0x0,
    0x0, 0x0, 0x0, 0x0, 0x0, 0x0, 0x2e, 0xb4,
    0xb4, 0x28, 0x0, 0x0,

    /* U+1F695 "🚕" */
    0x0, 0x0, 0x0, 0x0, 0x0, 0x0, 0x0, 0x0,
    0x0, 0x1, 0x8, 0x8, 0x8, 0x3, 0x0, 0x0,
    0x0, 0x0, 0x0, 0x0, 0x0, 0x0, 0x0, 0x0,
    0x0, 0x0, 0x0, 0x0, 0x0, 0x4e, 0xff, 0xff,
    0xff, 0x9a, 0x0, 0x0, 0x0, 0x0, 0x0, 0x0,
    0x0, 0x0, 0x0, 0x0, 0x0, 0x0, 0x0, 0x5,
    0x4a, 0xff, 0xff, 0xff, 0xff, 0xff, 0x32, 0x0,
    0x0, 0x0, 0x0, 0x0, 0x0, 0x0, 0x0, 0x0,
    0x0, 0x0, 0x24, 0xb0, 0x5e, 0x18, 0x0, 0x0,
    0x1, 0x25, 0x7b, 0x9d, 0x10, 0x0, 0x0, 0x0,
    0x0, 0x0, 0x0, 0x0, 0x0, 0x14, 0xb1, 0x17,
    0x77, 0xa1, 0x9a, 0xd1, 0x9c, 0xa0, 0x4c, 0x2c,
    0xb7, 0x8, 0x0, 0x0, 0x0, 0x0, 0x0, 0x0,
    0x1, 0xa6, 0x20, 0xa4, 0x44, 0x0, 0x0, 0x8c,
    0x0, 0x3, 0x76, 0x6d, 0x48, 0xac, 0x10, 0x0,
    0x0, 0x33, 0x85, 0xa0, 0xa1, 0x48, 0x48, 0x7c,
    0x8, 0x8, 0x8, 0x8f, 0x8, 0x8, 0x8, 0xb2,
    0x4, 0x4f, 0xd0, 0x40, 0x24, 0x9e, 0x1b, 0x0,
    0x0, 0x0, 0x1d, 0x82, 0x88, 0x88, 0x88, 0x88,
    0x88, 0x88, 0x88, 0x4c, 0x0, 0x0, 0x16, 0xa2,
    0x53, 0xc9, 0xb6, 0x29, 0x0, 0x0, 0x0, 0x0,
    0x4b, 0xd, 0x63, 0x8, 0x66, 0x0, 0x0, 0x0,
    0x0, 0x0, 0xb6, 0xff, 0x54, 0xa0, 0xa5, 0x2,
    0x0, 0x0, 0x0, 0x50, 0x76, 0x92, 0x6b, 0x94,
    0x6a, 0x8e, 0x0, 0x0, 0x0, 0x0, 0x7e, 0xe8,
    0x54, 0x59, 0xb, 0x16, 0xae, 0xb7, 0x90, 0x25,
    0x13, 0x38, 0x5, 0x3b, 0x3, 0x3c, 0x30, 0xbc,
    0xbd, 0x40, 0x0, 0xa0, 0x53, 0x4d, 0x0, 0xa2,
    0x26, 0x0, 0x67, 0x62, 0x0, 0x0, 0x0, 0x0,
    0x0, 0x0, 0xb8, 0xc, 0x6, 0xc0, 0x1, 0x9f,
    0x21, 0xa6, 0x9c, 0xff, 0x20, 0x0, 0x60, 0xfd,
    0x98, 0x98, 0x98, 0x98, 0x98, 0x98, 0xf6, 0x9,
    0x3, 0xfa, 0xa0, 0x45, 0x0, 0x0, 0x0, 0x1b,
    0xb4, 0xb7, 0x9a, 0x5, 0x0, 0x0, 0x0, 0x0,
    0x0, 0x0, 0x38, 0xc0, 0xc0, 0x49, 0x0, 0x0,

    /* U+1F697 "🚗" */
    0x0, 0x0, 0x0, 0x0, 0x0, 0x0, 0x0, 0x0,
    0x21, 0x39, 0x3e, 0x39, 0x1b, 0x0, 0x0, 0x0,
    0x0, 0x0, 0x0, 0x0, 0x0, 0x0, 0x0, 0x0,
    0x0, 0x50, 0xad, 0x7f, 0x65, 0x61, 0x66, 0x83,
    0xac, 0x35, 0x0, 0x0, 0x0, 0x0, 0x0, 0x0,
    0x0, 0x0, 0x0, 0x69, 0x81, 0x53, 0xa3, 0xa2,
    0xbd, 0x9f, 0x96, 0x31, 0xa2, 0x3f, 0x0, 0x0,
    0x0, 0x0, 0x0, 0x0, 0x0, 0x65, 0x80, 0x84,
    0x7c, 0x5, 0x0, 0xa0, 0x0, 0xc, 0x9d, 0x48,
    0x9e, 0x5a, 0x0, 0x0, 0x0, 0xa, 0x67, 0xaf,
    0x6c, 0x39, 0xdc, 0x94, 0x94, 0x94, 0xcd, 0x94,
    0x94, 0xa9, 0x4b, 0x0, 0x81, 0xce, 0x0, 0x29,
    0xff, 0xc3, 0x4, 0x0, 0x0, 0x0, 0x0, 0x0,
    0x0, 0x0, 0x0, 0x0, 0x0, 0x0, 0xe, 0x9d,
    0xa6, 0x12, 0x96, 0x23, 0xa3, 0x2, 0x0, 0x0,
    0x0, 0x0, 0x0, 0x0, 0x0, 0x0, 0x0, 0x0,
    0x0, 0x3, 0xa3, 0x91, 0x17, 0xc1, 0x88, 0x5f,
    0x0, 0x0, 0x0, 0x0, 0x0, 0x0, 0x0, 0x0,
    0x0, 0x0, 0x0, 0x0, 0x0, 0x26, 0xff, 0x18,
    0xc4, 0xf, 0x0, 0x64, 0xbb, 0x7e, 0x2, 0x0,
    0x0, 0x0, 0x0, 0x0, 0x0, 0x67, 0xbb, 0x82,
    0x3, 0x9b, 0x18, 0x6d, 0x68, 0x67, 0xa1, 0xc,
    0x7b, 0x88, 0x18, 0x18, 0x18, 0x18, 0x18, 0x6c,
    0x99, 0xb, 0x73, 0x8d, 0xa1, 0x12, 0x0, 0x40,
    0xc0, 0x71, 0x0, 0x46, 0xf4, 0x7c, 0x7c, 0x7c,
    0x7c, 0x7c, 0xea, 0x66, 0x0, 0x3b, 0xe6, 0x56,
    0x0, 0x0, 0x0, 0xc, 0xba, 0xb8, 0xb9, 0x16,
    0x0, 0x0, 0x0, 0x0, 0x0, 0xd, 0xb3, 0xb7,
    0xc3, 0x1e, 0x0, 0x0, 0x0, 0x0, 0x0, 0x0,
    0x10, 0x0, 0x0, 0x0, 0x0, 0x0, 0x0, 0x0,
    0x0, 0x0, 0x10, 0x1, 0x0, 0x0, 0x0,

    /* U+1F698 "🚘" */
    0x0, 0x0, 0x0, 0x0, 0x0, 0x0, 0x0, 0x0,
    0x0, 0x2, 0x5, 0x0, 0x0, 0x0, 0x0, 0x0,
    0x0, 0x0, 0x0, 0x0, 0x0, 0x0, 0x0, 0x0,
    0x0, 0x76, 0xa2, 0xa0, 0xa0, 0x9d, 0x9a, 0x9f,
    0x9f, 0x9f, 0x99, 0x23, 0x0, 0x0, 0x0, 0x0,
    0x0, 0x0, 0x0, 0x0, 0x4b, 0x73, 0x0, 0x0,
    0x0, 0x0, 0x0, 0x0, 0x0, 0x0, 0xd, 0x97,
    0x0, 0x0, 0x0, 0x0, 0x0, 0x0, 0x0, 0x0,
    0xa1, 0xe, 0x74, 0x8c, 0x1a, 0x0, 0x0, 0x0,
    0x76, 0x8c, 0x1c, 0x77, 0x1e, 0x0, 0x0, 0x0,
    0x0, 0x0, 0x0, 0x10, 0xb0, 0x29, 0xff, 0xff,
    0x81, 0x1c, 0x1c, 0x30, 0xff, 0xff, 0x89, 0x38,
    0x7f, 0x0, 0x0, 0x0, 0x6, 0xc7, 0xbe, 0x7e,
    0xff, 0xff, 0xff, 0xff, 0xff, 0xff, 0xff, 0xff,
    0xff, 0xff, 0xff, 0xff, 0xff, 0x54, 0xec, 0x37,
    0xb, 0x8d, 0x98, 0xff, 0x58, 0x68, 0x7a, 0x86,
    0x8b, 0x90, 0x92, 0x8e, 0x89, 0x82, 0x72, 0x5f,
    0x95, 0xca, 0x96, 0x31, 0x0, 0x0, 0x35, 0x84,
    0x8a, 0x89, 0x86, 0x0, 0x0, 0x0, 0x0, 0x0,
    0x0, 0x5b, 0x89, 0x8a, 0x5c, 0x91, 0x0, 0x0,
    0x0, 0x0, 0x92, 0x1e, 0x93, 0x7, 0x8f, 0x0,
    0x0, 0x0, 0x0, 0x0, 0x0, 0x8d, 0x7, 0x19,
    0x8a, 0x80, 0xe, 0x0, 0x0, 0x0, 0xac, 0x0,
    0x61, 0x98, 0x95, 0x1b, 0x57, 0x64, 0x66, 0x5d,
    0x33, 0x66, 0x98, 0x90, 0x1d, 0x56, 0x40, 0x0,
    0x0, 0x0, 0xa3, 0x0, 0x0, 0x0, 0x0, 0x89,
    0xff, 0xff, 0xff, 0xff, 0xdc, 0x0, 0x0, 0x0,
    0x0, 0x38, 0x57, 0x0, 0x0, 0x0, 0xb7, 0xc,
    0x0, 0x0, 0x0, 0x2b, 0xf2, 0xf8, 0xf8, 0xf7,
    0x77, 0x0, 0x0, 0x0, 0x0, 0x5e, 0x53, 0x0,
    0x0, 0x0, 0xc7, 0x80, 0x89, 0x86, 0x87, 0x82,
    0x7b, 0x78, 0x78, 0x7a, 0x7e, 0x86, 0x86, 0x86,
    0x89, 0xb8, 0x39, 0x0, 0x0, 0x0, 0x82, 0xbe,
    0x3c, 0x24, 0xc, 0x9, 0x10, 0x13, 0x13, 0x12,
    0xd, 0x6, 0x17, 0x2e, 0x59, 0xf2, 0x4, 0x0,
    0x0, 0x0, 0x50, 0xff, 0xff, 0x7c, 0x93, 0x9c,
    0x9c, 0x9c, 0x9c, 0x9c, 0x9c, 0x99, 0x86, 0x94,
    0xff, 0xdf, 0x0, 0x0, 0x0, 0x0, 0x47, 0xff,
    0xb3, 0x0, 0x0, 0x0, 0x0, 0x0, 0x0, 0x0,
    0x0, 0x0, 0x0, 0x2c, 0xff, 0xcf, 0x0, 0x0,
    0x0, 0x0, 0x0, 0x12, 0x7, 0x0, 0x0, 0x0,
    0x0, 0x0, 0x0, 0x0, 0x0, 0x0, 0x0, 0x0,
    0x10, 0x9, 0x0, 0x0,

    /* U+1F699 "🚙" */
    0x0, 0x0, 0x0, 0x0, 0x0, 0x0, 0x0, 0x0,
    0x6f, 0xa0, 0xa0, 0xa0, 0xa0, 0xa0, 0xa0, 0xa0,
    0xa0, 0x67, 0x0, 0x0, 0x0, 0x0, 0x0, 0x0,
    0x0, 0x0, 0x0, 0x61, 0x72, 0x0, 0x0, 0x0,
    0x0, 0x0, 0x0, 0x0, 0x0, 0xa7, 0x0, 0x0,
    0x0, 0x0, 0x0, 0x0, 0x0, 0x0, 0x41, 0x91,
    0x2e, 0xaf, 0x9c, 0x9c, 0xb0, 0x81, 0xa6, 0xa5,
    0x7c, 0xa0, 0x4, 0x0, 0x0, 0x0, 0x0, 0x0,
    0x0, 0x28, 0xa6, 0x26, 0xa4, 0x7, 0x0, 0x0,
    0x9c, 0x88, 0x14, 0x3, 0x97, 0x8a, 0x1a, 0x0,
    0x0, 0x5, 0x2e, 0x3f, 0x51, 0xaf, 0x25, 0xcc,
    0x3c, 0x30, 0x30, 0x30, 0xa6, 0x88, 0x43, 0x30,
    0xa5, 0x8c, 0x8c, 0x9, 0x0, 0x9e, 0x72, 0x61,
    0x50, 0x17, 0x39, 0x6c, 0x6c, 0x6c, 0x6c, 0x6c,
    0x4c, 0x33, 0x6c, 0x6c, 0x4a, 0x94, 0xff, 0x58,
    0x0, 0xd3, 0x97, 0x3e, 0x0, 0x0, 0x0, 0x0,
    0x0, 0x0, 0x0, 0x0, 0x0, 0x0, 0x0, 0x0,
    0x4, 0xff, 0xff, 0x70, 0x0, 0xbd, 0x98, 0x26,
    0x0, 0x0, 0x0, 0x0, 0x0, 0x0, 0x0, 0x0,
    0x0, 0x0, 0x0, 0x0, 0x2, 0xc1, 0xff, 0x83,
    0x0, 0xb2, 0x10, 0x1a, 0x6d, 0x6d, 0x16, 0x0,
    0x0, 0x0, 0x0, 0x0, 0x1, 0x63, 0xa9, 0x91,
    0x22, 0x11, 0xff, 0x35, 0x0, 0xc4, 0x44, 0xff,
    0xff, 0xff, 0xff, 0x22, 0x0, 0x0, 0x0, 0x0,
    0x86, 0xff, 0xfa, 0xff, 0xff, 0x39, 0xbe, 0x0,
    0x32, 0xff, 0xff, 0xff, 0x0, 0x4, 0xff, 0xf6,
    0xf0, 0xf0, 0xf0, 0xf0, 0xff, 0xfd, 0x0, 0x10,
    0xff, 0xff, 0xff, 0x0, 0x8, 0x28, 0x28, 0xc4,
    0x21, 0x2d, 0xbc, 0x20, 0x20, 0x20, 0x20, 0x20,
    0x2d, 0xbf, 0x14, 0x44, 0xaa, 0x28, 0x26, 0x0,
    0x0, 0x0, 0x0, 0x1f, 0x96, 0x90, 0x15, 0x0,
    0x0, 0x0, 0x0, 0x0, 0x0, 0x34, 0x9e, 0x83,
    0x9, 0x0, 0x0, 0x0,

    /* U+1F6A2 "🚢" */
    0x0, 0x0, 0x0, 0x0, 0x0, 0x0, 0x0, 0x70,
    0x91, 0x73, 0x0, 0x0, 0x0, 0x0, 0x0, 0x0,
    0x0, 0x0, 0x0, 0x0, 0x0, 0x0, 0x0, 0x0,
    0x0, 0xb5, 0x8c, 0xba, 0x0, 0x4c, 0x95, 0x6f,
    0x0, 0x0, 0x0, 0x0, 0x0, 0x0, 0x0, 0x0,
    0x0, 0x0, 0x0, 0xc0, 0xff, 0xc8, 0x0, 0xa4,
    0x57, 0xbe, 0x0, 0x0, 0x0, 0x0, 0x0, 0x0,
    0x0, 0x0, 0x0, 0x0, 0x6, 0xd6, 0xff, 0xd0,
    0x0, 0xa4, 0xff, 0xe8, 0x0, 0x0, 0x0, 0x0,
    0x0, 0x0, 0x0, 0x6c, 0xa0, 0x98, 0x92, 0xb3,
    0xff, 0xc6, 0x9b, 0xff, 0xff, 0xff, 0x50, 0x2b,
    0x1, 0x0, 0x0, 0x0, 0x0, 0x8d, 0xa8, 0x99,
    0x9c, 0x9c, 0xec, 0x3b, 0x34, 0x1a, 0x4, 0x28,
    0x45, 0xc3, 0x2, 0x0, 0x0, 0x0, 0x0, 0x9f,
    0xb, 0x2, 0x0, 0x0, 0xa9, 0x7, 0x2a, 0x4d,
    0x5d, 0x40, 0x4b, 0xa1, 0x0, 0x0, 0x0, 0x0,
    0x0, 0xff, 0x9c, 0x9c, 0x9c, 0xb3, 0xe4, 0x35,
    0x38, 0x2d, 0xe, 0x0, 0x0, 0xa0, 0x0, 0x0,
    0x0, 0x0, 0x16, 0x97, 0x4, 0x4, 0x4, 0x65,
    0x4c, 0x6, 0x19, 0x42, 0x7e, 0x44, 0x37, 0xbc,
    0x48, 0x5, 0x0, 0x0, 0x8c, 0xc3, 0x98, 0x98,
    0x98, 0xff, 0x66, 0x5c, 0x49, 0x28, 0x19, 0x26,
    0xc, 0x37, 0xba, 0xe, 0x57, 0x9f, 0xff, 0xae,
    0xad, 0xa5, 0x9d, 0xff, 0x80, 0x6b, 0x56, 0x46,
    0x23, 0x2f, 0x46, 0x3e, 0xbc, 0x0, 0x87, 0xff,
    0xff, 0xff, 0xff, 0xff, 0xff, 0xff, 0xff, 0xff,
    0xff, 0xff, 0xff, 0xf5, 0xd2, 0xa6, 0xe4, 0x3f,
    0x6a, 0x8b, 0x2d, 0x2c, 0x2d, 0x33, 0x3b, 0x43,
    0x4a, 0x55, 0x6c, 0x83, 0x9b, 0xb9, 0xe1, 0xfe,
    0xff, 0xca, 0x32, 0xff, 0xff, 0xff, 0xff, 0xf9,
    0xf1, 0xe9, 0xe1, 0xd5, 0xbd, 0xa5, 0x8c, 0x74,
    0x5b, 0x4c, 0x8f, 0xba, 0x0, 0xd4, 0xff, 0xff,
    0xff, 0xff, 0xff, 0xff, 0xff, 0xff, 0xff, 0xff,
    0xff, 0xff, 0xff, 0xff, 0xff, 0x97, 0x0, 0x45,
    0xfe, 0xff, 0xff, 0xff, 0xff, 0xff, 0xff, 0xff,
    0xff, 0xff, 0xff, 0xff, 0xff, 0xff, 0xff, 0x4d,
    0x0, 0x0, 0x4c, 0xc3, 0xdf, 0xe0, 0xe0, 0xe0,
    0xe0, 0xe0, 0xe0, 0xe0, 0xe0, 0xe0, 0xe0, 0xdc,
    0x8e, 0x0,

    /* U+1F6A8 "🚨" */
    0x0, 0x0, 0x0, 0x0, 0x3b, 0x8c, 0xb7, 0xc6,
    0xca, 0xbc, 0x9d, 0x5d, 0x3, 0x0, 0x0, 0x0,
    0x0, 0x0, 0x0, 0x6c, 0xe4, 0xff, 0xff, 0xfc,
    0xaf, 0xff, 0xff, 0xf9, 0xa6, 0x0, 0x0, 0x0,
    0x0, 0x0, 0x1, 0xea, 0x9a, 0xd8, 0xff, 0xe2,
    0x87, 0xff, 0xfb, 0x7a, 0xfa, 0x3c, 0x0, 0x0,
    0x0, 0x0, 0x2e, 0xff, 0xf9, 0x43, 0xdc, 0xc3,
    0x68, 0xfc, 0x57, 0xc4, 0xff, 0x7f, 0x0, 0x0,
    0x0, 0x0, 0x65, 0xff, 0xff, 0xc1, 0x20, 0x6c,
    0x32, 0x58, 0x66, 0xff, 0xff, 0xb4, 0x0, 0x0,
    0x0, 0x0, 0x92, 0xb3, 0xa4, 0xa6, 0x1e, 0x0,
    0x0, 0x0, 0x89, 0xa5, 0xa3, 0xd1, 0x0, 0x0,
    0x0, 0x0, 0xbe, 0xee, 0x8a, 0x1e, 0x0, 0x0,
    0x0, 0x0, 0x7, 0x62, 0xd3, 0xff, 0xe, 0x0,
    0x0, 0x0, 0xe1, 0xff, 0xff, 0xb0, 0x0, 0x0,
    0x0, 0x0, 0x59, 0xff, 0xff, 0xff, 0x31, 0x0,
    0x0, 0x2, 0xfb, 0xff, 0x9e, 0xd, 0x1b, 0x0,
    0x0, 0xa, 0x14, 0x57, 0xf2, 0xff, 0x4c, 0x0,
    0x0, 0x18, 0xf6, 0x7a, 0x7f, 0xe4, 0x7b, 0x3f,
    0x71, 0x27, 0xf8, 0xa4, 0x61, 0xd1, 0x67, 0x0,
    0x0, 0x27, 0xf0, 0xfb, 0xff, 0xff, 0x37, 0xdf,
    0xff, 0x3a, 0xdc, 0xff, 0xff, 0xec, 0x77, 0x0,
    0x0, 0x4d, 0xff, 0xff, 0xff, 0xe3, 0x78, 0xff,
    0xff, 0xc9, 0x92, 0xff, 0xff, 0xff, 0xa2, 0x0,
    0xe, 0xc8, 0xf6, 0xff, 0xff, 0xb2, 0xf1, 0xff,
    0xff, 0xff, 0xa4, 0xff, 0xff, 0xfd, 0xd0, 0x56,
    0x36, 0x69, 0x9, 0x47, 0x6d, 0x87, 0x95, 0x9c,
    0x9d, 0x97, 0x8d, 0x75, 0x57, 0x1b, 0x1a, 0x89,
    0x57, 0x46, 0x0, 0x0, 0x0, 0x0, 0x0, 0x0,
    0x0, 0x0, 0x0, 0x0, 0x0, 0x0, 0x0, 0xa0,
    0x1a, 0xa1, 0x88, 0x53, 0x2d, 0x14, 0x8, 0x0,
    0x0, 0x5, 0xf, 0x24, 0x45, 0x75, 0xa3, 0x4a,
    0x0, 0x0, 0x1d, 0x52, 0x76, 0x8e, 0x9d, 0xa1,
    0xa1, 0x9f, 0x94, 0x7e, 0x5f, 0x30, 0x1, 0x0,

    /* U+1F6A9 "🚩" */
    0x8c, 0x27, 0x6c, 0x89, 0x92, 0x6e, 0x1a, 0x0,
    0x0, 0x0, 0x0, 0x0, 0x0, 0x0, 0x0, 0x0,
    0x0, 0xc1, 0x8b, 0x39, 0x18, 0xd, 0x33, 0x9d,
    0x71, 0x0, 0x0, 0x0, 0x3c, 0x9c, 0x9c, 0xc6,
    0x89, 0x2, 0x96, 0x2d, 0x0, 0x0, 0x0, 0x0,
    0x0, 0x54, 0xa9, 0x9d, 0xaa, 0x7b, 0xd, 0x79,
    0x81, 0x6, 0x0, 0x76, 0x4d, 0x0, 0x0, 0x0,
    0x0, 0x0, 0x0, 0x0, 0x3, 0x0, 0x0, 0x6a,
    0x75, 0x0, 0x0, 0x0, 0x55, 0x6e, 0x0, 0x0,
    0x0, 0x0, 0x0, 0x0, 0x0, 0x0, 0x0, 0x44,
    0x81, 0x0, 0x0, 0x0, 0x0, 0x35, 0x8e, 0x0,
    0x0, 0x0, 0x0, 0x0, 0x0, 0x0, 0x0, 0x41,
    0x91, 0x0, 0x0, 0x0, 0x0, 0x0, 0x14, 0xaf,
    0x0, 0x0, 0x0, 0x0, 0x0, 0x0, 0xa, 0x80,
    0x8a, 0x4, 0x0, 0x0, 0x0, 0x0, 0x0, 0x0,
    0xc3, 0x0, 0x0, 0x0, 0x3, 0x37, 0x86, 0xa6,
    0x3a, 0x0, 0x0, 0x0, 0x0, 0x0, 0x0, 0x0,
    0x0, 0xc3, 0x0, 0x40, 0x9c, 0xa1, 0x6b, 0x20,
    0x0, 0x0, 0x0, 0x0, 0x0, 0x0, 0x0, 0x0,
    0x0, 0x0, 0xc3, 0xb1, 0x72, 0xc, 0x0, 0x0,
    0x0, 0x0, 0x0, 0x0, 0x0, 0x0, 0x0, 0x0,
    0x0, 0x0, 0x0, 0x9c, 0x53, 0x0, 0x0, 0x0,
    0x0, 0x0, 0x0, 0x0, 0x0, 0x0, 0x0, 0x0,
    0x0, 0x0, 0x0, 0x0, 0x72, 0x51, 0x0, 0x0,
    0x0, 0x0, 0x0, 0x0, 0x0, 0x0, 0x0, 0x0,
    0x0, 0x0, 0x0, 0x0, 0x0, 0x52, 0x72, 0x0,
    0x0, 0x0, 0x0, 0x0, 0x0, 0x0, 0x0, 0x0,
    0x0, 0x0, 0x0, 0x0, 0x0, 0x0, 0x31, 0x92,
    0x0, 0x0, 0x0, 0x0, 0x0, 0x0, 0x0, 0x0,
    0x0, 0x0, 0x0, 0x0, 0x0, 0x0, 0x0, 0x11,
    0xb3, 0x0, 0x0, 0x0, 0x0, 0x0, 0x0, 0x0,
    0x0, 0x0, 0x0, 0x0, 0x0, 0x0, 0x0, 0x0,
    0x0, 0xc3, 0x0, 0x0, 0x0, 0x0, 0x0, 0x0,
    0x0, 0x0, 0x0, 0x0, 0x0, 0x0, 0x0, 0x0,
    0x0, 0x0, 0x3f, 0x0, 0x0, 0x0, 0x0, 0x0,
    0x0, 0x0, 0x0, 0x0, 0x0, 0x0, 0x0, 0x0,
    0x0,

    /* U+1F6AB "🚫" */
    0x0, 0x0, 0x0, 0x0, 0x0, 0x31, 0x7a, 0x99,
    0x9c, 0x7f, 0x39, 0x1, 0x0, 0x0, 0x0, 0x0,
    0x0, 0x0, 0x0, 0x0, 0x33, 0xb1, 0x80, 0x31,
    0xf, 0xc, 0x2c, 0x77, 0xb4, 0x40, 0x0, 0x0,
    0x0, 0x0, 0x0, 0x0, 0x6b, 0xab, 0xf, 0x0,
    0x0, 0x0, 0x0, 0x0, 0x0, 0x9, 0x94, 0x6c,
    0x0, 0x0, 0x0, 0x0, 0x40, 0xde, 0xb6, 0x8,
    0x0, 0x0, 0x0, 0x0, 0x0, 0x0, 0x0, 0x0,
    0x8a, 0x54, 0x0, 0x0, 0x6, 0xb5, 0x6, 0x52,
    0xb3, 0x7, 0x0, 0x0, 0x0, 0x0, 0x0, 0x0,
    0x0, 0x2, 0xb2, 0xf, 0x0, 0x60, 0x55, 0x0,
    0x0, 0x56, 0xb0, 0x6, 0x0, 0x0, 0x0, 0x0,
    0x0, 0x0, 0x0, 0x3f, 0x78, 0x0, 0xa8, 0x8,
    0x0, 0x0, 0x0, 0x5b, 0xad, 0x5, 0x0, 0x0,
    0x0, 0x0, 0x0, 0x0, 0x1, 0xae, 0x0, 0xab,
    0x0, 0x0, 0x0, 0x0, 0x0, 0x5e, 0xaa, 0x4,
    0x0, 0x0, 0x0, 0x0, 0x0, 0x0, 0xa8, 0x0,
    0xab, 0x0, 0x0, 0x0, 0x0, 0x0, 0x0, 0x62,
    0xa7, 0x3, 0x0, 0x0, 0x0, 0x0, 0x0, 0x9e,
    0x9, 0xac, 0x0, 0x0, 0x0, 0x0, 0x0, 0x0,
    0x0, 0x67, 0xa3, 0x2, 0x0, 0x0, 0x0, 0x0,
    0xa8, 0x0, 0xa8, 0x9, 0x0, 0x0, 0x0, 0x0,
    0x0, 0x0, 0x0, 0x6b, 0x9f, 0x2, 0x0, 0x0,
    0x1, 0xae, 0x0, 0x60, 0x57, 0x0, 0x0, 0x0,
    0x0, 0x0, 0x0, 0x0, 0x0, 0x6f, 0x9b, 0x1,
    0x0, 0x3f, 0x78, 0x0, 0x6, 0xb6, 0x7, 0x0,
    0x0, 0x0, 0x0, 0x0, 0x0, 0x0, 0x0, 0x74,
    0x98, 0x3, 0xb2, 0xf, 0x0, 0x0, 0x3f, 0x9a,
    0x1, 0x0, 0x0, 0x0, 0x0, 0x0, 0x0, 0x0,
    0x0, 0x78, 0xff, 0x53, 0x0, 0x0, 0x0, 0x0,
    0x58, 0xa1, 0xe, 0x0, 0x0, 0x0, 0x0, 0x0,
    0x0, 0x8, 0x92, 0x84, 0x0, 0x0, 0x0, 0x0,
    0x0, 0x0, 0x34, 0xb2, 0x7d, 0x2f, 0xd, 0xa,
    0x2a, 0x73, 0xb4, 0x42, 0x0, 0x0, 0x0, 0x0,
    0x0, 0x0, 0x0, 0x0, 0x0, 0x35, 0x7c, 0x9a,
    0x9d, 0x81, 0x3d, 0x2, 0x0, 0x0, 0x0, 0x0,
    0x0,

    /* U+1F6B2 "🚲" */
    0x0, 0x0, 0x2e, 0x96, 0xa0, 0xa0, 0xa1, 0x72,
    0x0, 0x0, 0x0, 0x0, 0x0, 0x0, 0x0, 0x0,
    0x0, 0x0, 0x0, 0x0, 0x0, 0xac, 0xd, 0x0,
    0x53, 0x4a, 0x7b, 0x0, 0x0, 0x80, 0xdc, 0xb9,
    0xa8, 0xa, 0x0, 0x0, 0x0, 0x0, 0x0, 0x0,
    0xb6, 0x26, 0x0, 0x8c, 0x52, 0x43, 0x0, 0x0,
    0x8, 0xd6, 0xff, 0x3a, 0x0, 0x0, 0x0, 0x0,
    0x0, 0x0, 0x0, 0x16, 0x1d, 0x0, 0x8e, 0x48,
    0x8c, 0x8c, 0x8c, 0x8c, 0x3f, 0x97, 0x0, 0x0,
    0x0, 0x0, 0x0, 0x0, 0x0, 0x0, 0x0, 0x0,
    0x31, 0x5e, 0xb5, 0x7c, 0x70, 0x70, 0xb4, 0x31,
    0x7e, 0x23, 0x0, 0x0, 0x0, 0x0, 0x0, 0x0,
    0x1c, 0x91, 0xec, 0xef, 0x6a, 0x59, 0xaa, 0xa,
    0x8, 0x94, 0x8d, 0x65, 0xc9, 0xc1, 0xa6, 0x39,
    0x0, 0x0, 0x22, 0xff, 0x75, 0x8e, 0xb0, 0xf0,
    0xe9, 0x4a, 0xa8, 0x5c, 0x4f, 0x96, 0xff, 0x79,
    0x5e, 0x84, 0xff, 0x4c, 0x0, 0xad, 0xa0, 0x52,
    0x86, 0x83, 0xbf, 0xf4, 0xa2, 0x40, 0xd6, 0x4b,
    0xdd, 0xc1, 0x70, 0x98, 0x6d, 0x2a, 0xdf, 0x3,
    0xfc, 0x1d, 0x7e, 0xff, 0xdc, 0x34, 0xd4, 0x58,
    0xc2, 0xb0, 0xf7, 0xff, 0x7c, 0xcc, 0xcf, 0xc7,
    0x66, 0xff, 0x2c, 0xff, 0x31, 0x7b, 0xbf, 0xba,
    0x2c, 0xd6, 0x43, 0x5c, 0xff, 0xe7, 0xee, 0x8d,
    0xa6, 0xff, 0xad, 0x33, 0xc6, 0x2b, 0xad, 0x95,
    0x52, 0x60, 0x23, 0x7c, 0xe3, 0x32, 0xf2, 0x1c,
    0x0, 0x9a, 0x77, 0x5c, 0x33, 0x41, 0x66, 0xff,
    0x3, 0x21, 0xff, 0x77, 0x8d, 0x4f, 0xff, 0x61,
    0x28, 0xa6, 0x0, 0x0, 0x19, 0xe5, 0xe1, 0x2f,
    0xba, 0xe5, 0x4a, 0x0, 0x0, 0x1c, 0x91, 0xf1,
    0xaa, 0x3e, 0x0, 0x0, 0x0, 0x0, 0x0, 0x0,
    0x18, 0x97, 0xc3, 0xc9, 0x35, 0x0, 0x0,

    /* U+1F6B4 "🚴" */
    0x0, 0x0, 0x0, 0x0, 0x0, 0x45, 0x7a, 0x67,
    0x3, 0x0, 0x0, 0x0, 0x0, 0x0, 0x0, 0x0,
    0x0, 0x0, 0x0, 0x0, 0x4f, 0x45, 0x0, 0x28,
    0x85, 0x0, 0x0, 0x0, 0x0, 0x0, 0x0, 0x0,
    0x0, 0x0, 0x0, 0x0, 0x6d, 0x0, 0x1, 0x1d,
    0xa2, 0x29, 0x0, 0x0, 0x0, 0x0, 0x0, 0x0,
    0x0, 0x0, 0x0, 0x0, 0xb8, 0xff, 0xff, 0xd3,
    0xf5, 0x17, 0x0, 0x0, 0x0, 0x0, 0x0, 0x0,
    0x0, 0x0, 0x0, 0x0, 0x11, 0xd5, 0xff, 0x9d,
    0xff, 0xeb, 0x46, 0x0, 0x0, 0x0, 0x0, 0x0,
    0x0, 0x0, 0x0, 0x0, 0x0, 0x9, 0xb4, 0xff,
    0xff, 0xff, 0xfa, 0x33, 0x0, 0x0, 0x0, 0x0,
    0x0, 0x0, 0x0, 0x2, 0x1e, 0xb1, 0xff, 0xba,
    0xfb, 0xff, 0xff, 0x9f, 0x0, 0x0, 0x0, 0x0,
    0x0, 0x0, 0x0, 0xfe, 0xff, 0xff, 0x4e, 0x0,
    0xaa, 0xff, 0xff, 0xff, 0x56, 0x0, 0x0, 0x0,
    0x0, 0x0, 0x0, 0x76, 0x89, 0xab, 0x85, 0x75,
    0xf3, 0xff, 0xff, 0x5c, 0x9e, 0x0, 0x0, 0x0,
    0x0, 0x0, 0x0, 0x70, 0x17, 0x47, 0x57, 0x9d,
    0xff, 0xe4, 0xc9, 0x6d, 0x1a, 0x0, 0x0, 0x0,
    0x0, 0x0, 0x0, 0x84, 0x7f, 0x58, 0x84, 0xf0,
    0xff, 0x63, 0x46, 0x79, 0x0, 0x0, 0x0, 0x0,
    0x0, 0x52, 0xbd, 0xad, 0xd6, 0xc7, 0x6e, 0xeb,
    0xff, 0xaf, 0x99, 0x88, 0xe1, 0xaf, 0x5c, 0x0,
    0x34, 0x9f, 0x3e, 0x56, 0xa8, 0xb2, 0xac, 0xff,
    0xff, 0x94, 0xcb, 0x74, 0x85, 0x11, 0x94, 0x45,
    0x84, 0x24, 0x74, 0x67, 0x3c, 0xa4, 0x4c, 0xff,
    0xff, 0x84, 0x6c, 0x66, 0x5a, 0x54, 0xe, 0x98,
    0x71, 0x3c, 0x22, 0x72, 0x1, 0xac, 0x53, 0x7c,
    0x69, 0xa9, 0xef, 0x4c, 0x40, 0x4, 0x28, 0x84,
    0x13, 0xbb, 0x2a, 0xc, 0x89, 0x66, 0x11, 0x5b,
    0x5b, 0x13, 0x6e, 0x74, 0xa, 0x29, 0xbc, 0x1b,
    0x0, 0x16, 0x81, 0x98, 0x48, 0x0, 0x0, 0x0,
    0x0, 0x0, 0x0, 0x4d, 0x9a, 0x83, 0x1a, 0x0,

    /* U+1F6E0 "🛠" */
    0x0, 0x0, 0x0, 0x0, 0x0, 0x0, 0xd, 0x5c,
    0x8d, 0x8f, 0x4d, 0x0, 0x12, 0x76, 0x98, 0x5c,
    0x0, 0x0, 0x0, 0x0, 0x0, 0x0, 0x0, 0x3d,
    0xb2, 0x46, 0x47, 0x88, 0x6a, 0x1c, 0xb5, 0x37,
    0x16, 0xc8, 0x23, 0x0, 0x0, 0x0, 0x0, 0x0,
    0x54, 0x96, 0x5, 0x8a, 0x53, 0x4, 0x0, 0x9d,
    0x1d, 0x0, 0xbb, 0x31, 0x0, 0x0, 0x0, 0x0,
    0x0, 0x41, 0x8a, 0x0, 0x0, 0x75, 0x5e, 0x0,
    0x0, 0xa8, 0x0, 0x0, 0xaa, 0x0, 0x34, 0x7f,
    0x0, 0x0, 0x0, 0x7f, 0x1e, 0x0, 0x0, 0x50,
    0x74, 0x0, 0x0, 0xae, 0x0, 0x0, 0x77, 0xaa,
    0x8e, 0xa3, 0x1, 0x73, 0x97, 0xa2, 0xe, 0x0,
    0x88, 0xff, 0xb4, 0x16, 0x17, 0xbe, 0x13, 0x0,
    0x0, 0x1c, 0x8c, 0x40, 0x7c, 0x46, 0x0, 0xc,
    0x9a, 0x72, 0xe0, 0x38, 0x20, 0xc7, 0xb9, 0x20,
    0x49, 0xa9, 0x9d, 0xa5, 0x51, 0x0, 0x68, 0x56,
    0x0, 0xa, 0xa8, 0x0, 0x7, 0xae, 0x46, 0xb2,
    0x14, 0x29, 0xa0, 0x1, 0x0, 0x0, 0x0, 0x0,
    0x2, 0xab, 0x3b, 0x6f, 0x60, 0x0, 0x0, 0x5f,
    0xf2, 0xb, 0x12, 0xca, 0xd, 0x0, 0x0, 0x0,
    0x0, 0x0, 0x0, 0x7, 0x7d, 0x56, 0x0, 0x0,
    0x53, 0x9c, 0x5, 0x4, 0xa7, 0x66, 0x8c, 0x0,
    0x0, 0x0, 0x0, 0x0, 0x0, 0x0, 0x0, 0x0,
    0x0, 0x68, 0x8a, 0x1, 0x0, 0x97, 0x74, 0x0,
    0x5d, 0x7a, 0x0, 0x0, 0x0, 0x0, 0x0, 0x0,
    0x0, 0x0, 0x7d, 0x74, 0x0, 0x0, 0x6b, 0x5f,
    0x9f, 0x2a, 0x0, 0x71, 0x67, 0x0, 0x0, 0x0,
    0x0, 0x0, 0x1, 0x90, 0x5d, 0x0, 0x0, 0x43,
    0x84, 0x0, 0xb, 0xad, 0x13, 0x0, 0x85, 0x53,
    0x0, 0x0, 0x0, 0x0, 0x82, 0x4c, 0x2, 0x0,
    0x25, 0xa0, 0x2, 0x0, 0x0, 0x1d, 0xa9, 0x5,
    0x0, 0x96, 0x42, 0x0, 0x0, 0x0, 0xa0, 0x32,
    0xc9, 0xf, 0xaa, 0xc, 0x0, 0x0, 0x0, 0x0,
    0x39, 0x93, 0x0, 0x3, 0xb4, 0x2, 0x0, 0x0,
    0x9c, 0x1d, 0x1f, 0xa7, 0x20, 0x0, 0x0, 0x0,
    0x0, 0x0, 0x0, 0x5e, 0x72, 0x38, 0xa5, 0x0,
    0x0, 0x0, 0x13, 0x90, 0x8e, 0x21, 0x0, 0x0,
    0x0, 0x0, 0x0, 0x0, 0x0, 0x0, 0x66, 0x86,
    0x7, 0x0,

    /* U+1F6E5 "🛥" */
    0x0, 0x0, 0x0, 0x0, 0x0, 0x0, 0x0, 0x0,
    0x0, 0x25, 0x31, 0x1b, 0x6, 0x0, 0x0, 0x0,
    0x0, 0x0, 0x0, 0x0, 0x0, 0x0, 0x0, 0x0,
    0x0, 0x0, 0x0, 0x0, 0x0, 0xae, 0xc4, 0xe5,
    0x95, 0x0, 0x0, 0x0, 0x0, 0x0, 0x0, 0x0,
    0x0, 0x0, 0x0, 0x0, 0x0, 0x0, 0x0, 0x0,
    0x19, 0xc9, 0xbb, 0xcf, 0x54, 0x3e, 0x27, 0x6,
    0x0, 0x0, 0x0, 0x0, 0xe, 0x28, 0xd, 0x0,
    0x0, 0x0, 0x0, 0x0, 0xa1, 0x3b, 0x81, 0x6b,
    0x45, 0x8b, 0xb9, 0x24, 0x0, 0x0, 0x0, 0x0,
    0x1b, 0xcc, 0x8a, 0xdd, 0x99, 0xd5, 0x3, 0x5d,
    0x64, 0x0, 0x97, 0x7e, 0xe3, 0x26, 0xa1, 0x0,
    0x0, 0x0, 0x0, 0x0, 0x14, 0xf8, 0x97, 0xff,
    0x8a, 0xff, 0x80, 0xff, 0x54, 0x7e, 0x87, 0x4a,
    0x3d, 0x8, 0x96, 0x15, 0x0, 0x0, 0x0, 0x0,
    0x1, 0xaf, 0x19, 0x16, 0x14, 0x15, 0x21, 0x32,
    0x44, 0x66, 0x74, 0x8c, 0x9c, 0x9d, 0xdf, 0xdf,
    0x61, 0x24, 0x0, 0x0, 0x0, 0x4a, 0xdf, 0x77,
    0x7e, 0x84, 0x84, 0x85, 0x86, 0x87, 0x88, 0x89,
    0x79, 0x5b, 0x3d, 0x33, 0x42, 0xd4, 0xae, 0x5b,
    0x0, 0x0, 0x86, 0x51, 0x0, 0x0, 0x0, 0x0,
    0x0, 0x0, 0x0, 0x0, 0x11, 0x30, 0x4f, 0x74,
    0x8e, 0xff, 0xff, 0xa7, 0x0, 0x0, 0x1, 0x89,
    0x7b, 0x9, 0x0, 0x0, 0x0, 0x0, 0x0, 0x0,
    0x0, 0x0, 0x0, 0x0, 0x0, 0x46, 0xff, 0x48,
    0x0, 0x0, 0x0, 0x0, 0x3d, 0x9a, 0x9e, 0x9b,
    0x94, 0x94, 0x94, 0x94, 0x94, 0x94, 0x94, 0x94,
    0x9f, 0x87, 0xfa, 0x54, 0x0, 0x0, 0x0, 0x0,
    0x0, 0x0, 0x0, 0x0, 0x7, 0x8, 0x8, 0x8,
    0x8, 0x8, 0x8, 0x8, 0x7, 0x0, 0xd2, 0x6,
    0x0, 0x0, 0x0, 0x0, 0x0, 0x0, 0x0, 0x0,
    0x0, 0x0, 0x0, 0x0, 0x0, 0x0, 0x0, 0x0,
    0x0, 0x0, 0x7, 0x0,

    /* U+1F6F4 "🛴" */
    0x0, 0x0, 0x0, 0xf, 0x38, 0x10, 0x51, 0x87,
    0x1, 0x0, 0x0, 0x0, 0x0, 0x0, 0x0, 0x0,
    0x0, 0x3, 0x6f, 0x6f, 0xc4, 0x4a, 0xff, 0xff,
    0xff, 0x19, 0x0, 0x0, 0x0, 0x0, 0x0, 0x0,
    0x0, 0x0, 0x12, 0xfe, 0xe0, 0xd6, 0x33, 0xae,
    0x46, 0x40, 0x0, 0x0, 0x0, 0x0, 0x0, 0x0,
    0x0, 0x0, 0x0, 0x0, 0x1f, 0x5, 0x82, 0x7b,
    0x2, 0x0, 0x0, 0x0, 0x0, 0x0, 0x0, 0x0,
    0x0, 0x0, 0x0, 0x0, 0x0, 0x0, 0x0, 0x82,
    0x7e, 0x0, 0x0, 0x0, 0x0, 0x0, 0x0, 0x0,
    0x0, 0x0, 0x0, 0x0, 0x0, 0x0, 0x0, 0x22,
    0xde, 0xe0, 0x0, 0x0, 0x0, 0x0, 0x0, 0x0,
    0x0, 0x0, 0x0, 0x0, 0x0, 0x0, 0x0, 0x0,
    0x66, 0x14, 0xa0, 0x0, 0x0, 0x0, 0x0, 0x0,
    0x0, 0x0, 0x0, 0x0, 0x0, 0x0, 0x0, 0x0,
    0x0, 0x78, 0x23, 0x7f, 0x0, 0x0, 0x0, 0x0,
    0x0, 0x0, 0x0, 0x0, 0x0, 0x0, 0x0, 0x0,
    0x0, 0x0, 0x78, 0x54, 0x4f, 0x0, 0x0, 0x0,
    0x0, 0x0, 0x0, 0x0, 0x0, 0x0, 0x0, 0x0,
    0x0, 0x0, 0x1, 0x75, 0x84, 0x23, 0x0, 0x0,
    0x0, 0x0, 0x0, 0x0, 0x0, 0x0, 0x0, 0x0,
    0x0, 0x0, 0x0, 0x26, 0x52, 0x39, 0x8e, 0x0,
    0x0, 0x0, 0x0, 0x0, 0x0, 0x0, 0x0, 0x6,
    0x3, 0x0, 0x0, 0x0, 0x57, 0x22, 0x56, 0x68,
    0x5b, 0x0, 0x0, 0x0, 0x0, 0x0, 0x7, 0x88,
    0x86, 0x81, 0x88, 0xd, 0x0, 0x9b, 0x11, 0xc2,
    0x56, 0x92, 0x2c, 0x0, 0x0, 0x0, 0x0, 0x83,
    0x22, 0x54, 0x86, 0xbb, 0x8, 0x48, 0xff, 0x34,
    0xd7, 0xaa, 0x31, 0xc5, 0x8f, 0x74, 0x74, 0x77,
    0xc1, 0xa1, 0xff, 0xaa, 0x1e, 0x0, 0xb4, 0xaa,
    0x8c, 0xff, 0x4e, 0xd5, 0x29, 0x66, 0x6f, 0x70,
    0x70, 0x70, 0x9a, 0xb5, 0x88, 0xa9, 0x0, 0x95,
    0x9c, 0x5f, 0xcc, 0xf, 0x42, 0x94, 0x82, 0x80,
    0x80, 0x80, 0x80, 0xd1, 0xd8, 0x5e, 0xa6, 0x0,
    0x8, 0x8f, 0xae, 0x37, 0x0, 0x0, 0x0, 0x0,
    0x0, 0x0, 0x0, 0x0, 0x1a, 0xa0, 0x9f, 0x1a,
    0x0,

    /* U+1F6F5 "🛵" */
    0x0, 0x0, 0x0, 0x0, 0x0, 0x0, 0x0, 0x21,
    0x4c, 0x0, 0x0, 0x0, 0x0, 0x0, 0x0, 0x0,
    0x0, 0x0, 0x0, 0x0, 0x0, 0x0, 0x0, 0x0,
    0x0, 0xa7, 0x9d, 0x0, 0x0, 0x0, 0x0, 0x0,
    0x0, 0x0, 0x0, 0x0, 0x0, 0x0, 0x0, 0x0,
    0x4a, 0x95, 0x9d, 0xb9, 0x1d, 0x0, 0x0, 0x0,
    0x0, 0x0, 0x0, 0x0, 0x0, 0x0, 0x0, 0x0,
    0x0, 0x0, 0x5a, 0xaa, 0x3, 0xca, 0xbd, 0x93,
    0x18, 0x0, 0x0, 0x0, 0x0, 0x0, 0x0, 0x0,
    0x0, 0x0, 0x0, 0x0, 0x34, 0x80, 0xb3, 0xc9,
    0x38, 0x20, 0x3, 0x0, 0x0, 0x0, 0x0, 0x0,
    0x0, 0x0, 0x0, 0x0, 0x0, 0x0, 0x43, 0xb7,
    0xb8, 0xd0, 0x0, 0x0, 0x0, 0x0, 0x0, 0x0,
    0x0, 0x0, 0x0, 0x0, 0x0, 0x0, 0x0, 0xa,
    0xaa, 0x2, 0x67, 0x3a, 0x0, 0x0, 0x0, 0x0,
    0x0, 0x36, 0x40, 0x1b, 0x0, 0x0, 0x0, 0x0,
    0x0, 0x6a, 0x39, 0x0, 0x9a, 0x2, 0x1, 0x77,
    0x80, 0x80, 0xc7, 0xff, 0xff, 0x96, 0x0, 0x0,
    0x0, 0x0, 0x0, 0xa3, 0x0, 0x0, 0xa1, 0x0,
    0x8, 0xff, 0xff, 0xff, 0xff, 0xff, 0xff, 0xcd,
    0x14, 0x0, 0x0, 0x0, 0x0, 0x99, 0x0, 0x0,
    0xa0, 0x0, 0x0, 0x42, 0x5f, 0x0, 0x0, 0x0,
    0x1, 0xc6, 0xb3, 0x0, 0x0, 0x37, 0xa4, 0x58,
    0x0, 0x0, 0xae, 0x0, 0x0, 0x12, 0x91, 0x0,
    0x0, 0x0, 0x0, 0x22, 0xa0, 0x0, 0x15, 0xe0,
    0x92, 0x46, 0x0, 0x0, 0xb9, 0x5a, 0x2, 0x4a,
    0x96, 0x0, 0x0, 0x0, 0x0, 0x0, 0x99, 0x12,
    0x18, 0xf4, 0xc1, 0xff, 0xf2, 0x17, 0x48, 0xfd,
    0xfc, 0xff, 0x69, 0x0, 0xf, 0x1b, 0x22, 0x2a,
    0x6c, 0x5e, 0x87, 0x3d, 0x6a, 0xa0, 0xcd, 0x94,
    0x1e, 0x30, 0x4a, 0x3c, 0x3, 0x68, 0xff, 0x97,
    0xc6, 0x8a, 0xe1, 0x32, 0x9d, 0x1f, 0x8d, 0x4f,
    0xb9, 0xe, 0x8b, 0x9f, 0xa1, 0xa3, 0xac, 0x7b,
    0xb8, 0x41, 0x9c, 0x15, 0xa8, 0x0, 0x46, 0x9d,
    0x15, 0x4f, 0xa0, 0x0, 0x0, 0x4, 0x1, 0x0,
    0x0, 0x0, 0x9a, 0x55, 0x13, 0x94, 0x4a, 0x0,
    0x0, 0x4d, 0xa9, 0x86, 0x8, 0x0, 0x0, 0x0,
    0x0, 0x0, 0x0, 0x0, 0x5, 0x80, 0xaa, 0x50,
    0x0, 0x0,

    /* U+1F6F8 "🛸" */
    0x0, 0x0, 0x0, 0x0, 0x0, 0x0, 0x0, 0x0,
    0x0, 0x1, 0x0, 0x0, 0x0, 0x0, 0x0, 0x0,
    0x0, 0x0, 0x0, 0x0, 0x0, 0x0, 0x0, 0x5,
    0x86, 0xa1, 0x9a, 0xa7, 0x52, 0x0, 0x0, 0x0,
    0x0, 0x0, 0x0, 0x0, 0x0, 0x0, 0x0, 0x0,
    0x8d, 0x31, 0x0, 0x75, 0x7f, 0x85, 0x50, 0x0,
    0x0, 0x0, 0x0, 0x0, 0x12, 0x36, 0x59, 0x7c,
    0x9c, 0xe9, 0x80, 0x55, 0x9a, 0x3e, 0x1, 0xab,
    0x0, 0x0, 0x0, 0x0, 0xf7, 0xed, 0x67, 0x43,
    0x1e, 0x3, 0x3a, 0xe8, 0xff, 0xff, 0xa0, 0x24,
    0xa3, 0x0, 0x0, 0x0, 0x0, 0x8a, 0x88, 0xab,
    0x41, 0x0, 0x0, 0x0, 0xc, 0x77, 0xcf, 0xfe,
    0xf9, 0xf3, 0x0, 0x0, 0x0, 0x0, 0x20, 0x98,
    0xc, 0x77, 0xb0, 0x56, 0x6, 0x0, 0x0, 0x0,
    0x8, 0x1f, 0x8c, 0x4e, 0x0, 0x0, 0x0, 0x0,
    0x89, 0x4d, 0x0, 0x4b, 0x64, 0xa9, 0x8f, 0x34,
    0x0, 0x0, 0x0, 0x0, 0x87, 0x33, 0x0, 0x0,
    0x0, 0x6, 0xac, 0x36, 0x6c, 0x16, 0x2, 0x49,
    0x71, 0xa5, 0x91, 0x4e, 0xf, 0x2, 0x92, 0x1b,
    0x0, 0x0, 0x0, 0x7, 0x92, 0x81, 0xe, 0x12,
    0x92, 0x0, 0x6, 0x51, 0x55, 0x91, 0xa0, 0xa8,
    0xff, 0x0, 0x0, 0x0, 0x0, 0x0, 0x37, 0xa1,
    0x8f, 0x38, 0x2, 0x15, 0x80, 0x0, 0x0, 0x2f,
    0xa0, 0x72, 0x0, 0x0, 0x0, 0x0, 0x0, 0x0,
    0x0, 0x1c, 0x71, 0xa8, 0xa2, 0x92, 0x97, 0xa2,
    0x7b, 0x14, 0x0, 0x0, 0x0, 0x0, 0x0, 0x0,
    0x0, 0x0, 0x0, 0x0, 0x0, 0x0, 0xe, 0x6,
    0x0, 0x0, 0x0, 0x0, 0x0,

    /* U+1F90C "🤌" */
    0x0, 0x0, 0x0, 0x0, 0x0, 0x0, 0x0, 0x0,
    0x0, 0x1e, 0x6d, 0x5a, 0x0, 0x0, 0x0, 0x0,
    0x0, 0x0, 0x0, 0x0, 0x0, 0x0, 0x7, 0x30,
    0xb3, 0xda, 0x68, 0x7d, 0x0, 0x0, 0x0, 0x0,
    0x0, 0x0, 0x0, 0x0, 0x0, 0x9a, 0xb0, 0xff,
    0x50, 0x85, 0x63, 0x82, 0x0, 0x0, 0x0, 0x0,
    0x0, 0x0, 0x0, 0x25, 0x83, 0x84, 0x45, 0x81,
    0x64, 0x68, 0x64, 0x69, 0x0, 0x0, 0x0, 0x0,
    0x0, 0x0, 0x9c, 0x1a, 0x6e, 0x3a, 0x9d, 0x15,
    0x8c, 0x27, 0xa5, 0x0, 0x0, 0x0, 0x0, 0x0,
    0x62, 0x66, 0x0, 0x8e, 0xaf, 0x29, 0x88, 0x1a,
    0x87, 0xa0, 0x0, 0x0, 0x0, 0x0, 0x37, 0x94,
    0x0, 0xb, 0xaa, 0xa2, 0x3, 0xa0, 0x3, 0x9e,
    0xac, 0x0, 0x0, 0x0, 0xd, 0xad, 0x6, 0x10,
    0xe0, 0xc8, 0xff, 0x1d, 0x69, 0x36, 0x49, 0xff,
    0x0, 0x0, 0x0, 0x7c, 0x34, 0x0, 0x1f, 0x49,
    0xd, 0x83, 0x51, 0x3b, 0x52, 0xc, 0xff, 0x0,
    0x0, 0x7, 0xa5, 0x0, 0x0, 0xb, 0x7d, 0xa9,
    0xa0, 0x9a, 0x0, 0x0, 0x28, 0x7c, 0x0, 0x0,
    0x44, 0x5f, 0x0, 0x14, 0xae, 0x36, 0x0, 0x0,
    0x6, 0x0, 0x0, 0x79, 0x34, 0x0, 0x0, 0x99,
    0x1c, 0x0, 0x9d, 0x20, 0x0, 0x0, 0x0, 0x0,
    0x0, 0x3a, 0x9a, 0x0, 0x0, 0x76, 0x68, 0x0,
    0x1, 0x32, 0x0, 0x0, 0x0, 0x0, 0x0, 0x55,
    0xa2, 0x5, 0x0, 0xf, 0x64, 0x0, 0x0, 0x0,
    0x0, 0x0, 0x0, 0x0, 0x2d, 0xa2, 0x72, 0x1,
    0x0, 0x0, 0x0, 0x0, 0x0, 0x0, 0x0, 0x0,
    0x0, 0x45, 0xa6, 0x85, 0x17, 0x0, 0x0, 0x0,
    0x0, 0x0, 0x0, 0x0, 0x0, 0x0, 0x0, 0x85,
    0x79, 0x7, 0x0, 0x0, 0x0, 0x0, 0x0, 0x0,
    0x0, 0x0, 0x0, 0x0, 0x0, 0xd, 0x50, 0x0,
    0x0, 0x0, 0x0, 0x0, 0x0, 0x0, 0x0,

    /* U+1F90D "🤍" */
    0x0, 0x0, 0x10, 0x6d, 0x98, 0x89, 0x41, 0x0,
    0x0, 0x0, 0x0, 0x23, 0x78, 0x99, 0x81, 0x2a,
    0x0, 0x0, 0x0, 0x32, 0xaf, 0x3e, 0xa, 0x19,
    0x6c, 0xa6, 0x12, 0x0, 0x7a, 0x91, 0x2c, 0x7,
    0x25, 0x92, 0x6f, 0x0, 0x7, 0xa4, 0x7, 0x0,
    0x0, 0x0, 0x0, 0x24, 0xa8, 0x6f, 0x5c, 0x0,
    0x0, 0x0, 0x0, 0x0, 0x81, 0x42, 0x67, 0x44,
    0x0, 0x0, 0x0, 0x0, 0x0, 0x0, 0x4e, 0x9b,
    0x0, 0x0, 0x0, 0x0, 0x0, 0x0, 0x7, 0xa5,
    0x9c, 0x6, 0x0, 0x0, 0x0, 0x0, 0x0, 0x0,
    0x0, 0x14, 0x0, 0x0, 0x0, 0x0, 0x0, 0x0,
    0x0, 0xa3, 0x9a, 0x5, 0x0, 0x0, 0x0, 0x0,
    0x0, 0x0, 0x0, 0x0, 0x0, 0x0, 0x0, 0x0,
    0x0, 0x0, 0x0, 0xa0, 0x79, 0x2a, 0x0, 0x0,
    0x0, 0x0, 0x0, 0x0, 0x0, 0x0, 0x0, 0x0,
    0x0, 0x0, 0x0, 0x0, 0x0, 0xa3, 0x28, 0x82,
    0x0, 0x0, 0x0, 0x0, 0x0, 0x0, 0x0, 0x0,
    0x0, 0x0, 0x0, 0x0, 0x0, 0x0, 0x34, 0x77,
    0x0, 0xa6, 0x11, 0x0, 0x0, 0x0, 0x0, 0x0,
    0x0, 0x0, 0x0, 0x0, 0x0, 0x0, 0x0, 0x0,
    0xa0, 0x16, 0x0, 0x2d, 0x99, 0x0, 0x0, 0x0,
    0x0, 0x0, 0x0, 0x0, 0x0, 0x0, 0x0, 0x0,
    0x0, 0x4e, 0x75, 0x0, 0x0, 0x0, 0x6c, 0x64,
    0x0, 0x0, 0x0, 0x0, 0x0, 0x0, 0x0, 0x0,
    0x0, 0x0, 0x25, 0xa6, 0x2, 0x0, 0x0, 0x0,
    0x0, 0x90, 0x47, 0x0, 0x0, 0x0, 0x0, 0x0,
    0x0, 0x0, 0x0, 0x14, 0xae, 0x10, 0x0, 0x0,
    0x0, 0x0, 0x0, 0x2, 0x95, 0x42, 0x0, 0x0,
    0x0, 0x0, 0x0, 0x0, 0x14, 0xa9, 0x19, 0x0,
    0x0, 0x0, 0x0, 0x0, 0x0, 0x0, 0x1, 0x8d,
    0x52, 0x0, 0x0, 0x0, 0x0, 0x1f, 0xa8, 0x17,
    0x0, 0x0, 0x0, 0x0, 0x0, 0x0, 0x0, 0x0,
    0x0, 0x0, 0x76, 0x71, 0x0, 0x0, 0x37, 0xa2,
    0xe, 0x0, 0x0, 0x0, 0x0, 0x0, 0x0, 0x0,
    0x0, 0x0, 0x0, 0x0, 0x0, 0x51, 0x94, 0x66,
    0x89, 0x3, 0x0, 0x0, 0x0, 0x0, 0x0, 0x0,
    0x0, 0x0, 0x0, 0x0, 0x0, 0x0, 0x0, 0x0,
    0x29, 0x56, 0x0, 0x0, 0x0, 0x0, 0x0, 0x0,
    0x0, 0x0,

    /* U+1F90E "🤎" */
    0x0, 0x0, 0x10, 0x6d, 0xae, 0xaf, 0x3e, 0x0,
    0x0, 0x0, 0x0, 0x20, 0x78, 0xcf, 0x81, 0x2a,
    0x0, 0x0, 0x0, 0x32, 0xe6, 0x9b, 0xb, 0x95,
    0xa5, 0xa3, 0x10, 0x0, 0x77, 0xfc, 0x33, 0x52,
    0x90, 0x92, 0x6f, 0x0, 0x7, 0xff, 0x82, 0xc4,
    0xe3, 0x78, 0xe7, 0xe4, 0xdf, 0xa5, 0xef, 0x90,
    0xff, 0x85, 0xb2, 0xf2, 0xf8, 0x42, 0x67, 0x65,
    0x87, 0x7, 0x3d, 0x78, 0x0, 0x61, 0xa5, 0xa4,
    0x8a, 0x21, 0xf, 0x8d, 0x16, 0x2b, 0x8d, 0xa9,
    0xf7, 0xa2, 0x8f, 0xff, 0x84, 0xa8, 0xfb, 0x7a,
    0xcc, 0xf0, 0x7b, 0xfa, 0xa4, 0x80, 0xff, 0x99,
    0x96, 0xff, 0x9d, 0x86, 0x30, 0xf, 0x8d, 0x13,
    0x24, 0x8a, 0x6, 0x45, 0x6e, 0x0, 0x78, 0x38,
    0x3, 0x82, 0x2e, 0xa0, 0x99, 0xa2, 0xec, 0xb6,
    0x81, 0xff, 0x94, 0x92, 0xff, 0x84, 0xaf, 0xf3,
    0x79, 0xe3, 0xbd, 0x78, 0xee, 0xff, 0x28, 0xf5,
    0x0, 0x66, 0x4c, 0x4, 0x85, 0x27, 0x11, 0x8f,
    0x13, 0x2b, 0x85, 0x3, 0x5d, 0x52, 0x33, 0x87,
    0x0, 0xff, 0xff, 0x7a, 0xcf, 0xd2, 0x79, 0xf4,
    0xab, 0x82, 0xff, 0x94, 0x97, 0xff, 0x80, 0xc7,
    0xff, 0x16, 0x0, 0x2d, 0xc1, 0x8a, 0x5, 0x49,
    0x68, 0x0, 0x70, 0x41, 0x5, 0x87, 0x27, 0x16,
    0x8e, 0x5c, 0x7e, 0x0, 0x0, 0x0, 0x72, 0xf7,
    0xff, 0x83, 0xb2, 0xed, 0x78, 0xdb, 0xc6, 0x79,
    0xf6, 0xaa, 0xab, 0xff, 0x2, 0x0, 0x0, 0x0,
    0x0, 0x90, 0x5a, 0x91, 0x12, 0x2d, 0x80, 0x2,
    0x56, 0x5c, 0x0, 0x86, 0xd8, 0x10, 0x0, 0x0,
    0x0, 0x0, 0x0, 0x2, 0xae, 0xc6, 0xff, 0x93,
    0x99, 0xff, 0x7f, 0xc0, 0xf7, 0xee, 0x1a, 0x0,
    0x0, 0x0, 0x0, 0x0, 0x0, 0x0, 0x1, 0x8d,
    0x59, 0x8a, 0x26, 0x16, 0x8b, 0x2c, 0xd0, 0x18,
    0x0, 0x0, 0x0, 0x0, 0x0, 0x0, 0x0, 0x0,
    0x0, 0x0, 0x76, 0xe1, 0xfa, 0xaa, 0xbe, 0xff,
    0xe, 0x0, 0x0, 0x0, 0x0, 0x0, 0x0, 0x0,
    0x0, 0x0, 0x0, 0x0, 0x0, 0x51, 0x94, 0xdb,
    0x97, 0x3, 0x0, 0x0, 0x0, 0x0, 0x0, 0x0,
    0x0, 0x0, 0x0, 0x0, 0x0, 0x0, 0x0, 0x0,
    0x29, 0x56, 0x0, 0x0, 0x0, 0x0, 0x0, 0x0,
    0x0, 0x0,

    /* U+1F90F "🤏" */
    0x0, 0x0, 0x0, 0x0, 0x0, 0x0, 0x8, 0x9,
    0xa7, 0xa0, 0xa0, 0x6a, 0x3, 0x0, 0x0, 0x0,
    0x0, 0x0, 0x0, 0x0, 0x0, 0x0, 0x47, 0x81,
    0x69, 0xde, 0x5f, 0x23, 0x7b, 0xa7, 0xcd, 0x22,
    0x0, 0x0, 0x0, 0x0, 0x0, 0x0, 0x1a, 0x89,
    0x55, 0x0, 0x0, 0x9a, 0x1e, 0xac, 0x27, 0x42,
    0x9c, 0xff, 0x66, 0x0, 0x0, 0x0, 0xc, 0x88,
    0x7e, 0x13, 0x0, 0x11, 0x56, 0xb9, 0xc, 0x92,
    0x0, 0x0, 0x0, 0x0, 0x79, 0x6d, 0x0, 0x0,
    0x85, 0x2b, 0x0, 0x0, 0x22, 0xcd, 0xa8, 0xbb,
    0x11, 0x8d, 0x0, 0x69, 0x9d, 0x9d, 0x6f, 0x77,
    0x4f, 0x0, 0x5a, 0x9d, 0x6f, 0xa2, 0x99, 0x1b,
    0x45, 0xd2, 0x17, 0x9a, 0x4, 0xa3, 0x0, 0x0,
    0x0, 0x1, 0xab, 0x4, 0x0, 0x4b, 0x88, 0x3c,
    0x0, 0x0, 0x0, 0x40, 0xd9, 0xe0, 0x3, 0x9b,
    0x0, 0x9, 0x0, 0x0, 0x5c, 0x49, 0x4b, 0x94,
    0x56, 0x78, 0xa7, 0x6e, 0x1d, 0x54, 0x6a, 0x9c,
    0x5a, 0xd0, 0x10, 0xa3, 0x78, 0x0, 0x21, 0x80,
    0x3d, 0x90, 0x10, 0x0, 0x0, 0x36, 0x77, 0x62,
    0x3, 0x7, 0x44, 0xba, 0x15, 0x28, 0x9d, 0x0,
    0x8, 0x97, 0x0, 0x2b, 0x93, 0x8d, 0x16, 0x0,
    0x0, 0x0, 0x0, 0x0, 0x0, 0x66, 0xff, 0x85,
    0x16, 0x0, 0xd, 0x93, 0x0, 0x0, 0x0, 0x1c,
    0xa9, 0x1d, 0x0, 0x0, 0x0, 0x0, 0x35, 0x90,
    0x2, 0x0, 0x0, 0x0, 0x40, 0x67, 0x0, 0x0,
    0x0, 0x0, 0x13, 0xad, 0x8, 0x0, 0x0, 0x0,
    0x41, 0x6, 0x0, 0x0, 0x0, 0x0, 0xa0, 0x14,
    0x0, 0x0, 0x0, 0x0, 0x0, 0x35, 0xa0, 0x4,
    0x0, 0x0, 0x0, 0x0, 0x0, 0x0, 0x0, 0x5f,
    0x6e, 0x0, 0x0, 0x0, 0x0, 0x0, 0x0, 0x0,
    0x3e, 0xab, 0x2e, 0x0, 0x0, 0x0, 0x0, 0xb,
    0x82, 0x81, 0x0, 0x0, 0x0, 0x0, 0x0, 0x0,
    0x0, 0x0, 0x0, 0x18, 0x8a, 0xa3, 0x9e, 0x99,
    0xa2, 0x9e, 0x38, 0x0, 0x0, 0x0, 0x0, 0x0,
    0x0, 0x0, 0x0, 0x0, 0x0, 0x0, 0x0, 0x0,
    0x1, 0x6, 0x0, 0x0, 0x0, 0x0, 0x0, 0x0,

    /* U+1F914 "🤔" */
    0x0, 0x0, 0x0, 0x0, 0x0, 0xcf, 0xea, 0xa7,
    0xa0, 0x9f, 0x81, 0x2e, 0x0, 0x0, 0x0, 0x0,
    0x0, 0x0, 0x0, 0x0, 0x28, 0xa8, 0x7d, 0x67,
    0xb0, 0x14, 0x0, 0x25, 0x81, 0xa1, 0x1b, 0x0,
    0x0, 0x0, 0x0, 0x0, 0x41, 0xa1, 0xd, 0x19,
    0x11, 0xb, 0x0, 0x48, 0x89, 0x6a, 0x30, 0xaf,
    0x2f, 0x0, 0x0, 0x0, 0x26, 0xa3, 0x2, 0x2,
    0xe8, 0xc8, 0x0, 0x0, 0x13, 0x1a, 0x3e, 0x69,
    0xa, 0xb0, 0x16, 0x0, 0x0, 0xa5, 0x11, 0x0,
    0x1, 0xe3, 0xc1, 0x0, 0x0, 0x2, 0xb0, 0x74,
    0x0, 0x0, 0x22, 0x93, 0x0, 0x2c, 0x7e, 0x0,
    0x0, 0x0, 0x10, 0xa, 0x0, 0x0, 0x13, 0xfe,
    0xc9, 0x0, 0x0, 0x0, 0x96, 0x15, 0x79, 0x2b,
    0x0, 0x0, 0x0, 0x0, 0x0, 0x0, 0x0, 0x0,
    0x57, 0x33, 0x0, 0x0, 0x0, 0x45, 0x60, 0x9d,
    0x3, 0x0, 0x0, 0x0, 0x0, 0x0, 0x9, 0x0,
    0x0, 0x0, 0x0, 0x0, 0x0, 0x0, 0x17, 0x89,
    0xa2, 0x0, 0x0, 0x0, 0x0, 0x68, 0x97, 0x98,
    0xac, 0x9b, 0x1f, 0x0, 0x0, 0x0, 0x0, 0x6,
    0x99, 0xee, 0x6c, 0x0, 0x0, 0x0, 0x0, 0x0,
    0x0, 0x0, 0x21, 0x4b, 0x0, 0x0, 0x0, 0x0,
    0x1b, 0x84, 0x99, 0x44, 0x62, 0x0, 0x49, 0x9f,
    0x9e, 0xa7, 0x71, 0x0, 0x0, 0x0, 0x0, 0x0,
    0x0, 0x55, 0x53, 0x8f, 0x3, 0x83, 0x96, 0x60,
    0x7, 0x2d, 0x77, 0x56, 0x0, 0x0, 0x0, 0x0,
    0x0, 0x0, 0xa4, 0xb, 0x63, 0x28, 0x0, 0x0,
    0x18, 0xd3, 0x6e, 0xc, 0x0, 0x0, 0x0, 0x0,
    0x0, 0x0, 0x3f, 0x7e, 0x0, 0x70, 0x1c, 0x0,
    0x0, 0x25, 0x4a, 0x73, 0x0, 0x0, 0x0, 0x0,
    0x0, 0x0, 0x1e, 0xb1, 0x8, 0x0, 0x68, 0x23,
    0x0, 0x0, 0x0, 0x7e, 0x89, 0x0, 0x0, 0x0,
    0x0, 0x0, 0x3d, 0xb1, 0x17, 0x0, 0x0, 0x25,
    0x84, 0x0, 0x0, 0x0, 0x6e, 0xc6, 0x16, 0x9,
    0x1d, 0x53, 0xa3, 0x81, 0x8, 0x0, 0x0, 0x0,
    0x0, 0x52, 0x97, 0x8c, 0x92, 0x8e, 0x6e, 0x89,
    0x96, 0x83, 0x53, 0xc, 0x0, 0x0, 0x0, 0x0,
    0x0,

    /* U+1F918 "🤘" */
    0x0, 0x0, 0x0, 0x0, 0x0, 0x0, 0x0, 0x0,
    0x0, 0x3c, 0x92, 0x3b, 0x0, 0x0, 0x0, 0x0,
    0x0, 0x0, 0x0, 0x0, 0x0, 0x4, 0xad, 0x12,
    0xa7, 0x0, 0x0, 0x0, 0x0, 0x0, 0x0, 0x0,
    0x0, 0x0, 0x21, 0x81, 0x0, 0xa1, 0x0, 0x28,
    0xac, 0xb0, 0x39, 0x0, 0x0, 0x0, 0x0, 0x3c,
    0x65, 0x0, 0xa2, 0x0, 0x85, 0x1a, 0xf, 0x9c,
    0x0, 0x0, 0x0, 0x0, 0x57, 0x4a, 0x0, 0xa1,
    0x0, 0x78, 0x27, 0x0, 0xa5, 0x0, 0x0, 0x0,
    0x0, 0x71, 0x2f, 0x2, 0x9e, 0x0, 0x5e, 0x40,
    0x0, 0xec, 0xac, 0xb7, 0xc1, 0xa6, 0xff, 0x13,
    0x19, 0x88, 0x0, 0x44, 0x59, 0x0, 0xff, 0x3,
    0x25, 0xba, 0x0, 0xb4, 0x0, 0x35, 0x6c, 0x0,
    0x29, 0x73, 0x0, 0xff, 0xc, 0x2b, 0xeb, 0x68,
    0xff, 0x4c, 0x57, 0x4f, 0x0, 0xf, 0x8c, 0x0,
    0x86, 0xad, 0x80, 0x49, 0x36, 0x36, 0x61, 0xff,
    0x42, 0x0, 0x0, 0x9e, 0x0, 0x43, 0xf6, 0x0,
    0x0, 0x0, 0x0, 0x0, 0x3a, 0x81, 0x0, 0x0,
    0x9e, 0x0, 0x0, 0x71, 0xa0, 0x9d, 0x83, 0x23,
    0x0, 0x1, 0xa2, 0x0, 0x0, 0x9c, 0x0, 0x0,
    0x0, 0x0, 0x2, 0x98, 0xe6, 0x21, 0x3, 0x99,
    0x0, 0x0, 0x82, 0x1f, 0x0, 0x0, 0x0, 0xf,
    0x97, 0x7, 0x1, 0x40, 0x67, 0x0, 0x0, 0x1d,
    0x9b, 0x0, 0x0, 0x0, 0x4, 0xe, 0x0, 0xc,
    0xad, 0xc, 0x0, 0x0, 0x0, 0x4e, 0xa4, 0x3a,
    0x7, 0x0, 0x15, 0x5a, 0xac, 0x29, 0x0, 0x0,
    0x0, 0x0, 0x0, 0x16, 0x6c, 0x99, 0x9d, 0x89,
    0x4b, 0x5, 0x0, 0x0, 0x0,

    /* U+1F919 "🤙" */
    0x0, 0x0, 0x0, 0x0, 0x0, 0x0, 0x86, 0xaf,
    0x48, 0x0, 0x0, 0x0, 0x0, 0x0, 0x0, 0x0,
    0x0, 0x0, 0x0, 0x0, 0x0, 0x0, 0xa0, 0x2,
    0xa3, 0x0, 0x0, 0x0, 0x0, 0x0, 0x0, 0x0,
    0x0, 0x0, 0x0, 0x0, 0x0, 0x0, 0xa0, 0x0,
    0x9d, 0x0, 0x0, 0x0, 0x0, 0x0, 0x0, 0x0,
    0x0, 0x0, 0x0, 0x0, 0x0, 0x2f, 0x86, 0x0,
    0xa7, 0x0, 0x0, 0x0, 0x0, 0x0, 0x0, 0x0,
    0x0, 0x0, 0x0, 0x0, 0x1f, 0xaa, 0x9, 0x12,
    0x8f, 0x0, 0x0, 0x0, 0x0, 0x0, 0x0, 0x0,
    0x0, 0x0, 0x0, 0x42, 0xa5, 0x12, 0x0, 0x4c,
    0xa6, 0x9f, 0x9b, 0x83, 0x14, 0x0, 0x0, 0x0,
    0x1e, 0x32, 0x6e, 0x82, 0x3, 0x0, 0x0, 0x0,
    0x0, 0x0, 0x0, 0x1f, 0x98, 0x33, 0x0, 0x0,
    0xa0, 0x67, 0x4f, 0x0, 0x0, 0x0, 0x0, 0x0,
    0x0, 0x0, 0x7e, 0x69, 0x1b, 0xa4, 0x0, 0x0,
    0xa0, 0x0, 0x0, 0x0, 0x0, 0x0, 0x0, 0x0,
    0x0, 0x0, 0xf, 0x37, 0x85, 0xbb, 0x0, 0x0,
    0xa0, 0x0, 0x0, 0x0, 0x0, 0x0, 0x0, 0x0,
    0x0, 0x0, 0x0, 0x0, 0x0, 0x79, 0x2d, 0x0,
    0xa0, 0x0, 0x0, 0x0, 0x0, 0x0, 0x0, 0x0,
    0x0, 0x0, 0x89, 0xa1, 0x9f, 0xba, 0x12, 0x0,
    0xa0, 0x0, 0x0, 0x0, 0x0, 0x0, 0x0, 0x0,
    0x0, 0x0, 0x0, 0x0, 0xf, 0xad, 0x0, 0x0,
    0xa0, 0x2c, 0x21, 0x0, 0x0, 0x0, 0x0, 0x0,
    0x0, 0x0, 0x0, 0x2, 0x29, 0xa5, 0x0, 0x0,
    0x48, 0x74, 0x85, 0xa3, 0x4e, 0x4, 0x0, 0x0,
    0x0, 0x0, 0x85, 0xe6, 0xcc, 0x20, 0x0, 0x0,
    0x0, 0x0, 0x0, 0x6, 0x5c, 0xa4, 0x92, 0x44,
    0x8, 0x0, 0x0, 0x3, 0x46, 0x90, 0x8b, 0x1c,
    0x0, 0x0, 0x0, 0x0, 0x0, 0x0, 0x14, 0x61,
    0x9d, 0xa5, 0x82, 0x50, 0x22, 0x5, 0x12, 0xac,
    0x0, 0x0, 0x0, 0x0, 0x0, 0x0, 0x0, 0x0,
    0x0, 0x1, 0x23, 0x52, 0x7d, 0x9a, 0x9f, 0x4a,

    /* U+1F91D "🤝" */
    0x19, 0xad, 0x6e, 0x7, 0x0, 0x0, 0x0, 0x0,
    0x0, 0x0, 0x0, 0x0, 0x0, 0x4, 0x2d, 0x78,
    0xac, 0x52, 0x77, 0x2a, 0x48, 0xa5, 0x9e, 0x8f,
    0x9d, 0xb3, 0xff, 0xde, 0xa1, 0xa0, 0xa1, 0x9f,
    0x7d, 0x3b, 0x0, 0xa0, 0x9e, 0x3, 0x0, 0x0,
    0x3, 0x10, 0x6f, 0xb2, 0x34, 0x0, 0x0, 0x0,
    0x0, 0x0, 0x0, 0x0, 0x0, 0xa1, 0xa1, 0x0,
    0x0, 0x0, 0x0, 0x77, 0x65, 0x0, 0x0, 0xe,
    0x27, 0x4, 0x0, 0x0, 0x0, 0x0, 0x0, 0xa0,
    0x9e, 0x4, 0x0, 0x0, 0x0, 0x7b, 0x44, 0x3a,
    0xa3, 0xac, 0x90, 0xb0, 0x15, 0x0, 0x0, 0x0,
    0x0, 0xa2, 0x7c, 0x2c, 0x0, 0x0, 0x0, 0x4,
    0x6d, 0x6e, 0x1b, 0x0, 0x0, 0x19, 0xa6, 0xa,
    0x0, 0x0, 0x0, 0xa2, 0x27, 0x9a, 0x0, 0x0,
    0x0, 0x0, 0x0, 0x0, 0x0, 0x0, 0x0, 0x0,
    0x21, 0x98, 0x3, 0x0, 0x51, 0x6b, 0x0, 0x58,
    0xb8, 0x99, 0x67, 0x37, 0x4, 0x0, 0x0, 0x0,
    0x0, 0x30, 0x0, 0x2a, 0x86, 0x80, 0x86, 0x1,
    0x0, 0x0, 0xb1, 0x2a, 0xe1, 0x68, 0xea, 0x70,
    0x0, 0x0, 0x3, 0x4f, 0x87, 0x0, 0x40, 0x98,
    0x0, 0x0, 0x0, 0x0, 0x28, 0xff, 0x4e, 0x3a,
    0x98, 0x85, 0x40, 0x5, 0xab, 0x1f, 0x56, 0x99,
    0x68, 0x7b, 0x0, 0x0, 0x0, 0x0, 0x0, 0x46,
    0xde, 0xc1, 0x13, 0xca, 0xc4, 0x8f, 0x1d, 0xa1,
    0x66, 0xae, 0x5b, 0x3, 0x0, 0x0, 0x0, 0x0,
    0x0, 0x0, 0x14, 0xb0, 0xdd, 0x96, 0xfa, 0x48,
    0xb0, 0x8a, 0x96, 0x35, 0x0, 0x0, 0x0, 0x0,
    0x0, 0x0, 0x0, 0x0, 0x0, 0x0, 0x4, 0x3c,
    0x2b, 0x98, 0x8b, 0x27, 0x0, 0x0, 0x0, 0x0,
    0x0, 0x0,

    /* U+1F91E "🤞" */
    0x0, 0x0, 0x0, 0x0, 0x0, 0x0, 0x58, 0x91,
    0x26, 0x81, 0x93, 0x12, 0x0, 0x0, 0x0, 0x0,
    0x0, 0x20, 0x97, 0x17, 0xf0, 0x4d, 0x2b, 0x88,
    0x0, 0x0, 0x0, 0x0, 0x0, 0x27, 0x7c, 0x0,
    0x8d, 0x23, 0x21, 0x84, 0x0, 0x0, 0x0, 0x0,
    0x0, 0x0, 0xac, 0x0, 0x36, 0x72, 0x70, 0x38,
    0x0, 0x0, 0x0, 0x0, 0x0, 0x0, 0x8d, 0x22,
    0x1, 0xa6, 0xa8, 0x1, 0x0, 0x0, 0x0, 0x0,
    0x3, 0x5, 0x39, 0x78, 0x0, 0xaa, 0xa1, 0x0,
    0x0, 0x0, 0x6, 0x33, 0xb6, 0xbc, 0x4e, 0xff,
    0x0, 0x4b, 0x87, 0x0, 0x1, 0x9d, 0x9d, 0xff,
    0x1b, 0x7, 0xe7, 0xf1, 0x24, 0x6, 0xa2, 0x0,
    0x19, 0x87, 0x0, 0x8d, 0x23, 0x0, 0xff, 0x56,
    0x83, 0x0, 0x9f, 0x9, 0x11, 0x8e, 0x0, 0x65,
    0x89, 0xa0, 0xda, 0x9c, 0xb7, 0xa6, 0xed, 0x5c,
    0x0, 0xff, 0x5a, 0xcc, 0xff, 0x1, 0x0, 0x0,
    0x0, 0x0, 0x2f, 0xa4, 0x0, 0xa9, 0x35, 0x10,
    0x6d, 0x9e, 0x9d, 0x8d, 0x38, 0x0, 0x0, 0xa3,
    0x0, 0x99, 0x5, 0x0, 0x0, 0x0, 0x1, 0x6b,
    0xf3, 0x4f, 0x0, 0x98, 0x0, 0x5f, 0x45, 0x0,
    0x0, 0x0, 0x0, 0xa9, 0x0, 0x8, 0x4, 0x9f,
    0x0, 0xb, 0xab, 0x7, 0x0, 0x0, 0x0, 0x12,
    0x0, 0x0, 0x7e, 0x44, 0x0, 0x0, 0x34, 0xb0,
    0x49, 0xd, 0x0, 0xb, 0x3f, 0x9c, 0x5e, 0x0,
    0x0, 0x0, 0x0, 0xb, 0x60, 0x94, 0x9f, 0x91,
    0x61, 0x13, 0x0, 0x0,

    /* U+1F920 "🤠" */
    0x0, 0x0, 0x0, 0x0, 0x0, 0x1f, 0x8a, 0x7d,
    0x66, 0x93, 0x45, 0x0, 0x0, 0x0, 0x0, 0x0,
    0x0, 0x0, 0x0, 0x0, 0x0, 0x16, 0xaf, 0x1b,
    0x2f, 0x4d, 0xf, 0x85, 0x50, 0x0, 0x0, 0x0,
    0x0, 0x0, 0xb, 0x1, 0x0, 0x0, 0x96, 0x21,
    0x0, 0x0, 0x0, 0x0, 0x1, 0xad, 0x6, 0x0,
    0x0, 0xc, 0x0, 0x94, 0xce, 0xa5, 0x88, 0xff,
    0xc3, 0xaa, 0x9b, 0x98, 0xa4, 0xba, 0xff, 0xc4,
    0x99, 0xb7, 0xe0, 0x0, 0xb5, 0xd3, 0x1d, 0x34,
    0x67, 0x7e, 0x8f, 0xa1, 0xa5, 0x95, 0x83, 0x71,
    0x46, 0x14, 0x95, 0xff, 0x5, 0xac, 0xff, 0xe4,
    0x48, 0x0, 0x0, 0x0, 0x0, 0x0, 0x0, 0x0,
    0x0, 0x22, 0xba, 0xff, 0xfb, 0x1, 0x80, 0xff,
    0xff, 0xa7, 0xae, 0x5f, 0x20, 0x2, 0x0, 0x12,
    0x48, 0x9c, 0x9d, 0xf3, 0xff, 0xcf, 0x0, 0x2d,
    0xff, 0xc9, 0x0, 0x7, 0x4b, 0x82, 0x9c, 0x9d,
    0x8e, 0x60, 0x16, 0x0, 0x7b, 0xff, 0x7e, 0x0,
    0x0, 0xa3, 0x67, 0x0, 0x0, 0xbb, 0x5d, 0x0,
    0x0, 0x18, 0xe7, 0x18, 0x0, 0x1b, 0xe5, 0x10,
    0x0, 0x0, 0x6f, 0x37, 0x0, 0x0, 0xe6, 0x86,
    0x0, 0x0, 0x36, 0xff, 0x36, 0x0, 0x0, 0xaa,
    0x0, 0x0, 0x0, 0x71, 0x36, 0x0, 0x0, 0x55,
    0x25, 0x0, 0x0, 0x5, 0x70, 0x5, 0x0, 0x0,
    0xac, 0x0, 0x0, 0x0, 0x4f, 0x5d, 0x0, 0x2e,
    0x20, 0x1, 0x0, 0x0, 0x0, 0x12, 0x3a, 0x2,
    0x10, 0x9f, 0x0, 0x0, 0x0, 0xb, 0xa9, 0x0,
    0x89, 0x7b, 0x71, 0x6c, 0x6c, 0x6d, 0x7b, 0x98,
    0x16, 0x66, 0x53, 0x0, 0x0, 0x0, 0x0, 0x7d,
    0x4a, 0x43, 0xf8, 0xff, 0xf4, 0xf0, 0xfd, 0xff,
    0x87, 0x14, 0xb2, 0x2, 0x0, 0x0, 0x0, 0x0,
    0x3, 0xa6, 0x3f, 0x33, 0xb3, 0xf0, 0xf9, 0xce,
    0x5c, 0x16, 0xb1, 0x22, 0x0, 0x0, 0x0, 0x0,
    0x0, 0x0, 0x5, 0x88, 0x94, 0x37, 0x8, 0x6,
    0x22, 0x75, 0xa7, 0x1d, 0x0, 0x0, 0x0, 0x0,
    0x0, 0x0, 0x0, 0x0, 0x0, 0x1d, 0x6e, 0x98,
    0x9c, 0x80, 0x38, 0x0, 0x0, 0x0, 0x0, 0x0,
    0x0,

    /* U+1F921 "🤡" */
    0x0, 0x0, 0x0, 0x0, 0xf, 0x3d, 0x5, 0x2e,
    0x4e, 0x55, 0x3b, 0x8, 0x2d, 0x23, 0x0, 0x0,
    0x0, 0x0, 0x0, 0x0, 0x2c, 0xb1, 0xb3, 0xe1,
    0xff, 0xff, 0x75, 0x51, 0x49, 0x64, 0xee, 0xff,
    0xfb, 0xaa, 0xc0, 0x5b, 0x0, 0x0, 0x12, 0xec,
    0xff, 0xff, 0xff, 0xff, 0xd6, 0x0, 0x0, 0x0,
    0x0, 0x82, 0xff, 0xff, 0xff, 0xff, 0xff, 0x4f,
    0x0, 0x43, 0xff, 0xff, 0xff, 0xff, 0xd4, 0x41,
    0x0, 0x0, 0x0, 0x0, 0x15, 0xae, 0xff, 0xff,
    0xff, 0xff, 0x93, 0x0, 0x85, 0xff, 0xff, 0xff,
    0xfd, 0x2e, 0x0, 0x0, 0x0, 0x0, 0x0, 0x0,
    0x2, 0xdc, 0xff, 0xff, 0xff, 0xd4, 0x2, 0xc1,
    0xff, 0xff, 0xdf, 0x4c, 0x13, 0x3c, 0x0, 0x0,
    0x0, 0x0, 0x22, 0x2d, 0x23, 0xb8, 0xff, 0xff,
    0xff, 0x11, 0x45, 0xff, 0xe1, 0x39, 0x0, 0xa4,
    0xff, 0x27, 0x0, 0x0, 0x0, 0xd4, 0xf3, 0x3,
    0xd, 0xbe, 0xff, 0x8d, 0x0, 0x0, 0xa2, 0x0,
    0x0, 0x0, 0x66, 0xc7, 0x11, 0x75, 0x91, 0x1b,
    0x8f, 0xac, 0x0, 0x0, 0x0, 0x6f, 0x31, 0x0,
    0x0, 0xa0, 0x0, 0x0, 0x0, 0x0, 0x0, 0x6e,
    0xff, 0xff, 0xbf, 0x0, 0x0, 0x0, 0x0, 0x0,
    0x5d, 0x42, 0x0, 0x0, 0xa0, 0x0, 0x0, 0x0,
    0x0, 0x0, 0x80, 0xff, 0xff, 0xd3, 0x0, 0x0,
    0x0, 0x0, 0x0, 0x6f, 0x30, 0x0, 0x0, 0xa3,
    0x3, 0x0, 0x0, 0x0, 0x0, 0x12, 0xad, 0xc7,
    0x3b, 0x0, 0x0, 0x0, 0x0, 0x0, 0x99, 0xc,
    0x0, 0x0, 0x67, 0x47, 0x0, 0x0, 0x68, 0x72,
    0x30, 0x11, 0xa, 0x20, 0x5b, 0x87, 0xe, 0x0,
    0xa, 0x9f, 0x0, 0x0, 0x0, 0x8, 0xae, 0x3,
    0x0, 0xbd, 0x3c, 0x73, 0x91, 0x95, 0x81, 0x4e,
    0x9d, 0x2d, 0x0, 0x7e, 0x37, 0x0, 0x0, 0x0,
    0x0, 0x43, 0x8f, 0x0, 0x44, 0xa5, 0x45, 0x17,
    0xd, 0x32, 0x85, 0x7e, 0x0, 0x44, 0x87, 0x0,
    0x0, 0x0, 0x0, 0x0, 0x0, 0x5b, 0x99, 0xb,
    0x10, 0x64, 0x92, 0x98, 0x77, 0x26, 0x0, 0x5f,
    0x95, 0x2, 0x0, 0x0, 0x0, 0x0, 0x0, 0x0,
    0x0, 0x32, 0xaa, 0x79, 0x2c, 0x8, 0x3, 0x1b,
    0x5e, 0xaa, 0x60, 0x0, 0x0, 0x0, 0x0, 0x0,
    0x0, 0x0, 0x0, 0x0, 0x0, 0x0, 0x2f, 0x78,
    0x98, 0x9d, 0x86, 0x48, 0x6, 0x0, 0x0, 0x0,
    0x0, 0x0, 0x0,

    /* U+1F927 "🤧" */
    0x0, 0x0, 0x0, 0x0, 0x0, 0x0, 0xf, 0x56,
    0x80, 0x91, 0x7f, 0x53, 0xd, 0x0, 0x0, 0x0,
    0x0, 0x0, 0x0, 0x0, 0x0, 0x0, 0x10, 0x8a,
    0x95, 0x45, 0x15, 0x3, 0x15, 0x45, 0x93, 0x84,
    0xd, 0x0, 0x0, 0x0, 0x0, 0x0, 0x0, 0x24,
    0xac, 0x26, 0x0, 0x0, 0x0, 0x0, 0x0, 0x0,
    0x0, 0x29, 0xac, 0x20, 0x0, 0x0, 0x0, 0x0,
    0x12, 0xae, 0xd, 0x0, 0x0, 0x0, 0x0, 0x0,
    0x0, 0x0, 0x0, 0x0, 0x10, 0xaf, 0xf, 0x0,
    0x0, 0x0, 0x92, 0x25, 0x0, 0x0, 0x0, 0x0,
    0x0, 0x0, 0x0, 0x0, 0x0, 0x0, 0x0, 0x2a,
    0x8c, 0x0, 0x0, 0x16, 0x95, 0x0, 0x0, 0x3d,
    0x0, 0x0, 0x0, 0x0, 0x0, 0x0, 0x0, 0x3c,
    0x0, 0x0, 0x99, 0x12, 0x0, 0x61, 0x43, 0x0,
    0x2, 0x5a, 0x9c, 0x64, 0x5, 0x0, 0x4, 0x63,
    0x9d, 0x5b, 0x2, 0x0, 0x49, 0x5b, 0x0, 0x8a,
    0x15, 0x0, 0x1, 0x4c, 0x94, 0x9e, 0x11, 0x0,
    0x10, 0x9d, 0x95, 0x4d, 0x1, 0x0, 0x19, 0x87,
    0x0, 0x9a, 0x5, 0x0, 0x0, 0x49, 0x7, 0x6,
    0x52, 0x7e, 0x15, 0x0, 0x7, 0x49, 0x0, 0x0,
    0x6, 0x99, 0x0, 0x87, 0x19, 0x0, 0x0, 0x32,
    0x8c, 0xa0, 0x50, 0x34, 0x86, 0x0, 0x0, 0x0,
    0x0, 0x0, 0x19, 0x87, 0x0, 0x61, 0x8e, 0x8f,
    0x9f, 0x6f, 0x1b, 0x53, 0x4, 0xa, 0x99, 0x0,
    0x7, 0x7f, 0x47, 0xb, 0x4a, 0x5b, 0x9, 0xaf,
    0x45, 0xb, 0x2, 0x4d, 0xae, 0x5b, 0x0, 0x2c,
    0x7e, 0x61, 0x35, 0x8f, 0x57, 0x24, 0x9a, 0x11,
    0x0, 0x8b, 0x38, 0x86, 0xab, 0x63, 0x9, 0x34,
    0x0, 0x8e, 0xa8, 0x93, 0x9b, 0x5b, 0x0, 0x2b,
    0x89, 0x0, 0x0, 0x97, 0x94, 0x22, 0x0, 0x0,
    0x61, 0x78, 0x2, 0xab, 0x94, 0x1b, 0x0, 0x0,
    0x12, 0xae, 0xd, 0x0, 0x0, 0x77, 0x2c, 0x0,
    0x0, 0x67, 0x89, 0x0, 0x6d, 0x4e, 0x1, 0x0,
    0x0, 0x2e, 0xac, 0x1e, 0x0, 0x0, 0x0, 0x1b,
    0xb2, 0x65, 0xd6, 0x6b, 0x0, 0x68, 0xac, 0xc,
    0x1f, 0x4f, 0x99, 0x82, 0xb, 0x0, 0x0, 0x0,
    0x0, 0x0, 0x8, 0x41, 0x79, 0xaf, 0xa2, 0xc1,
    0x7f, 0x8b, 0x79, 0x4e, 0xa, 0x0, 0x0, 0x0,
    0x0, 0x0,

    /* U+1F929 "🤩" */
    0x0, 0x0, 0x0, 0x0, 0x0, 0x2d, 0x74, 0x92,
    0x94, 0x78, 0x34, 0x0, 0x0, 0x0, 0x0, 0x0,
    0x0, 0x0, 0x0, 0x0, 0x32, 0xab, 0x7a, 0x2f,
    0xe, 0xb, 0x2a, 0x72, 0xac, 0x3d, 0x0, 0x0,
    0x0, 0x0, 0x0, 0x0, 0x58, 0xba, 0x36, 0x0,
    0x0, 0x0, 0x0, 0x0, 0x0, 0x6, 0xcc, 0x68,
    0x0, 0x0, 0x0, 0x0, 0x40, 0x8f, 0x77, 0xd5,
    0x6, 0x4, 0x1, 0x0, 0x4, 0x1, 0x33, 0xf4,
    0x7b, 0x52, 0x0, 0x0, 0x6, 0xc3, 0x5b, 0xcf,
    0xff, 0xf0, 0xf4, 0x26, 0x0, 0x69, 0xfa, 0xf4,
    0xff, 0x83, 0xd1, 0xf, 0x0, 0x61, 0x9b, 0xe4,
    0xff, 0xff, 0xff, 0x5f, 0x0, 0x0, 0x0, 0xab,
    0xff, 0xff, 0xff, 0xc4, 0x78, 0x0, 0xa1, 0x5,
    0x9, 0xe4, 0xff, 0xff, 0x68, 0x0, 0x0, 0x0,
    0xb6, 0xff, 0xff, 0x9d, 0x0, 0xa6, 0x0, 0xa0,
    0x0, 0x0, 0xda, 0x72, 0x63, 0x7b, 0x0, 0x0,
    0x4, 0xa0, 0x48, 0xaf, 0x8f, 0x0, 0x9f, 0x0,
    0xa0, 0x0, 0x0, 0x29, 0x0, 0x0, 0x0, 0x0,
    0x0, 0x0, 0x0, 0x0, 0x3, 0x26, 0x0, 0x96,
    0x9, 0xa0, 0x0, 0x0, 0x29, 0x14, 0x0, 0x0,
    0x0, 0x0, 0x0, 0x0, 0x1, 0x23, 0x18, 0x0,
    0x9f, 0x0, 0xa2, 0x4, 0x0, 0xab, 0x67, 0x71,
    0x6e, 0x6f, 0x6d, 0x71, 0x6f, 0x73, 0x62, 0x87,
    0x0, 0xa6, 0x0, 0x64, 0x4a, 0x0, 0x9d, 0xf8,
    0xd3, 0xb7, 0xaa, 0xa5, 0xac, 0xc0, 0xdf, 0xfe,
    0x47, 0x31, 0x7b, 0x0, 0x7, 0xae, 0x3, 0x9,
    0xad, 0xff, 0xfd, 0xc3, 0xaa, 0xd8, 0xff, 0xf8,
    0x67, 0x0, 0xa4, 0x11, 0x0, 0x0, 0x44, 0x8a,
    0x0, 0x0, 0x3c, 0x88, 0x71, 0x70, 0x70, 0x80,
    0x19, 0x0, 0x72, 0x57, 0x0, 0x0, 0x0, 0x0,
    0x5f, 0x91, 0x8, 0x0, 0x0, 0x0, 0x0, 0x0,
    0x0, 0x4, 0x7f, 0x6f, 0x0, 0x0, 0x0, 0x0,
    0x0, 0x0, 0x38, 0xad, 0x72, 0x26, 0x6, 0x4,
    0x21, 0x69, 0xad, 0x44, 0x0, 0x0, 0x0, 0x0,
    0x0, 0x0, 0x0, 0x0, 0x1, 0x36, 0x7c, 0x9a,
    0x9b, 0x81, 0x3d, 0x2, 0x0, 0x0, 0x0, 0x0,
    0x0,

    /* U+1F92A "🤪" */
    0x0, 0x0, 0x0, 0x0, 0x0, 0x2d, 0x74, 0x92,
    0x94, 0x78, 0x34, 0x0, 0x0, 0x0, 0x0, 0x0,
    0x0, 0x0, 0x0, 0x0, 0x32, 0xab, 0x7a, 0x2f,
    0xe, 0xb, 0x2a, 0x72, 0xac, 0x3d, 0x0, 0x0,
    0x0, 0x0, 0x0, 0x0, 0x58, 0x97, 0xb, 0x0,
    0x0, 0x0, 0x0, 0x0, 0x0, 0x6, 0x86, 0x68,
    0x0, 0x0, 0x0, 0x0, 0x40, 0x8f, 0x0, 0x0,
    0x0, 0x0, 0x0, 0x17, 0x86, 0x77, 0x85, 0x12,
    0x77, 0x52, 0x0, 0x0, 0x6, 0xad, 0x4, 0x0,
    0x0, 0x0, 0x0, 0x0, 0x86, 0x7, 0x50, 0x10,
    0x84, 0x0, 0xa5, 0xf, 0x0, 0x61, 0x4b, 0x0,
    0x48, 0x69, 0xf, 0x0, 0x1, 0x76, 0x1b, 0xe4,
    0x31, 0x78, 0x0, 0x33, 0x78, 0x0, 0xa1, 0x4,
    0x53, 0x45, 0x19, 0x82, 0x0, 0x0, 0x89, 0xb,
    0x0, 0xf, 0x86, 0x0, 0x0, 0xa5, 0x0, 0xa0,
    0x0, 0x73, 0x49, 0xb3, 0x63, 0xc, 0x0, 0x11,
    0x87, 0x80, 0x86, 0xd, 0x0, 0x0, 0xa0, 0x0,
    0xa0, 0x0, 0x5e, 0x31, 0x17, 0x83, 0x0, 0x0,
    0x0, 0x0, 0x0, 0x0, 0x47, 0x40, 0x0, 0x95,
    0xa, 0xa0, 0x0, 0x0, 0x5e, 0x78, 0x19, 0x0,
    0x0, 0x0, 0x0, 0x27, 0xb9, 0xff, 0xb0, 0x0,
    0x9f, 0x0, 0xa2, 0x3, 0x0, 0x0, 0x0, 0x0,
    0x0, 0x5, 0x43, 0x9e, 0xff, 0xff, 0xff, 0x93,
    0x0, 0xa4, 0x0, 0x60, 0x4f, 0x0, 0x5, 0x4d,
    0x90, 0x9d, 0xa5, 0xb7, 0x15, 0x80, 0xff, 0xfd,
    0x2e, 0x30, 0x7c, 0x0, 0x6, 0xb0, 0x5, 0x48,
    0xff, 0xff, 0x0, 0x0, 0x78, 0x0, 0x80, 0xff,
    0x7b, 0x0, 0xa2, 0x15, 0x0, 0x0, 0x3e, 0xa3,
    0x5, 0x92, 0xff, 0x0, 0x0, 0x78, 0x0, 0x7c,
    0x9d, 0x0, 0x80, 0x5e, 0x0, 0x0, 0x0, 0x0,
    0x53, 0xa3, 0xf, 0xa6, 0x0, 0x0, 0x3d, 0x0,
    0x72, 0x30, 0x80, 0x78, 0x0, 0x0, 0x0, 0x0,
    0x0, 0x0, 0x2d, 0xa6, 0xff, 0x35, 0x0, 0x0,
    0x4, 0xf8, 0xb4, 0x49, 0x0, 0x0, 0x0, 0x0,
    0x0, 0x0, 0x0, 0x0, 0x0, 0x34, 0x9c, 0x9f,
    0x9f, 0xa5, 0x62, 0x2, 0x0, 0x0, 0x0, 0x0,
    0x0,

    /* U+1F92B "🤫" */
    0x0, 0x0, 0x0, 0x0, 0x0, 0x25, 0x70, 0x90,
    0x95, 0x79, 0x35, 0x1, 0x0, 0x0, 0x0, 0x0,
    0x0, 0x0, 0x0, 0x28, 0xa3, 0x83, 0x33, 0xf,
    0xa, 0x29, 0x71, 0xae, 0x41, 0x0, 0x0, 0x0,
    0x0, 0x0, 0x49, 0xa1, 0x10, 0x0, 0x0, 0x0,
    0x0, 0x0, 0x0, 0x6, 0x86, 0x6f, 0x0, 0x0,
    0x0, 0x31, 0x9c, 0x1, 0x0, 0x0, 0x0, 0x0,
    0x0, 0x0, 0x0, 0x0, 0x0, 0x78, 0x57, 0x0,
    0x1, 0xac, 0x9, 0x0, 0x0, 0x0, 0x0, 0x0,
    0x0, 0x0, 0x0, 0x0, 0x0, 0x0, 0xa6, 0xf,
    0x45, 0x65, 0x0, 0x0, 0x39, 0x84, 0x6, 0x0,
    0x0, 0x0, 0x60, 0x61, 0x0, 0x0, 0x35, 0x75,
    0x91, 0x13, 0x0, 0x0, 0xb8, 0xff, 0x43, 0x0,
    0x0, 0x0, 0xf8, 0xfa, 0x1, 0x0, 0x0, 0xa4,
    0xa0, 0x0, 0x0, 0x0, 0x3c, 0x5d, 0xd, 0x97,
    0xa9, 0x28, 0x52, 0x53, 0x0, 0x0, 0x0, 0xa0,
    0x9f, 0x0, 0x0, 0x0, 0x0, 0x0, 0x1c, 0x91,
    0x10, 0x87, 0x0, 0x0, 0x0, 0x0, 0x0, 0x9f,
    0xa0, 0x0, 0x0, 0x0, 0x0, 0x36, 0xbd, 0x7b,
    0x10, 0xff, 0x67, 0x0, 0x0, 0x0, 0x0, 0x9e,
    0x7d, 0x27, 0x0, 0x0, 0x0, 0x0, 0x5d, 0x62,
    0x80, 0xd5, 0x97, 0x10, 0x0, 0x0, 0x6, 0x9f,
    0x23, 0x8b, 0x0, 0x0, 0x0, 0x0, 0xad, 0x11,
    0x54, 0x72, 0xac, 0x89, 0x0, 0x0, 0x58, 0x54,
    0x0, 0x90, 0x2f, 0x0, 0x0, 0x3e, 0x75, 0x0,
    0x45, 0x25, 0x62, 0xab, 0x59, 0xd, 0xa8, 0x1,
    0x0, 0xa, 0xae, 0x29, 0x0, 0x88, 0x19, 0x0,
    0x2c, 0xa8, 0xdd, 0xc5, 0x62, 0xa2, 0x25, 0x0,
    0x0, 0x0, 0xe, 0xa0, 0x73, 0x9e, 0xf, 0x0,
    0x1, 0x3d, 0x42, 0xdc, 0xa9, 0x2d, 0x0, 0x0,
    0x0, 0x0, 0x0, 0x0, 0x46, 0xd9, 0xee, 0x5,
    0x0, 0x47, 0xff, 0xa7, 0xc, 0x0, 0x0, 0x0,
    0x0, 0x0, 0x0, 0x0, 0x0, 0x0, 0x3d, 0xa2,
    0x9f, 0x9c, 0x61, 0x0, 0x0, 0x0, 0x0, 0x0,

    /* U+1F92C "🤬" */
    0x0, 0x0, 0x0, 0x0, 0x0, 0x2d, 0x74, 0x92,
    0x94, 0x78, 0x34, 0x0, 0x0, 0x0, 0x0, 0x0,
    0x0, 0x0, 0x0, 0x0, 0x32, 0xab, 0x7a, 0x2f,
    0xe, 0xb, 0x2a, 0x72, 0xac, 0x3d, 0x0, 0x0,
    0x0, 0x0, 0x0, 0x0, 0x58, 0x97, 0xb, 0x0,
    0x0, 0x0, 0x0, 0x0, 0x0, 0x6, 0x86, 0x68,
    0x0, 0x0, 0x0, 0x0, 0x40, 0x8f, 0x0, 0x0,
    0x0, 0x0, 0x0, 0x0, 0x0, 0x0, 0x0, 0x0,
    0x78, 0x52, 0x0, 0x0, 0x6, 0xae, 0x4, 0x0,
    0x0, 0x0, 0x0, 0x0, 0x0, 0x0, 0x0, 0x0,
    0x0, 0x0, 0xa6, 0xf, 0x0, 0x61, 0x4d, 0x0,
    0x2, 0xf, 0x0, 0x0, 0x0, 0x0, 0x0, 0x0,
    0xf, 0x4, 0x0, 0x35, 0x78, 0x0, 0xa1, 0x5,
    0x0, 0x12, 0x9f, 0x83, 0x39, 0x0, 0x0, 0x28,
    0x7e, 0xa3, 0x15, 0x0, 0x0, 0xa6, 0x0, 0xa0,
    0x0, 0x0, 0x0, 0x7b, 0xff, 0x41, 0x0, 0x0,
    0x28, 0xff, 0x86, 0x0, 0x0, 0x0, 0x9f, 0x0,
    0xa0, 0x0, 0x0, 0x0, 0x9f, 0xff, 0x28, 0x0,
    0x0, 0x11, 0xfa, 0xa7, 0x0, 0x0, 0x0, 0x96,
    0x9, 0xa0, 0x0, 0x12, 0x5, 0xf, 0x35, 0x0,
    0x0, 0x0, 0x0, 0x2f, 0x12, 0x0, 0x0, 0x0,
    0x9f, 0x0, 0xa2, 0x4, 0xc4, 0xfe, 0xe9, 0xce,
    0xb4, 0x99, 0x7e, 0x64, 0x49, 0x2f, 0x14, 0x0,
    0x0, 0xa6, 0x0, 0x64, 0x4a, 0xdd, 0xf2, 0x7d,
    0xf0, 0xb5, 0xac, 0xe4, 0xe9, 0xfe, 0xeb, 0xff,
    0xd3, 0x31, 0x7b, 0x0, 0x7, 0xae, 0xf8, 0xbb,
    0x3d, 0xe2, 0x99, 0xd9, 0xad, 0xe2, 0x91, 0x80,
    0xd3, 0xbe, 0xa4, 0x11, 0x0, 0x0, 0x52, 0xff,
    0xc9, 0xad, 0xfa, 0x9b, 0xa5, 0xbb, 0xff, 0x5a,
    0x83, 0xc5, 0xff, 0x57, 0x0, 0x0, 0x0, 0x1a,
    0xff, 0xff, 0xff, 0xff, 0xeb, 0xff, 0xdf, 0xff,
    0xa8, 0xc4, 0xff, 0xf9, 0x0, 0x0, 0x0, 0x0,
    0x0, 0x0, 0x38, 0xb3, 0x91, 0x61, 0x5c, 0x75,
    0xad, 0xff, 0xff, 0xff, 0x68, 0x0, 0x0, 0x0,
    0x0, 0x0, 0x0, 0x0, 0x1, 0x36, 0x7c, 0x9a,
    0x9b, 0x81, 0x3d, 0x2, 0x0, 0x0, 0x0, 0x0,
    0x0,

    /* U+1F92D "🤭" */
    0x0, 0x0, 0x0, 0x0, 0x0, 0x2d, 0x74, 0x92,
    0x94, 0x78, 0x34, 0x0, 0x0, 0x0, 0x0, 0x0,
    0x0, 0x0, 0x0, 0x0, 0x32, 0xab, 0x7a, 0x2f,
    0xe, 0xb, 0x2a, 0x72, 0xac, 0x3d, 0x0, 0x0,
    0x0, 0x0, 0x0, 0x0, 0x58, 0x97, 0xb, 0x0,
    0x0, 0x0, 0x0, 0x0, 0x0, 0x6, 0x86, 0x68,
    0x0, 0x0, 0x0, 0x0, 0x40, 0x8f, 0x0, 0x0,
    0x0, 0x0, 0x0, 0x0, 0x0, 0x0, 0x0, 0x0,
    0x78, 0x52, 0x0, 0x0, 0x6, 0xad, 0x4, 0x0,
    0x0, 0x0, 0x0, 0x0, 0x0, 0x0, 0x0, 0x0,
    0x0, 0x0, 0xa6, 0xf, 0x0, 0x61, 0x4b, 0x0,
    0x4, 0x8c, 0xaa, 0x55, 0x0, 0x0, 0x5d, 0xaa,
    0x9a, 0x10, 0x0, 0x35, 0x78, 0x0, 0xa1, 0x4,
    0x0, 0x26, 0x39, 0x0, 0x5d, 0x2, 0x7, 0x60,
    0x0, 0x1f, 0x45, 0x0, 0x0, 0xa6, 0x0, 0xa0,
    0x0, 0x0, 0x0, 0x0, 0x5f, 0x6c, 0x0, 0x0,
    0x11, 0x1a, 0x0, 0x0, 0x0, 0x0, 0x9f, 0x0,
    0xa0, 0x0, 0x0, 0x0, 0x30, 0x69, 0x89, 0x1b,
    0x81, 0x7c, 0xa8, 0x6e, 0x41, 0x0, 0x0, 0x96,
    0x9, 0xa4, 0x0, 0x0, 0x5, 0x99, 0x3, 0x98,
    0x78, 0x13, 0x36, 0xba, 0x2e, 0x8f, 0x0, 0x0,
    0x9f, 0x0, 0xa1, 0x4, 0x0, 0x80, 0x29, 0x0,
    0x0, 0xe, 0x81, 0x81, 0x11, 0x97, 0x9e, 0x0,
    0x0, 0xa4, 0x0, 0x61, 0x4a, 0x2b, 0x6d, 0x0,
    0x0, 0x0, 0x1a, 0x1e, 0x56, 0x98, 0x32, 0x91,
    0x0, 0x32, 0x78, 0x0, 0x8, 0xae, 0x7e, 0x11,
    0x0, 0x0, 0x0, 0x0, 0x22, 0x3c, 0x4d, 0xab,
    0x6c, 0x0, 0xa5, 0xf, 0x0, 0x0, 0x47, 0xff,
    0x12, 0x0, 0x0, 0x0, 0x0, 0x0, 0x45, 0x4a,
    0x5c, 0x4d, 0x78, 0x52, 0x0, 0x0, 0x0, 0x0,
    0x8e, 0x96, 0x0, 0x0, 0x0, 0x0, 0x0, 0xf,
    0x83, 0x64, 0x86, 0x68, 0x0, 0x0, 0x0, 0x0,
    0x0, 0x0, 0x6a, 0x78, 0x13, 0x3, 0x2d, 0x86,
    0xb2, 0x8b, 0xac, 0x3d, 0x0, 0x0, 0x0, 0x0,
    0x0, 0x0, 0x0, 0x0, 0x28, 0x7c, 0xac, 0xf0,
    0xae, 0x7d, 0x37, 0x1, 0x0, 0x0, 0x0, 0x0,
    0x0,

    /* U+1F92E "🤮" */
    0x0, 0x0, 0x0, 0x0, 0x2, 0x3c, 0x7f, 0x9a,
    0x9c, 0x83, 0x43, 0x5, 0x0, 0x0, 0x0, 0x0,
    0x0, 0x0, 0x0, 0x0, 0x49, 0xb8, 0x75, 0x2c,
    0xd, 0xb, 0x27, 0x6c, 0xb8, 0x59, 0x0, 0x0,
    0x0, 0x0, 0x0, 0x0, 0x77, 0x8f, 0x7, 0x0,
    0x0, 0x0, 0x0, 0x0, 0x0, 0x3, 0x7d, 0x8f,
    0x0, 0x0, 0x0, 0x0, 0x5a, 0x87, 0x0, 0x1,
    0x76, 0x1a, 0x0, 0x0, 0x1, 0x86, 0x12, 0x0,
    0x6f, 0x76, 0x0, 0x0, 0xd, 0xba, 0x2, 0x4e,
    0xaa, 0x4e, 0x0, 0x0, 0x0, 0x0, 0x26, 0xa4,
    0x82, 0x0, 0xaf, 0x1c, 0x0, 0x6f, 0x52, 0x0,
    0x0, 0x0, 0x0, 0x0, 0x0, 0x0, 0x0, 0x0,
    0x0, 0x0, 0x0, 0x3a, 0x88, 0x0, 0xb1, 0x9,
    0x0, 0x2b, 0x8a, 0x1b, 0x0, 0x0, 0x0, 0x0,
    0xd, 0x6b, 0x66, 0x0, 0x1, 0xba, 0x0, 0xb4,
    0x0, 0x0, 0x0, 0x33, 0xb3, 0x9b, 0x0, 0x0,
    0x84, 0xd5, 0x59, 0x4, 0x0, 0x0, 0xb4, 0x0,
    0xb4, 0x0, 0x0, 0x20, 0xa9, 0xa2, 0x4e, 0x0,
    0x0, 0x40, 0x97, 0xb9, 0x51, 0x0, 0x0, 0xaa,
    0x9, 0xb4, 0x0, 0x0, 0x7, 0xa, 0x3, 0x58,
    0x8d, 0x8c, 0x74, 0x16, 0x1, 0x10, 0x0, 0x0,
    0xb4, 0x0, 0xb0, 0x8, 0x0, 0x0, 0xd, 0xa8,
    0x46, 0x1, 0x0, 0x22, 0x9e, 0x3a, 0x0, 0x0,
    0x0, 0xb5, 0x0, 0x68, 0x56, 0x0, 0x0, 0x90,
    0x6b, 0x40, 0x40, 0x40, 0x40, 0x44, 0xc6, 0x3,
    0x0, 0x36, 0x85, 0x0, 0x11, 0xb8, 0x4, 0x0,
    0xdb, 0xff, 0x60, 0x75, 0x60, 0x60, 0xcd, 0xff,
    0x2f, 0x0, 0xa2, 0x24, 0x0, 0x0, 0x59, 0x87,
    0x0, 0xca, 0xff, 0x23, 0x4e, 0x3, 0x49, 0x6f,
    0xff, 0x22, 0x51, 0x88, 0x0, 0x0, 0x1, 0x6,
    0x72, 0xc9, 0x6f, 0xaa, 0x17, 0x6, 0x0, 0xce,
    0x6d, 0x94, 0x9d, 0xc5, 0x3, 0x0, 0x0, 0x10,
    0x5a, 0x43, 0x94, 0x3, 0xf, 0x0, 0x67, 0x0,
    0x7, 0x1, 0xa, 0x22, 0xbd, 0x1c, 0x39, 0x0,
    0x0, 0x0, 0x4f, 0x89, 0x89, 0x8b, 0x8b, 0x8b,
    0x8b, 0x8d, 0x8f, 0x88, 0x83, 0xc1, 0x16, 0x0,
    0x0,

    /* U+1F92F "🤯" */
    0x0, 0x0, 0x0, 0x0, 0x0, 0x0, 0x0, 0x7a,
    0xa0, 0xae, 0x23, 0x7, 0x1, 0x0, 0x15, 0x4e,
    0x0, 0x0, 0x0, 0x29, 0x70, 0xd, 0xf, 0x88,
    0xab, 0x3e, 0x0, 0xa, 0xa8, 0x99, 0xa4, 0x6c,
    0x4a, 0x62, 0x46, 0x0, 0x0, 0x81, 0x2d, 0x5f,
    0x98, 0x1c, 0xd, 0x0, 0x0, 0x0, 0x0, 0x0,
    0x0, 0x7d, 0x43, 0x53, 0x10, 0x0, 0x0, 0x1d,
    0x61, 0xa, 0x8b, 0x0, 0x0, 0x0, 0x0, 0x0,
    0x0, 0x0, 0x0, 0x13, 0x8b, 0x2c, 0x69, 0x1d,
    0x0, 0x0, 0x0, 0x2c, 0x7f, 0x0, 0x0, 0x0,
    0x0, 0x0, 0x0, 0x56, 0x0, 0xb, 0xaa, 0x43,
    0x7a, 0x2e, 0x0, 0x0, 0x0, 0x68, 0x2d, 0x37,
    0x0, 0x0, 0x0, 0x0, 0x8, 0xa3, 0x0, 0x0,
    0x7c, 0x1a, 0x0, 0x0, 0x0, 0x24, 0x77, 0x45,
    0xa9, 0xdd, 0x31, 0x0, 0x0, 0x2, 0x90, 0x31,
    0x36, 0x80, 0x9e, 0x1, 0x51, 0xa, 0x0, 0x6e,
    0x4a, 0x6b, 0xa, 0x28, 0x8c, 0xc0, 0x91, 0xb7,
    0xf3, 0xa7, 0x93, 0x27, 0x1, 0x53, 0x44, 0x57,
    0x0, 0x1, 0x2c, 0x2, 0x5c, 0x82, 0xa5, 0x5e,
    0x51, 0x58, 0x9a, 0x8b, 0x81, 0x7e, 0x6, 0x27,
    0x67, 0x2c, 0xc, 0xb4, 0xa4, 0xce, 0x55, 0x4d,
    0x21, 0xd3, 0xdb, 0xd5, 0xde, 0x1d, 0x5a, 0x13,
    0xde, 0xa4, 0xb0, 0x15, 0x0, 0xa0, 0x0, 0x4f,
    0x21, 0xd7, 0x73, 0x81, 0x0, 0x1a, 0x5e, 0x6d,
    0xf0, 0x8, 0x75, 0x0, 0x8d, 0x2, 0x0, 0x92,
    0x11, 0x13, 0x75, 0x6, 0x17, 0x80, 0x0, 0x0,
    0x88, 0x14, 0x5, 0x48, 0x50, 0x5, 0x8c, 0x0,
    0x0, 0x2e, 0x83, 0x0, 0x27, 0x80, 0x78, 0x7,
    0x1b, 0x15, 0x9, 0x76, 0x81, 0x48, 0x0, 0x6a,
    0x37, 0x0, 0x0, 0x0, 0x82, 0x47, 0x0, 0x0,
    0x0, 0x5f, 0xfe, 0xfa, 0x47, 0x0, 0x0, 0x0,
    0x35, 0x84, 0x0, 0x0, 0x0, 0x0, 0x1, 0x95,
    0x63, 0x0, 0x0, 0x8e, 0xff, 0xff, 0x75, 0x0,
    0x0, 0x53, 0x92, 0x2, 0x0, 0x0, 0x0, 0x0,
    0x0, 0x0, 0x5f, 0xac, 0x61, 0x20, 0x2d, 0x27,
    0x1c, 0x5b, 0xa4, 0x61, 0x0, 0x0, 0x0, 0x0,
    0x0, 0x0, 0x0, 0x0, 0x0, 0x6, 0x46, 0x83,
    0x9c, 0x9b, 0x84, 0x47, 0x6, 0x0, 0x0, 0x0,
    0x0, 0x0,

    /* U+1F933 "🤳" */
    0x0, 0x0, 0x0, 0x0, 0x0, 0x0, 0x0, 0x0,
    0x35, 0x86, 0x87, 0x59, 0x13, 0x0, 0x0, 0x0,
    0x0, 0x0, 0x0, 0x0, 0x0, 0x0, 0x0, 0x8a,
    0x4c, 0x3c, 0x2c, 0xa3, 0x13, 0x0, 0x0, 0x0,
    0x0, 0x0, 0x0, 0x0, 0x0, 0x0, 0x8b, 0xa,
    0x7, 0x0, 0x84, 0x20, 0x0, 0x0, 0x0, 0x0,
    0x0, 0x0, 0x0, 0x0, 0x0, 0x89, 0x0, 0x0,
    0x0, 0x93, 0xf, 0x0, 0x0, 0x0, 0x0, 0x0,
    0x0, 0x0, 0x0, 0x0, 0x88, 0x2, 0x99, 0x7a,
    0xe8, 0x1, 0x0, 0x0, 0x0, 0x0, 0x0, 0x0,
    0x0, 0x0, 0x0, 0x87, 0x18, 0x88, 0xa3, 0x5b,
    0x6b, 0x0, 0x0, 0x0, 0x0, 0x0, 0x0, 0x0,
    0x0, 0x0, 0x85, 0xbf, 0x8b, 0x69, 0x2c, 0x64,
    0x16, 0x0, 0x0, 0x0, 0x0, 0x0, 0x0, 0x0,
    0x0, 0x83, 0x96, 0x69, 0x4d, 0x10, 0x24, 0x53,
    0x0, 0x0, 0x0, 0x0, 0x0, 0x0, 0x0, 0x0,
    0x84, 0xab, 0x83, 0xb8, 0x2, 0x1, 0x74, 0x0,
    0x0, 0x0, 0x0, 0x0, 0x0, 0x0, 0x0, 0x0,
    0x41, 0x7a, 0x6b, 0x6, 0xb, 0x76, 0x0, 0x0,
    0x0, 0x0, 0x0, 0x0, 0x0, 0x0, 0x0, 0x21,
    0xad, 0xd4, 0x5a, 0x58, 0x2f, 0x11, 0x88, 0xa8,
    0xa4, 0x6e, 0x32, 0x3, 0x9, 0x80, 0xa9, 0x29,
    0xb5, 0x1f, 0x9a, 0x0, 0x9f, 0x27, 0x0, 0x7,
    0x39, 0x72, 0xad, 0xe0, 0x3d, 0x0, 0x0, 0x45,
    0xaf, 0x71, 0x0, 0x9f, 0x0, 0x0, 0x0, 0x0,
    0x0, 0x68, 0x2a, 0x0, 0x0, 0x0, 0x2d, 0x9a,
    0x4, 0x0, 0xa5, 0x4, 0x0, 0x0, 0x0, 0x0,
    0x3e, 0x3, 0x0, 0x1, 0x68, 0x8b, 0x5, 0x0,
    0x0, 0x31, 0xa7, 0x78, 0x45, 0x23, 0xb, 0x0,
    0xa, 0x44, 0xa8, 0x4d, 0x0, 0x0, 0x0, 0x0,
    0x0, 0x0, 0x29, 0x5b, 0x7d, 0x94, 0x9f, 0x96,
    0x63, 0x8, 0x0, 0x0, 0x0, 0x0, 0x0,

    /* U+1F934 "🤴" */
    0x0, 0x0, 0x0, 0x0, 0x0, 0x0, 0x2e, 0x5b,
    0x0, 0x0, 0x0, 0x0, 0x0, 0x0, 0x1, 0x17,
    0x0, 0x33, 0x9c, 0x0, 0x62, 0xd4, 0x0, 0x49,
    0x86, 0x0, 0x3, 0x14, 0x21, 0xff, 0x17, 0x10,
    0xd5, 0x43, 0xb0, 0x9c, 0x72, 0x83, 0x77, 0x0,
    0x94, 0xe9, 0x0, 0xc0, 0x92, 0xa8, 0xf7, 0x87,
    0x35, 0x57, 0x4e, 0xd5, 0xce, 0xab, 0x99, 0x64,
    0x0, 0xff, 0x1, 0xc, 0x72, 0x0, 0x4e, 0x99,
    0x0, 0x24, 0x59, 0x0, 0x88, 0x9e, 0x0, 0xbd,
    0x46, 0x55, 0x89, 0x87, 0x87, 0x87, 0x88, 0x89,
    0x75, 0x40, 0xb3, 0x30, 0x0, 0x9c, 0x7a, 0x34,
    0xc, 0x1, 0x9, 0xd, 0x5, 0x5, 0x26, 0x56,
    0xdb, 0x21, 0x0, 0x8c, 0xca, 0xa4, 0x9c, 0x9c,
    0x95, 0x91, 0x96, 0x9c, 0x9a, 0x99, 0xee, 0x17,
    0x0, 0x1b, 0x92, 0x0, 0x32, 0x3f, 0x0, 0x0,
    0x23, 0x50, 0x0, 0x0, 0xa2, 0x0, 0x0, 0x14,
    0x8b, 0x0, 0x79, 0x93, 0x0, 0x0, 0x5d, 0xb6,
    0x0, 0x0, 0xa0, 0x0, 0x0, 0xd, 0x93, 0x0,
    0x0, 0x0, 0x0, 0x0, 0x0, 0x0, 0x0, 0x0,
    0xa0, 0x0, 0x0, 0x2, 0x9d, 0x0, 0x1, 0x86,
    0x22, 0x13, 0x7b, 0x19, 0x0, 0x0, 0xa0, 0x0,
    0x0, 0x0, 0x9d, 0x0, 0x0, 0x15, 0x75, 0x80,
    0x2a, 0x0, 0x0, 0x0, 0xa1, 0x0, 0x0, 0x0,
    0xa0, 0x0, 0x0, 0x0, 0x0, 0x0, 0x0, 0x0,
    0x0, 0x0, 0x93, 0xb, 0x0, 0x0, 0x9f, 0x12,
    0x0, 0x0, 0x0, 0x0, 0x0, 0x0, 0x0, 0x0,
    0xa2, 0xb, 0x0, 0x0, 0x21, 0xaf, 0x67, 0x22,
    0x8, 0x0, 0x4, 0x1f, 0x54, 0xa3, 0x4e, 0x0,
    0x0, 0x0, 0x0, 0x2, 0x3c, 0x7e, 0x96, 0x9f,
    0x9a, 0x7e, 0x4b, 0x7, 0x0, 0x0,

    /* U+1F935 "🤵" */
    0x0, 0x0, 0x0, 0xe, 0x64, 0x93, 0x90, 0x56,
    0x5, 0x0, 0x0, 0x0, 0x0, 0x0, 0x3f, 0xaf,
    0x48, 0x10, 0x10, 0x55, 0xae, 0x23, 0x0, 0x0,
    0x0, 0x26, 0xa7, 0x6, 0x0, 0x0, 0x0, 0x0,
    0xe, 0xae, 0x10, 0x0, 0x0, 0xa1, 0x14, 0x0,
    0x0, 0x0, 0x0, 0x0, 0x0, 0x29, 0x88, 0x0,
    0x16, 0x95, 0x0, 0x0, 0x0, 0x0, 0x0, 0x0,
    0x0, 0x0, 0xa5, 0x1, 0x4d, 0x56, 0x0, 0x0,
    0x0, 0x0, 0x0, 0x0, 0x0, 0x0, 0x7f, 0x21,
    0x64, 0x3d, 0x0, 0x96, 0x4a, 0x0, 0x0, 0x83,
    0x5c, 0x0, 0x6a, 0x35, 0x6c, 0x34, 0x0, 0x6c,
    0x31, 0x0, 0x0, 0x5e, 0x40, 0x0, 0x68, 0x38,
    0x6a, 0x35, 0x0, 0x4, 0x1e, 0x0, 0x0, 0x21,
    0x2, 0x0, 0x68, 0x38, 0x66, 0x39, 0x0, 0x3,
    0x7f, 0x87, 0x88, 0x7b, 0x1, 0x0, 0x68, 0x38,
    0x60, 0x42, 0x0, 0x0, 0x0, 0x0, 0x0, 0x0,
    0x0, 0x0, 0x6b, 0x38, 0x55, 0xff, 0x7e, 0x9b,
    0x2f, 0xc, 0xa, 0x41, 0x91, 0x86, 0xff, 0x38,
    0x45, 0xff, 0x2a, 0xff, 0xff, 0xff, 0xff, 0xff,
    0xff, 0x39, 0xff, 0x54, 0x30, 0xff, 0x3c, 0xd5,
    0x9f, 0x56, 0x5a, 0xb4, 0xba, 0x52, 0xff, 0xf9,
    0xc, 0xff, 0x23, 0x10, 0x0, 0x58, 0x3e, 0x0,
    0x11, 0x3c, 0xff, 0xeb, 0x0, 0x5e, 0xa5, 0x46,
    0x12, 0x5, 0x2, 0xd, 0x34, 0x7c, 0xff, 0x16,
    0x0, 0x0, 0xb, 0x54, 0x87, 0x9a, 0x9f, 0x93,
    0x6d, 0x2a, 0x0, 0x0,

    /* U+1F936 "🤶" */
    0x0, 0x0, 0x0, 0x0, 0x3, 0x3f, 0x69, 0x6b,
    0x3c, 0x1, 0x0, 0x0, 0x0, 0x0, 0x0, 0x0,
    0x0, 0x43, 0xdd, 0xff, 0xff, 0xff, 0xff, 0xd2,
    0x34, 0x0, 0x0, 0x0, 0x0, 0x0, 0x43, 0xfa,
    0xff, 0xff, 0xff, 0xff, 0xff, 0xff, 0xf5, 0x37,
    0x0, 0x0, 0x0, 0x1, 0xdc, 0xff, 0xf8, 0xe6,
    0xe1, 0xf4, 0xff, 0xff, 0xff, 0xdc, 0x5, 0x0,
    0x9, 0x9b, 0x77, 0x27, 0x2, 0x0, 0x0, 0x0,
    0x16, 0x5a, 0xc8, 0xff, 0x53, 0x0, 0x76, 0x36,
    0x0, 0x0, 0x0, 0x0, 0x0, 0x0, 0x0, 0x0,
    0x3, 0xcc, 0x90, 0x0, 0x89, 0x8b, 0x99, 0x97,
    0x95, 0x94, 0x95, 0x9a, 0x99, 0x99, 0x97, 0xff,
    0x9f, 0x0, 0x5, 0xc1, 0x1, 0x0, 0xb, 0x0,
    0x0, 0x0, 0xb, 0x0, 0x3d, 0xff, 0xa1, 0x0,
    0x0, 0xa0, 0x0, 0x2f, 0xf8, 0x8, 0x0, 0x5,
    0xf6, 0x31, 0x54, 0xff, 0xb4, 0x79, 0x0, 0xa0,
    0x0, 0x4, 0x3d, 0x0, 0x0, 0x0, 0x3c, 0x4,
    0x7e, 0x25, 0x0, 0xa4, 0x0, 0x9f, 0x0, 0x0,
    0x47, 0x1e, 0x0, 0x1c, 0x48, 0x0, 0x49, 0xff,
    0x9f, 0x58, 0x0, 0x9e, 0x0, 0x0, 0x7, 0x75,
    0x8a, 0x76, 0x8, 0x0, 0x2c, 0x80, 0x0, 0x0,
    0x0, 0xa0, 0x0, 0x0, 0x0, 0x0, 0x0, 0x0,
    0x0, 0x0, 0x1a, 0x91, 0x0, 0x0, 0x0, 0x94,
    0xd, 0x0, 0x0, 0x0, 0x0, 0x0, 0x0, 0x0,
    0x0, 0xad, 0x3, 0x0, 0x0, 0x68, 0x49, 0x0,
    0x0, 0x0, 0x0, 0x0, 0x0, 0x0, 0x3, 0xba,
    0x3, 0x0, 0x0, 0x7, 0xa0, 0x7a, 0x2b, 0xa,
    0x0, 0x4, 0x23, 0x5c, 0xaf, 0x45, 0x0, 0x0,
    0x0, 0x0, 0x0, 0x2a, 0x76, 0x93, 0x9f, 0x9b,
    0x80, 0x4c, 0x6, 0x0, 0x0, 0x0,

    /* U+1F937 "🤷" */
    0x0, 0x0, 0x0, 0x0, 0x0, 0x0, 0x0, 0x13,
    0x6c, 0x97, 0x95, 0x67, 0xe, 0x0, 0x0, 0x0,
    0x0, 0x0, 0x0, 0x0, 0x0, 0x0, 0x0, 0x0,
    0x0, 0x0, 0x48, 0x9e, 0x3d, 0x12, 0x15, 0x42,
    0xa3, 0x3d, 0x0, 0x0, 0x0, 0x0, 0x0, 0x0,
    0x0, 0x0, 0x0, 0x0, 0x0, 0x3b, 0x85, 0x0,
    0x0, 0x0, 0x0, 0x0, 0x1, 0x94, 0x2f, 0x0,
    0x0, 0x0, 0x0, 0x0, 0x0, 0x0, 0x0, 0x0,
    0xf, 0x9f, 0x2, 0x0, 0x0, 0x0, 0x0, 0x0,
    0x0, 0x6, 0xa5, 0x9, 0x0, 0x0, 0x0, 0x0,
    0x5a, 0x9c, 0x6e, 0x0, 0x91, 0x20, 0x0, 0x18,
    0xb, 0x0, 0x0, 0x10, 0x14, 0x0, 0x2d, 0x85,
    0x0, 0x76, 0x97, 0x65, 0x86, 0x17, 0x58, 0xa9,
    0xa0, 0x0, 0x0, 0xb2, 0x78, 0x0, 0x0, 0x8e,
    0xa0, 0x0, 0x0, 0xb6, 0xa2, 0x55, 0xb, 0x8f,
    0x27, 0x96, 0x0, 0x2, 0xa3, 0xe, 0x0, 0x1b,
    0xd, 0x4, 0x1, 0x12, 0x16, 0x0, 0x16, 0x9f,
    0x1, 0x0, 0x87, 0x30, 0x0, 0x66, 0x59, 0x0,
    0x2c, 0x83, 0x0, 0x0, 0x0, 0xba, 0xa4, 0x0,
    0x0, 0x0, 0x92, 0x21, 0x0, 0x5b, 0x69, 0x0,
    0x0, 0x0, 0xfe, 0x1d, 0x0, 0x98, 0xa, 0x0,
    0x0, 0x11, 0xe, 0x0, 0x0, 0x15, 0x8d, 0x0,
    0x28, 0xff, 0x0, 0x0, 0x0, 0x28, 0x8e, 0x8b,
    0x0, 0x4e, 0x53, 0x0, 0x0, 0x0, 0x0, 0x0,
    0x0, 0x68, 0x37, 0x0, 0x96, 0x81, 0x36, 0x0,
    0x0, 0x62, 0x32, 0x9a, 0x0, 0x10, 0x8d, 0x0,
    0x0, 0x0, 0x0, 0x0, 0x0, 0x99, 0x1, 0x0,
    0x9a, 0x26, 0x72, 0x0, 0x0, 0x7f, 0x19, 0x11,
    0x0, 0x0, 0x9d, 0x0, 0x0, 0x0, 0x0, 0x0,
    0x0, 0x99, 0x0, 0x0, 0x11, 0xa, 0x91, 0x0,
    0x0, 0x6a, 0x39, 0x0, 0x0, 0xe, 0x93, 0x0,
    0x0, 0x0, 0x0, 0x0, 0x0, 0x9a, 0x4, 0x0,
    0x0, 0x2c, 0x7c, 0x0, 0x0, 0x13, 0xb2, 0x1f,
    0x10, 0x94, 0xd6, 0xa3, 0xa2, 0xa3, 0xa3, 0xa2,
    0xa3, 0xdb, 0x84, 0xf, 0x1d, 0xb2, 0x1b, 0x0,
    0x0, 0x0, 0x1d, 0x85, 0x94, 0x42, 0x0, 0x0,
    0x0, 0x0, 0x0, 0x0, 0x0, 0x0, 0x4a, 0x95,
    0x86, 0x20, 0x0, 0x0,

    /* U+1F938 "🤸" */
    0x0, 0x0, 0x0, 0x0, 0x0, 0x0, 0x0, 0x0,
    0x0, 0x0, 0x54, 0x20, 0x0, 0x0, 0x0, 0x0,
    0x0, 0x0, 0x0, 0x0, 0x0, 0x0, 0x0, 0x0,
    0x0, 0x0, 0x29, 0xfe, 0x68, 0x0, 0x0, 0x0,
    0x0, 0x0, 0x0, 0x0, 0x0, 0x0, 0x0, 0x0,
    0x0, 0x0, 0x0, 0x67, 0xb0, 0x0, 0x0, 0x0,
    0x0, 0x0, 0x0, 0x0, 0x0, 0x0, 0x0, 0x0,
    0x0, 0x0, 0x0, 0x0, 0xb9, 0x6f, 0x0, 0x0,
    0x0, 0x0, 0x0, 0x0, 0x0, 0x0, 0x0, 0x0,
    0x0, 0x0, 0x0, 0x0, 0x18, 0xfb, 0x43, 0x0,
    0x0, 0x0, 0x0, 0x0, 0x0, 0x2d, 0x7a, 0x20,
    0x0, 0x0, 0x0, 0x0, 0x0, 0x7c, 0xff, 0x20,
    0x0, 0x0, 0x0, 0x0, 0x0, 0x0, 0xc0, 0xf8,
    0xfe, 0xc4, 0x75, 0x33, 0x7, 0x18, 0xed, 0xff,
    0x7, 0x0, 0x0, 0x0, 0x0, 0x0, 0x0, 0x15,
    0x2, 0x32, 0x88, 0xe8, 0xff, 0xfe, 0xfc, 0xff,
    0xff, 0x19, 0x0, 0x0, 0x0, 0x0, 0x0, 0x0,
    0x0, 0x0, 0x0, 0x0, 0x7, 0x80, 0xfd, 0xff,
    0xff, 0xff, 0xf1, 0xae, 0x79, 0x3f, 0x3, 0x0,
    0x0, 0x0, 0x0, 0x0, 0x0, 0x0, 0x0, 0x50,
    0xf7, 0xff, 0xff, 0xeb, 0x88, 0x89, 0xde, 0xdf,
    0x50, 0x0, 0x0, 0x0, 0x0, 0x0, 0x0, 0x0,
    0x0, 0x9e, 0xf5, 0xf8, 0xff, 0xf9, 0x5e, 0x7,
    0xa5, 0xfb, 0x16, 0x0, 0x0, 0x0, 0x0, 0x0,
    0x0, 0x0, 0x81, 0xa7, 0xa6, 0xff, 0xff, 0xd0,
    0x0, 0x2, 0x4f, 0x3, 0x0, 0x0, 0x0, 0x0,
    0x0, 0x0, 0x0, 0x79, 0x99, 0x6e, 0xff, 0xff,
    0x96, 0x0, 0x0, 0x0, 0x0, 0x0, 0x0, 0x0,
    0x0, 0x0, 0x0, 0x0, 0x76, 0x9e, 0x0, 0x4b,
    0x57, 0x5, 0x0, 0x0, 0x0, 0x0, 0x0, 0x0,
    0x0, 0x0, 0x0, 0x0, 0x0, 0x78, 0xa5, 0x0,
    0x0, 0x0, 0x0, 0x0, 0x0, 0x0, 0x0, 0x0,
    0x0, 0x0, 0x0, 0x0, 0x0, 0x3a, 0xcb, 0xa3,
    0x0, 0x0, 0x0, 0x0, 0x0, 0x0, 0x0, 0x0,
    0x0, 0x0, 0x0, 0x0, 0x0, 0x0, 0x9d, 0xd3,
    0x43, 0x0, 0x0, 0x0, 0x0, 0x0, 0x0, 0x0,
    0x0,

    /* U+1F939 "🤹" */
    0x0, 0x0, 0x0, 0x0, 0x0, 0x0, 0x0, 0x0,
    0x34, 0x80, 0x3, 0x0, 0x0, 0x0, 0x0, 0x0,
    0x0, 0x0, 0x0, 0x0, 0x0, 0x0, 0x9b, 0xf9,
    0x17, 0x0, 0x0, 0x0, 0x0, 0x0, 0x0, 0x0,
    0x0, 0x0, 0x0, 0x0, 0xf, 0x2e, 0x0, 0x0,
    0x0, 0x0, 0x0, 0x0, 0x0, 0x0, 0x0, 0x30,
    0x87, 0x89, 0x33, 0x0, 0x0, 0x0, 0x0, 0x0,
    0x0, 0xa, 0x0, 0x0, 0x4d, 0x8a, 0x13, 0xf,
    0x7e, 0x53, 0x0, 0x0, 0x0, 0x0, 0x69, 0xdf,
    0x26, 0x2, 0xa7, 0x0, 0x0, 0x0, 0x0, 0x99,
    0x3, 0x0, 0x0, 0x0, 0x6b, 0xdf, 0x1c, 0xa9,
    0x45, 0x0, 0x0, 0x0, 0x0, 0x45, 0xb1, 0x0,
    0x56, 0x83, 0x0, 0x0, 0x0, 0xa0, 0x4c, 0x10,
    0x0, 0x0, 0xb, 0x44, 0xa1, 0x0, 0xd3, 0xe6,
    0x0, 0x0, 0x0, 0x6, 0xc6, 0xff, 0xff, 0xff,
    0xff, 0xd7, 0x7, 0x0, 0x15, 0x16, 0x61, 0xee,
    0x29, 0x0, 0x46, 0xff, 0xff, 0xff, 0xff, 0x5e,
    0x0, 0x0, 0x0, 0x0, 0x93, 0xff, 0x54, 0x0,
    0x0, 0x7b, 0xff, 0xff, 0x99, 0x1, 0x0, 0x0,
    0x8e, 0x76, 0x81, 0xff, 0x4d, 0x0, 0x4f, 0xee,
    0xff, 0xff, 0xfb, 0x6a, 0x0, 0x4, 0xff, 0xe1,
    0x50, 0xff, 0x86, 0x68, 0xfa, 0xff, 0xff, 0xff,
    0xff, 0xfe, 0x33, 0x0, 0xfd, 0xd1, 0x8, 0xe5,
    0xff, 0xff, 0xff, 0xff, 0xff, 0xff, 0xff, 0xff,
    0xb7, 0x14, 0xfe, 0xac, 0x0, 0x33, 0xb4, 0xa8,
    0xec, 0xff, 0xff, 0xff, 0xff, 0xfc, 0xff, 0xee,
    0xff, 0x56, 0x0, 0x0, 0x0, 0x0, 0xd8, 0xff,
    0xff, 0xff, 0xff, 0xd4, 0x87, 0xe7, 0x96, 0x1,
    0x0, 0x0, 0x0, 0x0, 0x76, 0x8c, 0x8c, 0x8c,
    0x8c, 0x73, 0x0, 0x0, 0x0, 0x0,

    /* U+1F941 "🥁" */
    0xd, 0x43, 0x0, 0x0, 0x0, 0x0, 0x0, 0x0,
    0x0, 0x0, 0x0, 0x0, 0x0, 0x0, 0x35, 0x1b,
    0x0, 0xa2, 0x25, 0x0, 0x0, 0x0, 0x0, 0x0,
    0x0, 0x0, 0x0, 0x0, 0x0, 0x14, 0xae, 0x6,
    0x0, 0x11, 0xaf, 0x8, 0x0, 0x0, 0x0, 0x0,
    0x0, 0x0, 0x0, 0x0, 0x1, 0xa6, 0x20, 0x0,
    0x0, 0x0, 0x35, 0x93, 0xe, 0x3f, 0x5c, 0x6b,
    0x6c, 0x5d, 0x42, 0x10, 0x7a, 0x4f, 0x0, 0x0,
    0x0, 0x0, 0x51, 0xff, 0xf2, 0x64, 0x42, 0x34,
    0x32, 0x41, 0x61, 0xd2, 0xff, 0x5a, 0x0, 0x0,
    0x0, 0x93, 0x68, 0x24, 0xff, 0xbc, 0x94, 0x93,
    0x93, 0x93, 0xaa, 0xff, 0x2d, 0x5c, 0x9b, 0x2,
    0x58, 0x5d, 0x3c, 0x96, 0x27, 0xb4, 0x15, 0x0,
    0x0, 0xa, 0xaf, 0x32, 0x8d, 0x46, 0x49, 0x6a,
    0x92, 0xf, 0x93, 0x7, 0x0, 0x9d, 0xff, 0x0,
    0x0, 0xfd, 0xcd, 0x0, 0x0, 0x96, 0x2, 0x9f,
    0x68, 0x48, 0x42, 0x8f, 0x11, 0xd, 0x43, 0x0,
    0x0, 0x3e, 0x13, 0xd, 0x85, 0x4c, 0x34, 0x7b,
    0x5, 0xff, 0x43, 0x27, 0x89, 0x94, 0x94, 0x93,
    0x93, 0x93, 0x94, 0x8c, 0x2d, 0x39, 0xfd, 0xa,
    0x22, 0xeb, 0x77, 0xa8, 0x70, 0x48, 0x1d, 0xf,
    0xe, 0x1c, 0x46, 0x6c, 0xa6, 0x7f, 0xb2, 0x4d,
    0xf, 0xc6, 0x0, 0x3, 0x35, 0xe0, 0x85, 0x94,
    0x95, 0x86, 0xeb, 0x38, 0x5, 0x0, 0x99, 0x26,
    0x70, 0xff, 0x0, 0x0, 0x10, 0xe3, 0x0, 0x0,
    0x0, 0x0, 0xd5, 0x26, 0x0, 0x0, 0xd3, 0x84,
    0x98, 0xff, 0x0, 0x0, 0x37, 0xff, 0x5, 0x0,
    0x0, 0x0, 0xff, 0x67, 0x0, 0x0, 0xdc, 0xa7,
    0x1d, 0xff, 0x41, 0x0, 0x0, 0x8c, 0x0, 0x0,
    0x0, 0x0, 0x8f, 0x5, 0x0, 0x28, 0xee, 0x26,
    0x0, 0x12, 0x8e, 0xb4, 0x71, 0xa9, 0x1d, 0x6,
    0x3, 0x19, 0xaa, 0x64, 0xa5, 0x92, 0x17, 0x0,
    0x0, 0x0, 0x0, 0x7, 0x40, 0x72, 0x93, 0xa1,
    0xa0, 0x95, 0x75, 0x43, 0x9, 0x0, 0x0, 0x0,

    /* U+1F970 "🥰" */
    0x0, 0x0, 0x0, 0x0, 0x0, 0x0, 0x0, 0x30,
    0x6f, 0x88, 0x86, 0x6c, 0x2b, 0x0, 0x0, 0x0,
    0x71, 0xe7, 0x8f, 0x0, 0x0, 0x0, 0x0, 0x0,
    0x0, 0x4b, 0xab, 0x74, 0x31, 0x16, 0x19, 0x37,
    0x76, 0x44, 0x99, 0x90, 0xfe, 0xff, 0xff, 0x38,
    0x0, 0x0, 0x0, 0x0, 0x86, 0x75, 0x3, 0x0,
    0x0, 0x0, 0x0, 0x0, 0x0, 0xd7, 0xff, 0xff,
    0xff, 0xff, 0xff, 0x62, 0x0, 0x0, 0x0, 0x79,
    0x58, 0x0, 0x0, 0x0, 0x0, 0x0, 0x0, 0x0,
    0x0, 0xdc, 0xff, 0xff, 0xff, 0xff, 0xff, 0x3a,
    0x0, 0x0, 0x26, 0x90, 0x0, 0x0, 0x0, 0x0,
    0x0, 0x0, 0x0, 0x0, 0x0, 0x60, 0xfe, 0xff,
    0xff, 0xff, 0xd6, 0x2, 0x0, 0x0, 0x94, 0x15,
    0x0, 0x10, 0xa0, 0xa8, 0x6a, 0x0, 0x0, 0x77,
    0xa8, 0x9b, 0x52, 0xbc, 0xf9, 0xff, 0x47, 0x0,
    0x0, 0x1, 0xa0, 0x0, 0x0, 0x25, 0x18, 0x0,
    0x3c, 0x1, 0x5, 0x38, 0x0, 0x1e, 0x1f, 0x0,
    0x4, 0x3e, 0x0, 0x0, 0x0, 0x14, 0x89, 0x0,
    0x6, 0x3c, 0xd, 0x0, 0x0, 0x0, 0x0, 0x0,
    0x0, 0x0, 0x0, 0x0, 0x0, 0x99, 0x7, 0x0,
    0x0, 0x13, 0x35, 0x6, 0xcc, 0xff, 0xd4, 0x9,
    0x0, 0x0, 0x0, 0x0, 0x0, 0x0, 0x17, 0x5d,
    0x0, 0x8d, 0x12, 0x0, 0x0, 0x7a, 0xeb, 0xdd,
    0xff, 0xff, 0xff, 0x64, 0x0, 0x0, 0x0, 0x0,
    0x2c, 0x8a, 0xa0, 0x21, 0x0, 0xa0, 0x2, 0x0,
    0xa, 0xfe, 0xff, 0xff, 0xff, 0xff, 0xff, 0xce,
    0xa6, 0xa4, 0xa4, 0xa6, 0x7c, 0x3c, 0x1e, 0x0,
    0x0, 0xa6, 0x0, 0x0, 0x2, 0xec, 0xff, 0xff,
    0xff, 0xff, 0xff, 0x28, 0x0, 0x0, 0x0, 0x0,
    0x40, 0xfa, 0xfd, 0x5b, 0x25, 0x80, 0x0, 0x0,
    0x0, 0x53, 0xf9, 0xff, 0xff, 0xff, 0xb6, 0x0,
    0x0, 0x0, 0x0, 0x0, 0xd0, 0xff, 0xff, 0xdf,
    0x68, 0x2d, 0x0, 0x0, 0x0, 0x0, 0x26, 0x92,
    0xd2, 0xe4, 0x21, 0x0, 0x0, 0x0, 0x0, 0x0,
    0xf3, 0xff, 0xff, 0xff, 0xff, 0xfb, 0x2f, 0x0,
    0x0, 0x0, 0x0, 0x0, 0x29, 0x4c, 0x0, 0x0,
    0x0, 0x0, 0x0, 0x0, 0xdb, 0xff, 0xff, 0xff,
    0xff, 0xff, 0x5e, 0x0, 0x0, 0x0, 0x0, 0x0,
    0x0, 0x54, 0x99, 0x5b, 0x1f, 0x4, 0x3, 0x1c,
    0x95, 0xff, 0xff, 0xff, 0xff, 0xe8, 0x14, 0x0,
    0x0, 0x0, 0x0, 0x0, 0x0, 0x0, 0x0, 0x3c,
    0x71, 0x8d, 0x93, 0x76, 0x2d, 0xf4, 0xfd, 0xe6,
    0x9e, 0x1e, 0x0, 0x0, 0x0, 0x0, 0x0, 0x0,
    0x0, 0x0, 0x0, 0x0, 0x0, 0x0, 0x0, 0x0,
    0x0, 0x0, 0x0, 0x0, 0x0, 0x0, 0x0, 0x0,

    /* U+1F975 "🥵" */
    0x0, 0x0, 0x0, 0x0, 0x0, 0x1, 0x33, 0x76,
    0x92, 0x93, 0x77, 0x34, 0x0, 0x0, 0x0, 0x0,
    0x0, 0x0, 0x0, 0x0, 0x0, 0x0, 0x0, 0x3f,
    0xac, 0x73, 0x2c, 0xd, 0xc, 0x29, 0x72, 0xa9,
    0x3e, 0x0, 0x3d, 0x13, 0x0, 0x0, 0x0, 0x0,
    0x0, 0x6b, 0x85, 0x6, 0x0, 0x0, 0x0, 0x0,
    0x0, 0x0, 0x5, 0x7c, 0x73, 0xb1, 0x98, 0x0,
    0x0, 0x0, 0x0, 0x51, 0x79, 0x0, 0x0, 0x0,
    0x0, 0x0, 0x0, 0x0, 0x0, 0x0, 0x0, 0xc3,
    0x3f, 0x7e, 0x3f, 0x0, 0x0, 0xb, 0xa7, 0x0,
    0x0, 0x5e, 0x4a, 0x0, 0x0, 0x0, 0x0, 0x19,
    0x83, 0xe, 0x9d, 0x0, 0xa, 0xaa, 0x0, 0x0,
    0x69, 0x3e, 0x1a, 0x8e, 0x49, 0x0, 0x0, 0x0,
    0x0, 0x0, 0x0, 0x2c, 0xbf, 0x66, 0x0, 0x0,
    0x94, 0xe, 0x0, 0x9f, 0x2, 0x0, 0x0, 0x15,
    0x6c, 0x6, 0x0, 0x0, 0x0, 0x52, 0x35, 0x39,
    0x5e, 0x0, 0x0, 0x97, 0xe, 0x0, 0x9b, 0x0,
    0x0, 0x0, 0x89, 0xff, 0x58, 0x0, 0x0, 0xc,
    0xfd, 0xd0, 0x1, 0x9a, 0x7a, 0xb5, 0x82, 0x0,
    0x0, 0xb7, 0x9d, 0x0, 0x0, 0x43, 0xc9, 0x22,
    0x0, 0x0, 0x1, 0xad, 0x7c, 0x0, 0x0, 0x25,
    0xb5, 0x8, 0x0, 0x0, 0xff, 0x82, 0x57, 0x0,
    0x0, 0x0, 0x0, 0x0, 0x0, 0x0, 0x0, 0x0,
    0x0, 0x0, 0x0, 0xa3, 0x0, 0x0, 0x54, 0x64,
    0x1, 0xac, 0xb, 0x0, 0x0, 0x0, 0x5, 0xb,
    0x0, 0x0, 0x0, 0x0, 0x0, 0x0, 0xa2, 0x0,
    0x0, 0xa5, 0x2, 0x0, 0x40, 0x6a, 0x1b, 0xd8,
    0xa4, 0x96, 0xee, 0x9e, 0xdf, 0x46, 0x0, 0x0,
    0x1d, 0x8b, 0x0, 0x0, 0x9f, 0x0, 0x0, 0xc,
    0x93, 0xbc, 0xff, 0x0, 0x0, 0x78, 0x0, 0x9e,
    0xff, 0x8, 0x0, 0x95, 0x23, 0x0, 0x0, 0xa1,
    0x2f, 0x9, 0x7e, 0x55, 0x52, 0xf3, 0x0, 0x0,
    0x78, 0x0, 0x98, 0xac, 0x0, 0x4c, 0x7f, 0x0,
    0x0, 0x0, 0xf, 0x78, 0x94, 0xbf, 0x7a, 0x1,
    0xa0, 0x0, 0x0, 0x49, 0x0, 0x82, 0x1d, 0x58,
    0x9b, 0x2, 0x0, 0x0, 0x0, 0x0, 0x0, 0x0,
    0x0, 0x4d, 0xb4, 0xe9, 0x26, 0x0, 0x0, 0xa,
    0xf1, 0xa8, 0x71, 0x1, 0x0, 0x0, 0x0, 0x0,
    0x0, 0x0, 0x0, 0x0, 0x0, 0x5, 0x5a, 0x9d,
    0x9f, 0x9f, 0xa5, 0x7d, 0xe, 0x0, 0x0, 0x0,
    0x0, 0x0, 0x0,

    /* U+1F976 "🥶" */
    0x0, 0x0, 0x0, 0x0, 0x21, 0x95, 0xac, 0xa0,
    0x9f, 0xa1, 0xa2, 0x9f, 0x8a, 0x1c, 0x0, 0x0,
    0x0, 0x0, 0x0, 0x0, 0x0, 0x0, 0x0, 0x3b,
    0xa8, 0x1b, 0x0, 0x0, 0x0, 0x0, 0x0, 0x0,
    0x23, 0xa5, 0x0, 0x0, 0x0, 0x0, 0x0, 0x0,
    0x0, 0x0, 0x1, 0xb4, 0x5, 0x0, 0x0, 0x0,
    0x0, 0x53, 0xac, 0xa0, 0xa9, 0xbd, 0x7d, 0x67,
    0x5b, 0x55, 0x0, 0x0, 0x0, 0x0, 0x7, 0xc6,
    0x4, 0xc, 0x61, 0xb3, 0xaf, 0x6a, 0x2, 0x0,
    0x0, 0x0, 0xb4, 0x67, 0xa0, 0x8b, 0x23, 0x0,
    0x0, 0x0, 0x48, 0xb9, 0xa3, 0x97, 0x52, 0x1,
    0x0, 0x0, 0x0, 0x0, 0x0, 0x5a, 0xb8, 0x50,
    0x41, 0xbe, 0x94, 0x0, 0x0, 0x2, 0xc9, 0x3,
    0x0, 0x0, 0x0, 0x0, 0x0, 0x0, 0x0, 0x0,
    0x0, 0x5f, 0xa0, 0x45, 0x39, 0xa7, 0x98, 0x0,
    0x38, 0xaa, 0xb7, 0x85, 0xc, 0xc, 0xbf, 0x5f,
    0x0, 0x0, 0x0, 0x5e, 0xbe, 0xc, 0x9d, 0x67,
    0xa0, 0x93, 0x24, 0x0, 0x97, 0x69, 0x6a, 0x68,
    0x61, 0x2f, 0xff, 0xae, 0x0, 0x0, 0x0, 0xab,
    0xff, 0x2a, 0x3a, 0x62, 0x71, 0xb3, 0x0, 0x0,
    0xa1, 0x7d, 0x17, 0xa8, 0x50, 0x0, 0x64, 0x29,
    0x0, 0x0, 0x0, 0x27, 0x64, 0x0, 0x0, 0x0,
    0x18, 0x86, 0x0, 0x0, 0xa1, 0x94, 0x82, 0x89,
    0x5a, 0x0, 0x0, 0x0, 0x0, 0x0, 0x0, 0x0,
    0x0, 0x0, 0x0, 0x0, 0x2c, 0x74, 0x0, 0x0,
    0x25, 0x97, 0xab, 0x66, 0x81, 0xb5, 0xae, 0xc0,
    0x8c, 0xc2, 0x8c, 0xc2, 0xac, 0x8a, 0xa, 0x0,
    0x5e, 0x49, 0x0, 0x0, 0x0, 0x4, 0x98, 0xa,
    0xd6, 0x8f, 0xa0, 0xb5, 0x78, 0xb7, 0x78, 0xb7,
    0xa2, 0x94, 0x5b, 0x0, 0xa7, 0x8, 0x0, 0x0,
    0x0, 0x0, 0x87, 0x21, 0xc9, 0x58, 0x4c, 0x74,
    0x0, 0x78, 0x0, 0x78, 0x50, 0x75, 0x37, 0x3a,
    0x7e, 0x0, 0x0, 0x0, 0x0, 0x0, 0x11, 0xd4,
    0x4f, 0x80, 0x8c, 0x8c, 0x8c, 0x8c, 0x8c, 0x8c,
    0x88, 0x46, 0x15, 0xae, 0x9, 0x0, 0x0, 0x0,
    0x0, 0x0, 0x79, 0x85, 0x97, 0x79, 0x0, 0x0,
    0x0, 0x0, 0x0, 0x0, 0x0, 0x2d, 0xae, 0x1b,
    0x0, 0x0, 0x0, 0x0, 0x0, 0x0, 0x87, 0x6f,
    0x8f, 0xf2, 0x88, 0x3b, 0xb, 0x0, 0x10, 0x44,
    0x99, 0x8d, 0xd, 0x0, 0x0, 0x0, 0x0, 0x0,
    0x0, 0x0, 0x30, 0xa2, 0x8b, 0x1d, 0x12, 0x66,
    0x94, 0xa0, 0x90, 0x63, 0x16, 0x0, 0x0, 0x0,
    0x0, 0x0, 0x0, 0x0, 0x0, 0x0, 0x0, 0x1,
    0x0, 0x0, 0x0, 0x0, 0x0, 0x0, 0x0, 0x0,
    0x0, 0x0, 0x0, 0x0, 0x0, 0x0, 0x0, 0x0,

    /* U+1F978 "🥸" */
    0x0, 0x0, 0x0, 0x0, 0x0, 0x0, 0x2d, 0x74,
    0x92, 0x94, 0x78, 0x34, 0x0, 0x0, 0x0, 0x0,
    0x0, 0x0, 0x0, 0x0, 0x0, 0x0, 0x32, 0xab,
    0x7a, 0x2f, 0xe, 0xb, 0x2a, 0x72, 0xac, 0x3d,
    0x0, 0x0, 0x0, 0x0, 0x0, 0x0, 0x0, 0x98,
    0xff, 0xb0, 0x75, 0x5, 0x0, 0x0, 0x0, 0x67,
    0x79, 0xff, 0xe2, 0x2, 0x0, 0x0, 0x0, 0x6,
    0xe0, 0xff, 0xfe, 0xff, 0xff, 0x2d, 0x0, 0x0,
    0x0, 0xd9, 0xff, 0xff, 0xff, 0xff, 0xf, 0x0,
    0x0, 0x6, 0xff, 0xff, 0xff, 0xff, 0xff, 0x25,
    0x0, 0x0, 0x1, 0xff, 0xff, 0xfc, 0xff, 0xff,
    0x10, 0x0, 0x0, 0x76, 0xf3, 0x43, 0x69, 0x37,
    0x23, 0xac, 0x1a, 0x25, 0x7b, 0x56, 0x55, 0x5a,
    0x1a, 0xe5, 0x95, 0x0, 0xc, 0xff, 0x93, 0x74,
    0x3, 0x0, 0x0, 0x73, 0xff, 0xe4, 0xf4, 0x3d,
    0x3b, 0x0, 0x0, 0x66, 0xff, 0x24, 0x3, 0xff,
    0x82, 0x3f, 0x0, 0x0, 0x0, 0x8c, 0x83, 0x2a,
    0xff, 0x35, 0xa, 0x0, 0x0, 0x5b, 0xff, 0xb,
    0x0, 0xa0, 0x97, 0x18, 0x0, 0x0, 0xe, 0xff,
    0x52, 0x8, 0xff, 0x3b, 0x0, 0x0, 0x9, 0x98,
    0x97, 0x9, 0x0, 0xa0, 0x10, 0x92, 0x75, 0x6f,
    0xa2, 0xbc, 0x18, 0x0, 0x84, 0xf2, 0x7d, 0x6b,
    0x8e, 0x1a, 0x9f, 0x0, 0x0, 0xa2, 0x4, 0x0,
    0x19, 0x17, 0x57, 0x75, 0x0, 0x0, 0x65, 0x65,
    0x12, 0x1e, 0x0, 0x0, 0xa6, 0x0, 0x0, 0x64,
    0x4a, 0x0, 0x2b, 0x7d, 0x9e, 0xfb, 0x1c, 0x0,
    0xc6, 0xd9, 0x59, 0x6a, 0x0, 0x31, 0x7b, 0x0,
    0x0, 0x7, 0xae, 0x3, 0x6, 0xda, 0xff, 0xff,
    0xff, 0xff, 0xff, 0xff, 0xfc, 0x38, 0x0, 0xa4,
    0x11, 0x0, 0x0, 0x0, 0x44, 0x8a, 0x0, 0x3e,
    0x5d, 0xc2, 0x90, 0x66, 0xc1, 0x7b, 0x57, 0x7,
    0x72, 0x57, 0x0, 0x0, 0x0, 0x0, 0x0, 0x5f,
    0x91, 0x8, 0x0, 0x0, 0x0, 0x0, 0x0, 0x0,
    0x4, 0x7f, 0x6f, 0x0, 0x0, 0x0, 0x0, 0x0,
    0x0, 0x0, 0x38, 0xad, 0x72, 0x26, 0x6, 0x4,
    0x21, 0x69, 0xad, 0x44, 0x0, 0x0, 0x0, 0x0,
    0x0, 0x0, 0x0, 0x0, 0x0, 0x1, 0x36, 0x7c,
    0x9a, 0x9b, 0x81, 0x3d, 0x2, 0x0, 0x0, 0x0,
    0x0, 0x0,

    /* U+1F97A "🥺" */
    0x0, 0x0, 0x0, 0x0, 0x0, 0x2d, 0x74, 0x92,
    0x94, 0x78, 0x34, 0x0, 0x0, 0x0, 0x0, 0x0,
    0x0, 0x0, 0x0, 0x0, 0x32, 0xab, 0x7a, 0x2f,
    0xe, 0xb, 0x2a, 0x72, 0xac, 0x3d, 0x0, 0x0,
    0x0, 0x0, 0x0, 0x0, 0x58, 0x97, 0xb, 0x0,
    0x0, 0x0, 0x0, 0x0, 0x0, 0x6, 0x86, 0x68,
    0x0, 0x0, 0x0, 0x0, 0x40, 0x8f, 0x0, 0x0,
    0x3, 0x0, 0x0, 0x0, 0x0, 0x0, 0x4, 0x0,
    0x78, 0x52, 0x0, 0x0, 0x6, 0xae, 0x4, 0xc,
    0x67, 0x5e, 0x0, 0x0, 0x0, 0x0, 0x24, 0xa8,
    0x2a, 0x0, 0xa6, 0xf, 0x0, 0x61, 0x4d, 0x0,
    0x81, 0x3f, 0x0, 0x0, 0x0, 0x0, 0x0, 0x0,
    0x1b, 0x7d, 0x2f, 0x35, 0x78, 0x0, 0xa1, 0x5,
    0x0, 0x4, 0x5c, 0x77, 0x17, 0x0, 0x0, 0x1,
    0x57, 0x7a, 0x21, 0x0, 0x0, 0xa6, 0x0, 0xa0,
    0x0, 0x0, 0x7e, 0x14, 0x76, 0xd8, 0xb, 0x0,
    0x79, 0x18, 0x6e, 0xe7, 0x1a, 0x0, 0x9f, 0x0,
    0xa0, 0x0, 0x2, 0xc7, 0x19, 0xc1, 0xff, 0x49,
    0x0, 0xc7, 0x19, 0xbb, 0xff, 0x68, 0x0, 0x96,
    0x9, 0xa0, 0x0, 0x0, 0xdf, 0xff, 0xd5, 0xf5,
    0x2c, 0x0, 0xd7, 0xff, 0xdb, 0xe5, 0x49, 0x0,
    0x9f, 0x0, 0xa2, 0x4, 0x0, 0x36, 0xe4, 0xf6,
    0x6e, 0x0, 0x0, 0x2e, 0xde, 0xf9, 0x85, 0x0,
    0x0, 0xa6, 0x0, 0x64, 0x4a, 0x0, 0x0, 0x0,
    0x1, 0x0, 0x0, 0x0, 0x0, 0x0, 0x1, 0x0,
    0x0, 0x31, 0x7b, 0x0, 0x7, 0xae, 0x3, 0x0,
    0x0, 0x0, 0x0, 0x0, 0x0, 0x0, 0x0, 0x0,
    0x0, 0x0, 0xa4, 0x11, 0x0, 0x0, 0x44, 0x8a,
    0x0, 0x0, 0x0, 0x45, 0xa2, 0x9e, 0x77, 0x0,
    0x0, 0x0, 0x72, 0x57, 0x0, 0x0, 0x0, 0x0,
    0x5f, 0x91, 0x8, 0x0, 0x0, 0x0, 0x0, 0x0,
    0x0, 0x4, 0x7f, 0x6f, 0x0, 0x0, 0x0, 0x0,
    0x0, 0x0, 0x38, 0xad, 0x72, 0x26, 0x6, 0x4,
    0x21, 0x69, 0xad, 0x44, 0x0, 0x0, 0x0, 0x0,
    0x0, 0x0, 0x0, 0x0, 0x1, 0x36, 0x7c, 0x9a,
    0x9b, 0x81, 0x3d, 0x2, 0x0, 0x0, 0x0, 0x0,
    0x0,

    /* U+1F981 "🦁" */
    0x0, 0x0, 0x0, 0x0, 0x10, 0x4e, 0x1f, 0x0,
    0xb, 0x3a, 0x2c, 0x5c, 0x7, 0x0, 0x0, 0x0,
    0x0, 0x0, 0x0, 0x8e, 0x70, 0xf1, 0xff, 0xd5,
    0xb6, 0xd6, 0xff, 0xbb, 0x25, 0x34, 0x0, 0x0,
    0x0, 0x1b, 0x7a, 0xbd, 0xff, 0xff, 0xff, 0xff,
    0xff, 0xff, 0xff, 0xe4, 0xfd, 0x9e, 0x36, 0x0,
    0x0, 0x7, 0xdc, 0xff, 0xff, 0xff, 0xff, 0xff,
    0xff, 0xff, 0xff, 0xff, 0xff, 0xf4, 0x18, 0x0,
    0x0, 0x68, 0x80, 0x2e, 0x75, 0xa3, 0x92, 0xd1,
    0xe7, 0x9e, 0x95, 0x93, 0x33, 0x65, 0xc3, 0x1,
    0x0, 0xeb, 0x57, 0xc6, 0x16, 0x0, 0x0, 0x2,
    0xf, 0x0, 0x0, 0x1, 0xbd, 0x45, 0xff, 0x38,
    0x5, 0xae, 0xe7, 0x1f, 0x0, 0x47, 0x86, 0x0,
    0x0, 0x47, 0x86, 0x0, 0x9, 0xd0, 0xb6, 0x26,
    0x0, 0xa7, 0xff, 0x2d, 0x0, 0x15, 0x2f, 0x0,
    0x0, 0x15, 0x2f, 0x0, 0x1, 0xfc, 0xec, 0x8,
    0x0, 0xe2, 0xff, 0x57, 0x0, 0x0, 0x0, 0x76,
    0x80, 0x1c, 0x0, 0x0, 0x26, 0xff, 0xc6, 0x1f,
    0x0, 0xab, 0xff, 0xd1, 0x7, 0x0, 0x0, 0xb7,
    0xeb, 0x14, 0x0, 0x0, 0xa5, 0xff, 0xc6, 0x0,
    0x0, 0x36, 0xff, 0xff, 0xb3, 0xc, 0x1b, 0x81,
    0x93, 0x3e, 0x0, 0x7f, 0xff, 0xff, 0xa7, 0x0,
    0x0, 0xe, 0xfb, 0xff, 0xff, 0xdd, 0xe, 0x0,
    0x0, 0x0, 0x9e, 0xff, 0xff, 0xe8, 0x8, 0x0,
    0x0, 0x0, 0x30, 0xf6, 0xff, 0xff, 0x54, 0x0,
    0x0, 0x14, 0xf3, 0xff, 0xff, 0xa0, 0x0, 0x0,
    0x0, 0x0, 0x0, 0x7a, 0xf8, 0xff, 0xf0, 0x5c,
    0x45, 0xcb, 0xff, 0xff, 0x8c, 0x3c, 0x0, 0x0,
    0x0, 0x0, 0x0, 0x0, 0x29, 0xd9, 0xff, 0xff,
    0xff, 0xff, 0xf6, 0x97, 0x0, 0x0, 0x0, 0x0,
    0x0, 0x0, 0x0, 0x0, 0x0, 0x21, 0x68, 0xd8,
    0xf9, 0x6e, 0x36, 0x1, 0x0, 0x0, 0x0, 0x0,
    0x0, 0x0, 0x0, 0x0, 0x0, 0x0, 0x0, 0x15,
    0x46, 0x0, 0x0, 0x0, 0x0, 0x0, 0x0, 0x0,

    /* U+1F984 "🦄" */
    0x0, 0x0, 0x8, 0xd8, 0x3b, 0x0, 0x0, 0x14,
    0x6d, 0x0, 0x0, 0x0, 0x0, 0x0, 0x0, 0x0,
    0x0, 0x0, 0x0, 0x0, 0x9a, 0xe8, 0x87, 0xd,
    0x97, 0x53, 0x5a, 0x3, 0x61, 0xb, 0x0, 0x0,
    0x0, 0x0, 0x0, 0x0, 0x1c, 0xff, 0xae, 0xff,
    0xff, 0x77, 0x0, 0xb8, 0x1c, 0xe0, 0x75, 0x0,
    0x0, 0x0, 0x0, 0x0, 0x0, 0xcf, 0xff, 0xff,
    0x5f, 0xff, 0x65, 0x0, 0xff, 0xff, 0xff, 0x64,
    0x0, 0x0, 0x0, 0x0, 0x0, 0x2, 0xf7, 0x7f,
    0xff, 0x88, 0x9f, 0x57, 0xc, 0xe7, 0xff, 0xff,
    0xff, 0x69, 0x0, 0x0, 0x0, 0x0, 0x0, 0x38,
    0x6, 0xa3, 0xad, 0x2e, 0x0, 0x36, 0xff, 0xff,
    0xff, 0xff, 0xd0, 0x3b, 0xb, 0x0, 0x0, 0x0,
    0x3, 0x9a, 0x51, 0x0, 0x2e, 0xc, 0xb, 0xeb,
    0xff, 0xff, 0xff, 0xea, 0xd7, 0x75, 0x0, 0x0,
    0x0, 0x92, 0x46, 0x0, 0x0, 0xb1, 0x49, 0x0,
    0x3e, 0xe4, 0xff, 0xff, 0xff, 0xff, 0x72, 0x0,
    0x2, 0x90, 0x5b, 0x0, 0x0, 0x0, 0x3, 0x0,
    0x0, 0x28, 0x22, 0xff, 0xff, 0xff, 0xfe, 0x28,
    0x0, 0x7c, 0x44, 0x4a, 0x17, 0x0, 0x0, 0x0,
    0x0, 0x8, 0xb5, 0x2c, 0xff, 0xff, 0xff, 0xff,
    0xc4, 0x0, 0xa1, 0x0, 0xd, 0x6, 0x12, 0x15,
    0x22, 0x56, 0xb8, 0x3a, 0xb, 0xfa, 0xff, 0xff,
    0xff, 0xff, 0x16, 0x98, 0x23, 0xa, 0x78, 0xad,
    0x9d, 0x9a, 0xd0, 0x14, 0x0, 0x0, 0x9c, 0xff,
    0xff, 0xff, 0xfe, 0xb, 0x12, 0x87, 0x95, 0x3b,
    0x0, 0x0, 0x3f, 0x65, 0x0, 0x0, 0x0, 0x13,
    0xda, 0xff, 0xff, 0xc5, 0x0, 0x0, 0x0, 0x0,
    0x0, 0x0, 0x0, 0x71, 0x34, 0x0, 0x0, 0x0,
    0x0, 0x1a, 0xda, 0xff, 0x52, 0x0, 0x0, 0x0,
    0x0, 0x0, 0x0, 0x0, 0x9d, 0xa, 0x0, 0x0,
    0x0, 0x0, 0x0, 0x3a, 0xff, 0x2, 0x0, 0x0,
    0x0, 0x0, 0x0, 0x0, 0x0, 0xaa, 0x2d, 0x8,
    0x0, 0x0, 0x0, 0xb, 0x33, 0xdf, 0x0, 0x0,
    0x0, 0x0, 0x0, 0x0, 0x0, 0x0, 0x1e, 0x77,
    0x98, 0x9f, 0x9f, 0xa0, 0x96, 0x70, 0x13, 0x0,
    0x0,

    /* U+1F98A "🦊" */
    0x0, 0x0, 0x0, 0x0, 0x14, 0x1a, 0x0, 0x0,
    0x0, 0x0, 0x0, 0x0, 0x0, 0x1c, 0x13, 0x0,
    0x0, 0x0, 0x0, 0x0, 0x0, 0xe, 0xe6, 0xf9,
    0x66, 0x0, 0x0, 0x0, 0x0, 0x0, 0x6c, 0xfa,
    0xe4, 0xc, 0x0, 0x0, 0x0, 0x0, 0x0, 0x5e,
    0xff, 0xff, 0xff, 0x5e, 0x0, 0x0, 0x0, 0x66,
    0xff, 0xff, 0xff, 0x59, 0x0, 0x0, 0x0, 0x0,
    0x0, 0x84, 0xdb, 0xff, 0x5e, 0xc0, 0x1e, 0x0,
    0x24, 0xbd, 0x89, 0xff, 0xd6, 0x7f, 0x0, 0x0,
    0x0, 0x0, 0x0, 0x9c, 0x4b, 0xff, 0xbb, 0x1f,
    0xbe, 0xa1, 0xbd, 0x23, 0xec, 0xfc, 0x34, 0x97,
    0x0, 0x0, 0x0, 0x0, 0x0, 0x95, 0xb, 0x95,
    0xd, 0x0, 0x0, 0x0, 0x0, 0x0, 0x1c, 0x95,
    0x8, 0x91, 0x0, 0x0, 0x0, 0x0, 0x0, 0x6c,
    0x32, 0x0, 0x0, 0x0, 0x0, 0x0, 0x0, 0x0,
    0x0, 0x0, 0x3a, 0x65, 0x0, 0x0, 0x0, 0x0,
    0x0, 0x83, 0x35, 0x0, 0x0, 0x0, 0x0, 0x0,
    0x0, 0x0, 0x0, 0x0, 0x3e, 0x7a, 0x0, 0x0,
    0x0, 0x0, 0xb, 0xa3, 0x0, 0x0, 0x2c, 0x31,
    0x0, 0x0, 0x0, 0x4b, 0x13, 0x0, 0x0, 0xa9,
    0x4, 0x0, 0x0, 0x0, 0x6a, 0x48, 0x0, 0x0,
    0xa1, 0xac, 0x0, 0x0, 0x0, 0xec, 0x60, 0x0,
    0x0, 0x5b, 0x4e, 0x0, 0x0, 0x30, 0xff, 0x97,
    0x90, 0x66, 0x2c, 0x18, 0x0, 0x0, 0x0, 0x27,
    0x30, 0x76, 0x96, 0x94, 0xfd, 0x17, 0x0, 0xb8,
    0x21, 0x6, 0x44, 0x4b, 0x97, 0x78, 0x4, 0x11,
    0xc, 0x99, 0x81, 0x4e, 0x2c, 0xa, 0x33, 0xa2,
    0x5, 0xbc, 0x10, 0x0, 0x1c, 0x7e, 0x44, 0x4f,
    0xff, 0xff, 0xff, 0x26, 0x68, 0x64, 0x11, 0x0,
    0x29, 0xa8, 0x0, 0x27, 0x96, 0x8c, 0x79, 0x86,
    0xe, 0x1a, 0x57, 0xfc, 0x31, 0x19, 0x2e, 0x83,
    0x7a, 0x9f, 0x84, 0x12, 0x0, 0x0, 0x0, 0x1b,
    0x85, 0x9f, 0x45, 0x6d, 0x94, 0x6f, 0x93, 0x52,
    0x60, 0xaa, 0x6c, 0xb, 0x0, 0x0, 0x0, 0x0,
    0x0, 0x0, 0x0, 0x9, 0x61, 0xa2, 0x9e, 0x97,
    0x9f, 0x9b, 0x48, 0x1, 0x0, 0x0, 0x0, 0x0,
    0x0, 0x0, 0x0, 0x0, 0x0, 0x0, 0x0, 0x0,
    0x0, 0x7, 0x0, 0x0, 0x0, 0x0, 0x0, 0x0,
    0x0, 0x0,

    /* U+1F98C "🦌" */
    0xb, 0x2a, 0x13, 0x0, 0x0, 0x1, 0x7, 0x2c,
    0x0, 0x0, 0x0, 0x0, 0x11, 0xba, 0xa7, 0x3,
    0xd, 0x6c, 0xd2, 0x70, 0x0, 0x0, 0x0, 0x0,
    0x4e, 0xe9, 0xff, 0x5d, 0x68, 0xff, 0xff, 0x84,
    0x1b, 0x0, 0x0, 0x0, 0x8a, 0x4e, 0x88, 0xab,
    0xff, 0xd5, 0x78, 0x6b, 0x3c, 0x0, 0x0, 0x0,
    0x14, 0x8d, 0x3c, 0x0, 0x35, 0x92, 0xa9, 0xa1,
    0x0, 0x0, 0x0, 0x0, 0x31, 0xac, 0x2, 0x32,
    0x1e, 0x29, 0x98, 0x30, 0x0, 0x0, 0x0, 0x0,
    0x54, 0x9c, 0x2, 0x1, 0x0, 0x5d, 0x87, 0x61,
    0x77, 0x43, 0x8, 0xe, 0x2, 0x78, 0xd2, 0x1,
    0x0, 0x7d, 0x6c, 0x2e, 0x1e, 0x83, 0xbc, 0xa7,
    0x0, 0x0, 0xa2, 0x0, 0x0, 0x0, 0x0, 0x0,
    0x0, 0x0, 0x7, 0xa2, 0x0, 0x0, 0xa2, 0x0,
    0x0, 0x0, 0x0, 0x0, 0x0, 0x0, 0x71, 0x4f,
    0x0, 0x0, 0x7f, 0x3a, 0x0, 0x0, 0x0, 0x9,
    0x38, 0x0, 0x85, 0x1d, 0x0, 0x0, 0x1c, 0x84,
    0x6b, 0x0, 0xb5, 0xff, 0xf9, 0x35, 0x40, 0x66,
    0x0, 0x0, 0x26, 0x79, 0x99, 0x0, 0xb4, 0xda,
    0xa9, 0xaa, 0x8, 0x96, 0x0, 0x0, 0x4f, 0x4a,
    0x94, 0x1d, 0x98, 0x95, 0xcb, 0xa0, 0xd, 0x99,
    0x0, 0x0, 0x81, 0xe, 0x90, 0x3e, 0x78, 0x9d,
    0x97, 0x93, 0x7, 0xa3, 0x0, 0x0, 0x9e, 0x65,
    0x71, 0x54, 0x7c, 0xc7, 0x76, 0xaa, 0xf, 0xa2,
    0x0, 0x0, 0xf, 0x3e, 0x63, 0x7d, 0x18, 0x31,
    0xe, 0x58, 0x9b, 0x2f,

    /* U+1F99B "🦛" */
    0x0, 0x0, 0x0, 0x0, 0x0, 0x83, 0xa3, 0xb,
    0x18, 0x68, 0xa, 0x0, 0x0, 0x0, 0x0, 0x0,
    0x0, 0x0, 0x0, 0x0, 0x0, 0x0, 0x0, 0x0,
    0x48, 0x65, 0x60, 0x86, 0xb2, 0x3e, 0x75, 0x45,
    0x91, 0x96, 0x9f, 0x88, 0x1c, 0x0, 0x0, 0x0,
    0x0, 0x0, 0x0, 0x40, 0x9d, 0x9, 0x10, 0x41,
    0x33, 0x0, 0xc5, 0x56, 0x5, 0x0, 0x0, 0x23,
    0xab, 0x3a, 0x0, 0x0, 0x0, 0x0, 0x6a, 0x81,
    0x9, 0x0, 0x0, 0x0, 0x0, 0x1e, 0x72, 0x0,
    0x0, 0x0, 0x0, 0x0, 0x7, 0xb6, 0x1e, 0x0,
    0x0, 0x0, 0xcf, 0x75, 0x0, 0x0, 0xd, 0x0,
    0x0, 0xb, 0x83, 0x0, 0x0, 0x0, 0x0, 0x0,
    0x0, 0x1e, 0xaf, 0xae, 0x0, 0x0, 0xc4, 0x82,
    0x0, 0x1e, 0xee, 0x0, 0x0, 0x0, 0x81, 0x0,
    0x0, 0x0, 0x0, 0x0, 0x0, 0x0, 0x0, 0xa4,
    0x1, 0x59, 0xc5, 0x21, 0x8, 0x0, 0x24, 0x0,
    0x0, 0x1, 0x80, 0x0, 0x0, 0x0, 0x0, 0x0,
    0x0, 0x0, 0x88, 0x51, 0x7c, 0x47, 0x33, 0x7e,
    0x8e, 0x88, 0x0, 0x6c, 0x9f, 0x34, 0x3d, 0x0,
    0x0, 0x0, 0x0, 0x0, 0x0, 0x0, 0xa0, 0x0,
    0x9e, 0x13, 0x44, 0x22, 0x61, 0x3, 0x0, 0x81,
    0x3e, 0x0, 0x0, 0x0, 0x0, 0x0, 0x0, 0x0,
    0x5, 0x0, 0x9e, 0x0, 0x65, 0x56, 0x0, 0x0,
    0x0, 0x0, 0xf, 0xca, 0x9, 0x0, 0x0, 0x0,
    0x0, 0x0, 0x1f, 0x8f, 0x87, 0x0, 0x9e, 0x0,
    0x3, 0x9d, 0x74, 0x28, 0x22, 0x59, 0xff, 0xff,
    0xcd, 0x9c, 0x12, 0x58, 0xa0, 0xff, 0xff, 0x57,
    0x97, 0x0, 0x9e, 0x0, 0x0, 0x0, 0x44, 0x86,
    0x8a, 0x60, 0xe6, 0xff, 0x50, 0x64, 0x1c, 0x95,
    0x2e, 0xff, 0xe9, 0x6d, 0x4a, 0x22, 0x7d, 0x0,
    0x0, 0x0, 0x0, 0x0, 0x0, 0x23, 0xfc, 0xff,
    0x4c, 0x6c, 0x17, 0x9e, 0x1, 0x17, 0x3, 0x58,
    0x9c, 0x96, 0x13, 0x0, 0x0, 0x0, 0x0, 0x0,
    0x0, 0x60, 0xd7, 0xa1, 0xe, 0xa3, 0x2, 0xa5,
    0x0, 0x0, 0x0, 0x0, 0x0, 0x0, 0x0, 0x0,
    0x0, 0x0, 0x0, 0x0, 0x0, 0x0, 0x0, 0x0,
    0x0, 0x99, 0xa0, 0x3f, 0x0, 0x0, 0x0, 0x0,
    0x0, 0x0, 0x0, 0x0,

    /* U+1F99D "🦝" */
    0x0, 0x0, 0x0, 0x36, 0x56, 0x1d, 0x0, 0x0,
    0x0, 0x0, 0x0, 0x0, 0x0, 0x0, 0x0, 0x2e,
    0x5a, 0x1f, 0x0, 0x0, 0x0, 0x0, 0x0, 0x0,
    0xb2, 0x4c, 0x91, 0xab, 0x33, 0x47, 0x81, 0x96,
    0x77, 0x31, 0x52, 0xb2, 0x7c, 0x49, 0x9f, 0x0,
    0x0, 0x0, 0x0, 0x0, 0x0, 0x9e, 0x8c, 0xab,
    0x2f, 0x94, 0x66, 0x1f, 0x8, 0x2b, 0x7f, 0x77,
    0x3f, 0xc7, 0x55, 0x9e, 0x0, 0x0, 0x0, 0x0,
    0x0, 0x0, 0x9c, 0x7e, 0xf9, 0x5a, 0x0, 0x0,
    0x0, 0x0, 0x0, 0x0, 0x0, 0x94, 0xff, 0x48,
    0x92, 0x0, 0x0, 0x0, 0x0, 0x0, 0x0, 0x93,
    0x24, 0x41, 0x0, 0x0, 0x0, 0x0, 0x0, 0x0,
    0x0, 0x0, 0x0, 0x5b, 0x42, 0x5b, 0x0, 0x0,
    0x0, 0x0, 0x0, 0x0, 0xaa, 0x32, 0x8, 0x38,
    0x51, 0x27, 0x0, 0x0, 0x0, 0x39, 0x50, 0x2d,
    0x0, 0x6f, 0x6e, 0x0, 0x0, 0x0, 0x0, 0x0,
    0x77, 0x9d, 0x6f, 0x8b, 0x68, 0x67, 0xa1, 0x64,
    0x0, 0x97, 0x91, 0x5e, 0x73, 0x8d, 0x63, 0xc3,
    0x3c, 0x0, 0x0, 0x0, 0x27, 0xef, 0x6e, 0xf,
    0xe, 0xae, 0xf0, 0xdb, 0xdc, 0x1f, 0xf9, 0xd3,
    0xf6, 0x83, 0x1, 0x25, 0x91, 0xd8, 0x7, 0x0,
    0x0, 0xab, 0x5b, 0x0, 0xb, 0xc5, 0xff, 0x6d,
    0x22, 0xfc, 0x42, 0xe1, 0x0, 0xae, 0xff, 0x92,
    0x0, 0x2, 0x98, 0x6d, 0x0, 0xa, 0xbb, 0x2,
    0x2, 0xbc, 0xff, 0xff, 0xd4, 0xaf, 0xdc, 0x28,
    0xf2, 0x98, 0xee, 0xff, 0xff, 0x7f, 0x0, 0x14,
    0xb1, 0x0, 0x0, 0x71, 0x8a, 0x53, 0xff, 0xff,
    0xff, 0xff, 0xc9, 0xf, 0x1, 0x2d, 0xeb, 0xff,
    0xff, 0xff, 0xfc, 0x18, 0xc3, 0x36, 0x0, 0x28,
    0xce, 0xd, 0x6b, 0xff, 0xff, 0xff, 0xf8, 0x24,
    0xb2, 0xfc, 0x74, 0x5e, 0xff, 0xff, 0xff, 0xff,
    0x2b, 0x29, 0xd1, 0x8, 0x0, 0x63, 0x97, 0x1b,
    0xe7, 0xff, 0xff, 0x98, 0x0, 0xcc, 0xff, 0x8b,
    0x0, 0xd7, 0xff, 0xff, 0xbd, 0x17, 0xb2, 0x36,
    0x0, 0x0, 0x0, 0x44, 0xae, 0x64, 0xd6, 0xff,
    0x4c, 0x8d, 0xac, 0xd1, 0xa0, 0x67, 0x8c, 0xff,
    0xb5, 0x67, 0xad, 0x21, 0x0, 0x0, 0x0, 0x0,
    0x0, 0x12, 0x92, 0xa3, 0x85, 0x11, 0x0, 0x1,
    0x0, 0x1, 0x0, 0x30, 0x8b, 0xb0, 0x70, 0x4,
    0x0, 0x0, 0x0, 0x0, 0x0, 0x0, 0x0, 0x0,
    0x16, 0x71, 0xa7, 0xa9, 0xa8, 0x9a, 0xab, 0xa6,
    0xa1, 0x5b, 0x8, 0x0, 0x0, 0x0, 0x0, 0x0,
    0x0, 0x0, 0x0, 0x0, 0x0, 0x0, 0x0, 0x0,
    0x0, 0x2, 0x9, 0x0, 0x0, 0x0, 0x0, 0x0,
    0x0, 0x0, 0x0, 0x0, 0x0,

    /* U+1F99E "🦞" */
    0x0, 0x5a, 0x44, 0x0, 0x1f, 0x8c, 0x28, 0x0,
    0x64, 0x52, 0x0, 0xa, 0x83, 0x18, 0x0, 0x3f,
    0x6e, 0x87, 0x81, 0x57, 0x38, 0x98, 0x0, 0xa8,
    0x64, 0x44, 0x9a, 0x32, 0xa6, 0x1, 0x9b, 0x3,
    0xa2, 0x75, 0x25, 0x0, 0xa0, 0x0, 0xa0, 0x0,
    0xa7, 0x85, 0x13, 0x5f, 0x44, 0x99, 0x0, 0x86,
    0x59, 0x41, 0x0, 0xa0, 0x0, 0xa0, 0x0, 0xb9,
    0x34, 0x3b, 0x1a, 0x7e, 0x9f, 0x0, 0x12, 0x76,
    0x2a, 0x0, 0xa0, 0x7, 0xa0, 0x0, 0xb5, 0xc,
    0xb, 0xa, 0x91, 0xa1, 0x0, 0x0, 0xa6, 0x1,
    0x0, 0xdb, 0xc7, 0xa5, 0x0, 0x75, 0x4d, 0x0,
    0x2c, 0x70, 0x90, 0x33, 0x5a, 0x82, 0x0, 0x13,
    0xff, 0x5b, 0xef, 0x0, 0x12, 0xd4, 0xc, 0x93,
    0x2b, 0xd, 0x90, 0xff, 0xda, 0x0, 0x97, 0x1f,
    0x0, 0xa2, 0x38, 0x39, 0xff, 0xc8, 0x58, 0x0,
    0x0, 0x0, 0x72, 0xf1, 0xd0, 0x85, 0x8c, 0x29,
    0x8f, 0xfd, 0xf1, 0xaf, 0xc, 0x0, 0x0, 0x0,
    0x2e, 0x81, 0x18, 0xbf, 0x7b, 0x2, 0x0, 0x1a,
    0xff, 0x44, 0x42, 0x73, 0x0, 0x0, 0x0, 0x0,
    0x18, 0x7f, 0xa3, 0x86, 0x0, 0x0, 0x23, 0xf5,
    0x87, 0x55, 0x0, 0x0, 0x0, 0x0, 0x4, 0x85,
    0x8e, 0xb7, 0xa0, 0x1, 0x5, 0x35, 0xec, 0x97,
    0x99, 0x26, 0x0, 0x0, 0x0, 0x2, 0x3f, 0x94,
    0x7c, 0xf0, 0x9a, 0x92, 0xb5, 0xad, 0x7e, 0x73,
    0x15, 0x0, 0x0, 0x0, 0x0, 0x3c, 0x73, 0x4f,
    0xdb, 0x82, 0x92, 0xb3, 0x7b, 0x8e, 0x5a, 0x1,
    0x0, 0x0, 0x0, 0x0, 0x0, 0x33, 0xa4, 0x66,
    0x1c, 0xa, 0x2d, 0x9b, 0x70, 0x1b, 0x0, 0x0,
    0x0, 0x0, 0x0, 0x0, 0x0, 0xa6, 0x11, 0x11,
    0x0, 0x22, 0x1a, 0x92, 0x0, 0x0, 0x0, 0x0,
    0x0, 0x0, 0x0, 0x0, 0x57, 0x88, 0x8c, 0x9c,
    0x7d, 0x93, 0x20, 0x0, 0x0, 0x0, 0x0,

    /* U+1F9AC "🦬" */
    0x0, 0x0, 0x0, 0x0, 0x0, 0x22, 0x4f, 0x80,
    0x5a, 0x27, 0x0, 0x0, 0x0, 0x0, 0x0, 0x0,
    0x0, 0x0, 0x1, 0x77, 0x46, 0x46, 0x9c, 0xe2,
    0xff, 0x68, 0xea, 0xfd, 0x7a, 0x1, 0x0, 0x0,
    0x0, 0x0, 0x0, 0x0, 0x5a, 0x3a, 0xd0, 0xff,
    0xff, 0xff, 0xff, 0x76, 0x7c, 0xff, 0xff, 0xc8,
    0x0, 0x0, 0x0, 0x0, 0x0, 0x0, 0x7b, 0x11,
    0xff, 0xff, 0xff, 0xff, 0xff, 0x21, 0x61, 0xff,
    0xff, 0xff, 0xa7, 0x3d, 0x0, 0x0, 0x0, 0x0,
    0x30, 0x9d, 0xff, 0xff, 0xff, 0xff, 0xff, 0x8c,
    0xdc, 0xff, 0xff, 0xfb, 0x16, 0x69, 0xa2, 0x84,
    0xa, 0x0, 0x0, 0x2a, 0xff, 0xff, 0xff, 0xff,
    0xff, 0xea, 0x2a, 0xb2, 0xff, 0xd7, 0x0, 0x0,
    0x0, 0x33, 0x9b, 0x0, 0x0, 0x6, 0xff, 0xff,
    0xd6, 0xff, 0xca, 0x46, 0x1b, 0x49, 0xff, 0xdf,
    0x1, 0x0, 0x0, 0x0, 0x96, 0xd, 0x0, 0x0,
    0xa7, 0x23, 0x0, 0x33, 0xe, 0xd, 0xf2, 0xff,
    0xff, 0x74, 0x0, 0x0, 0x0, 0x0, 0x7d, 0x3f,
    0x0, 0x0, 0x9d, 0x51, 0x32, 0x0, 0x0, 0x90,
    0xff, 0xff, 0xd4, 0x18, 0x0, 0x0, 0x0, 0x0,
    0xd7, 0x87, 0x0, 0x0, 0x99, 0x7b, 0x29, 0x7,
    0x86, 0xfe, 0xff, 0xff, 0x55, 0x0, 0x0, 0x4,
    0x0, 0x0, 0xbe, 0xb8, 0x0, 0x0, 0x48, 0xd0,
    0xca, 0xea, 0xff, 0xff, 0xff, 0x39, 0x0, 0x3a,
    0xb3, 0xff, 0x19, 0x0, 0xa6, 0xd, 0x0, 0x0,
    0x0, 0x4e, 0xff, 0x62, 0xdd, 0x5f, 0xa3, 0x0,
    0x4b, 0xc1, 0xff, 0xb3, 0x8a, 0x0, 0x9e, 0x0,
    0x0, 0x0, 0x0, 0x8, 0xb1, 0xe, 0x94, 0xb,
    0xa0, 0x0, 0x9b, 0x1e, 0xff, 0x77, 0xa0, 0xa,
    0x96, 0x0, 0x0, 0x0, 0x0, 0x0, 0xa4, 0xe,
    0x81, 0x1f, 0xa0, 0x0, 0x9c, 0x3a, 0xff, 0x3e,
    0xa4, 0x30, 0x72, 0x0, 0x0, 0x0, 0x0, 0x0,
    0x62, 0x4c, 0x7a, 0x25, 0xa0, 0x0, 0x9e, 0x77,
    0xec, 0x6, 0xac, 0x7b, 0x38, 0x0, 0x0, 0x0,
    0x0, 0x0, 0x7a, 0x2f, 0x9f, 0xa, 0xa1, 0x3,
    0x9e, 0x3, 0xd, 0x0, 0x55, 0x64, 0x0, 0x0,
    0x0, 0x0, 0x0, 0x0, 0x34, 0x8e, 0x52, 0x0,
    0x4e, 0x98, 0x3b, 0x0, 0x0, 0x0, 0x0, 0x0,
    0x0, 0x0,

    /* U+1F9E1 "🧡" */
    0x0, 0x0, 0xd, 0x69, 0xc3, 0xb2, 0x50, 0x4,
    0x0, 0x0, 0x0, 0x1e, 0x74, 0xf5, 0x84, 0x2e,
    0x0, 0x0, 0x0, 0x2f, 0xff, 0xc8, 0xaf, 0xa1,
    0xff, 0xbe, 0x2e, 0x0, 0x73, 0xff, 0x48, 0xec,
    0xb0, 0xf9, 0x76, 0x0, 0x6, 0xff, 0xc6, 0x3a,
    0xff, 0x5, 0xff, 0x6e, 0xb3, 0x7f, 0xc6, 0xae,
    0x9e, 0xc6, 0x2d, 0xff, 0x8a, 0x45, 0x64, 0x50,
    0xff, 0x28, 0xcd, 0x9a, 0x99, 0x81, 0x7b, 0xff,
    0x5b, 0xff, 0x6, 0xff, 0x37, 0xbb, 0xa7, 0xbe,
    0xc6, 0x6e, 0xa6, 0x95, 0xd4, 0x22, 0xff, 0x1f,
    0x61, 0xff, 0x0, 0xf0, 0x79, 0xa2, 0x86, 0xeb,
    0xd, 0xfd, 0x9a, 0x5d, 0xff, 0x2, 0xff, 0x43,
    0xa8, 0xb0, 0x17, 0xf1, 0x7e, 0xa0, 0x45, 0xff,
    0x1, 0xff, 0x60, 0xa0, 0x79, 0x31, 0xe7, 0x87,
    0xa2, 0x7d, 0xe2, 0x20, 0x9f, 0xc0, 0x42, 0xff,
    0x2, 0xdb, 0x8c, 0xa2, 0x5d, 0xdf, 0x2a, 0xff,
    0xb6, 0x39, 0xff, 0x5, 0xfe, 0x72, 0x9, 0xff,
    0x2b, 0xd4, 0x95, 0xa6, 0x31, 0xff, 0x39, 0x76,
    0x0, 0xb7, 0xff, 0x20, 0xcb, 0x9b, 0x9a, 0x6e,
    0x71, 0xa4, 0x92, 0xd9, 0x28, 0xff, 0xb, 0xc9,
    0xf3, 0x16, 0x0, 0x2d, 0xff, 0x9c, 0xcb, 0x20,
    0xff, 0x20, 0x4e, 0xff, 0x2, 0xff, 0x47, 0xbd,
    0xa0, 0xe5, 0x75, 0x0, 0x0, 0x0, 0x6c, 0x6a,
    0xff, 0x38, 0xa6, 0xb0, 0x19, 0xdf, 0x8d, 0xa3,
    0x79, 0xf6, 0x39, 0xd2, 0x2, 0x0, 0x0, 0x0,
    0x0, 0x90, 0xe9, 0x89, 0xd7, 0x1e, 0x9e, 0xc3,
    0x31, 0xff, 0x7, 0xff, 0xdb, 0x10, 0x0, 0x0,
    0x0, 0x0, 0x0, 0x2, 0xbd, 0x42, 0xff, 0x67,
    0x8, 0xff, 0x2f, 0xc5, 0xae, 0xd2, 0x19, 0x0,
    0x0, 0x0, 0x0, 0x0, 0x0, 0x0, 0x1, 0x8d,
    0xe2, 0x7a, 0x67, 0xa3, 0x90, 0xfc, 0xae, 0x17,
    0x0, 0x0, 0x0, 0x0, 0x0, 0x0, 0x0, 0x0,
    0x0, 0x0, 0xa3, 0x76, 0x59, 0xff, 0x38, 0xf7,
    0xe, 0x0, 0x0, 0x0, 0x0, 0x0, 0x0, 0x0,
    0x0, 0x0, 0x0, 0x0, 0x0, 0x51, 0x94, 0xff,
    0x99, 0x3, 0x0, 0x0, 0x0, 0x0, 0x0, 0x0,
    0x0, 0x0, 0x0, 0x0, 0x0, 0x0, 0x0, 0x0,
    0x29, 0x60, 0x0, 0x0, 0x0, 0x0, 0x0, 0x0,
    0x0, 0x0
};


/*---------------------
 *  GLYPH DESCRIPTION
 *--------------------*/

static const lv_font_fmt_txt_glyph_dsc_t glyph_dsc[] = {
    {.bitmap_index = 0, .adv_w = 0, .box_w = 0, .box_h = 0, .ofs_x = 0, .ofs_y = 0} /* id = 0 reserved */,
    {.bitmap_index = 0, .adv_w = 325, .box_w = 10, .box_h = 17, .ofs_x = 5, .ofs_y = -3},
    {.bitmap_index = 170, .adv_w = 325, .box_w = 15, .box_h = 17, .ofs_x = 3, .ofs_y = -3},
    {.bitmap_index = 425, .adv_w = 325, .box_w = 17, .box_h = 17, .ofs_x = 2, .ofs_y = -3},
    {.bitmap_index = 714, .adv_w = 325, .box_w = 14, .box_h = 17, .ofs_x = 3, .ofs_y = -3},
    {.bitmap_index = 952, .adv_w = 325, .box_w = 14, .box_h = 17, .ofs_x = 3, .ofs_y = -3},
    {.bitmap_index = 1190, .adv_w = 325, .box_w = 11, .box_h = 17, .ofs_x = 5, .ofs_y = -3},
    {.bitmap_index = 1377, .adv_w = 325, .box_w = 17, .box_h = 17, .ofs_x = 2, .ofs_y = -3},
    {.bitmap_index = 1666, .adv_w = 325, .box_w = 19, .box_h = 13, .ofs_x = 1, .ofs_y = -1},
    {.bitmap_index = 1913, .adv_w = 325, .box_w = 18, .box_h = 17, .ofs_x = 1, .ofs_y = -3},
    {.bitmap_index = 2219, .adv_w = 325, .box_w = 14, .box_h = 17, .ofs_x = 3, .ofs_y = -3},
    {.bitmap_index = 2457, .adv_w = 325, .box_w = 18, .box_h = 17, .ofs_x = 1, .ofs_y = -3},
    {.bitmap_index = 2763, .adv_w = 325, .box_w = 16, .box_h = 17, .ofs_x = 2, .ofs_y = -3},
    {.bitmap_index = 3035, .adv_w = 325, .box_w = 11, .box_h = 17, .ofs_x = 5, .ofs_y = -3},
    {.bitmap_index = 3222, .adv_w = 325, .box_w = 18, .box_h = 17, .ofs_x = 1, .ofs_y = -3},
    {.bitmap_index = 3528, .adv_w = 325, .box_w = 18, .box_h = 17, .ofs_x = 1, .ofs_y = -3},
    {.bitmap_index = 3834, .adv_w = 325, .box_w = 17, .box_h = 17, .ofs_x = 2, .ofs_y = -3},
    {.bitmap_index = 4123, .adv_w = 325, .box_w = 16, .box_h = 17, .ofs_x = 2, .ofs_y = -3},
    {.bitmap_index = 4395, .adv_w = 325, .box_w = 14, .box_h = 17, .ofs_x = 3, .ofs_y = -3},
    {.bitmap_index = 4633, .adv_w = 325, .box_w = 17, .box_h = 17, .ofs_x = 2, .ofs_y = -3},
    {.bitmap_index = 4922, .adv_w = 325, .box_w = 17, .box_h = 17, .ofs_x = 2, .ofs_y = -3},
    {.bitmap_index = 5211, .adv_w = 325, .box_w = 14, .box_h = 17, .ofs_x = 3, .ofs_y = -3},
    {.bitmap_index = 5449, .adv_w = 325, .box_w = 20, .box_h = 15, .ofs_x = 0, .ofs_y = -2},
    {.bitmap_index = 5749, .adv_w = 325, .box_w = 17, .box_h = 17, .ofs_x = 2, .ofs_y = -3},
    {.bitmap_index = 6038, .adv_w = 325, .box_w = 20, .box_h = 17, .ofs_x = 0, .ofs_y = -3},
    {.bitmap_index = 6378, .adv_w = 325, .box_w = 19, .box_h = 17, .ofs_x = 1, .ofs_y = -3},
    {.bitmap_index = 6701, .adv_w = 325, .box_w = 16, .box_h = 17, .ofs_x = 2, .ofs_y = -3},
    {.bitmap_index = 6973, .adv_w = 325, .box_w = 15, .box_h = 17, .ofs_x = 3, .ofs_y = -3},
    {.bitmap_index = 7228, .adv_w = 325, .box_w = 17, .box_h = 17, .ofs_x = 2, .ofs_y = -3},
    {.bitmap_index = 7517, .adv_w = 325, .box_w = 17, .box_h = 17, .ofs_x = 2, .ofs_y = -3},
    {.bitmap_index = 7806, .adv_w = 325, .box_w = 16, .box_h = 17, .ofs_x = 2, .ofs_y = -3},
    {.bitmap_index = 8078, .adv_w = 325, .box_w = 14, .box_h = 17, .ofs_x = 3, .ofs_y = -3},
    {.bitmap_index = 8316, .adv_w = 325, .box_w = 12, .box_h = 17, .ofs_x = 4, .ofs_y = -3},
    {.bitmap_index = 8520, .adv_w = 325, .box_w = 16, .box_h = 17, .ofs_x = 2, .ofs_y = -3},
    {.bitmap_index = 8792, .adv_w = 325, .box_w = 18, .box_h = 17, .ofs_x = 1, .ofs_y = -3},
    {.bitmap_index = 9098, .adv_w = 325, .box_w = 18, .box_h = 17, .ofs_x = 1, .ofs_y = -3},
    {.bitmap_index = 9404, .adv_w = 325, .box_w = 16, .box_h = 17, .ofs_x = 2, .ofs_y = -3},
    {.bitmap_index = 9676, .adv_w = 325, .box_w = 20, .box_h = 17, .ofs_x = 0, .ofs_y = -3},
    {.bitmap_index = 10016, .adv_w = 325, .box_w = 16, .box_h = 17, .ofs_x = 2, .ofs_y = -3},
    {.bitmap_index = 10288, .adv_w = 325, .box_w = 17, .box_h = 17, .ofs_x = 2, .ofs_y = -3},
    {.bitmap_index = 10577, .adv_w = 325, .box_w = 17, .box_h = 17, .ofs_x = 2, .ofs_y = -3},
    {.bitmap_index = 10866, .adv_w = 325, .box_w = 10, .box_h = 17, .ofs_x = 5, .ofs_y = -3},
    {.bitmap_index = 11036, .adv_w = 325, .box_w = 10, .box_h = 17, .ofs_x = 5, .ofs_y = -3},
    {.bitmap_index = 11206, .adv_w = 325, .box_w = 5, .box_h = 17, .ofs_x = 8, .ofs_y = -3},
    {.bitmap_index = 11291, .adv_w = 325, .box_w = 4, .box_h = 17, .ofs_x = 8, .ofs_y = -3},
    {.bitmap_index = 11359, .adv_w = 325, .box_w = 18, .box_h = 17, .ofs_x = 1, .ofs_y = -3},
    {.bitmap_index = 11665, .adv_w = 325, .box_w = 16, .box_h = 17, .ofs_x = 2, .ofs_y = -3},
    {.bitmap_index = 11937, .adv_w = 325, .box_w = 16, .box_h = 5, .ofs_x = 2, .ofs_y = 3},
    {.bitmap_index = 12017, .adv_w = 325, .box_w = 16, .box_h = 17, .ofs_x = 2, .ofs_y = -3},
    {.bitmap_index = 12289, .adv_w = 325, .box_w = 18, .box_h = 17, .ofs_x = 1, .ofs_y = -3},
    {.bitmap_index = 12595, .adv_w = 325, .box_w = 18, .box_h = 17, .ofs_x = 1, .ofs_y = -3},
    {.bitmap_index = 12901, .adv_w = 325, .box_w = 18, .box_h = 17, .ofs_x = 1, .ofs_y = -3},
    {.bitmap_index = 13207, .adv_w = 325, .box_w = 16, .box_h = 17, .ofs_x = 2, .ofs_y = -3},
    {.bitmap_index = 13479, .adv_w = 325, .box_w = 17, .box_h = 17, .ofs_x = 2, .ofs_y = -3},
    {.bitmap_index = 13768, .adv_w = 325, .box_w = 17, .box_h = 17, .ofs_x = 2, .ofs_y = -3},
    {.bitmap_index = 14057, .adv_w = 325, .box_w = 17, .box_h = 17, .ofs_x = 2, .ofs_y = -3},
    {.bitmap_index = 14346, .adv_w = 325, .box_w = 17, .box_h = 17, .ofs_x = 2, .ofs_y = -3},
    {.bitmap_index = 14635, .adv_w = 325, .box_w = 18, .box_h = 17, .ofs_x = 1, .ofs_y = -3},
    {.bitmap_index = 14941, .adv_w = 325, .box_w = 16, .box_h = 17, .ofs_x = 2, .ofs_y = -3},
    {.bitmap_index = 15213, .adv_w = 325, .box_w = 16, .box_h = 17, .ofs_x = 2, .ofs_y = -3},
    {.bitmap_index = 15485, .adv_w = 325, .box_w = 16, .box_h = 17, .ofs_x = 2, .ofs_y = -3},
    {.bitmap_index = 15757, .adv_w = 325, .box_w = 16, .box_h = 17, .ofs_x = 2, .ofs_y = -3},
    {.bitmap_index = 16029, .adv_w = 325, .box_w = 18, .box_h = 17, .ofs_x = 1, .ofs_y = -3},
    {.bitmap_index = 16335, .adv_w = 325, .box_w = 16, .box_h = 17, .ofs_x = 2, .ofs_y = -3},
    {.bitmap_index = 16607, .adv_w = 325, .box_w = 19, .box_h = 16, .ofs_x = 1, .ofs_y = -3},
    {.bitmap_index = 16911, .adv_w = 325, .box_w = 19, .box_h = 16, .ofs_x = 1, .ofs_y = -3},
    {.bitmap_index = 17215, .adv_w = 325, .box_w = 16, .box_h = 17, .ofs_x = 2, .ofs_y = -3},
    {.bitmap_index = 17487, .adv_w = 325, .box_w = 12, .box_h = 17, .ofs_x = 4, .ofs_y = -3},
    {.bitmap_index = 17691, .adv_w = 325, .box_w = 12, .box_h = 17, .ofs_x = 4, .ofs_y = -3},
    {.bitmap_index = 17895, .adv_w = 325, .box_w = 18, .box_h = 17, .ofs_x = 1, .ofs_y = -3},
    {.bitmap_index = 18201, .adv_w = 325, .box_w = 14, .box_h = 17, .ofs_x = 3, .ofs_y = -3},
    {.bitmap_index = 18439, .adv_w = 325, .box_w = 18, .box_h = 17, .ofs_x = 1, .ofs_y = -3},
    {.bitmap_index = 18745, .adv_w = 325, .box_w = 19, .box_h = 17, .ofs_x = 1, .ofs_y = -3},
    {.bitmap_index = 19068, .adv_w = 325, .box_w = 18, .box_h = 17, .ofs_x = 1, .ofs_y = -3},
    {.bitmap_index = 19374, .adv_w = 325, .box_w = 14, .box_h = 17, .ofs_x = 3, .ofs_y = -3},
    {.bitmap_index = 19612, .adv_w = 325, .box_w = 16, .box_h = 17, .ofs_x = 2, .ofs_y = -3},
    {.bitmap_index = 19884, .adv_w = 325, .box_w = 19, .box_h = 17, .ofs_x = 1, .ofs_y = -3},
    {.bitmap_index = 20207, .adv_w = 325, .box_w = 12, .box_h = 17, .ofs_x = 4, .ofs_y = -3},
    {.bitmap_index = 20411, .adv_w = 325, .box_w = 18, .box_h = 17, .ofs_x = 1, .ofs_y = -3},
    {.bitmap_index = 20717, .adv_w = 325, .box_w = 18, .box_h = 17, .ofs_x = 1, .ofs_y = -3},
    {.bitmap_index = 21023, .adv_w = 325, .box_w = 15, .box_h = 17, .ofs_x = 3, .ofs_y = -3},
    {.bitmap_index = 21278, .adv_w = 325, .box_w = 16, .box_h = 17, .ofs_x = 2, .ofs_y = -3},
    {.bitmap_index = 21550, .adv_w = 325, .box_w = 16, .box_h = 17, .ofs_x = 2, .ofs_y = -3},
    {.bitmap_index = 21822, .adv_w = 325, .box_w = 18, .box_h = 17, .ofs_x = 1, .ofs_y = -3},
    {.bitmap_index = 22128, .adv_w = 325, .box_w = 13, .box_h = 17, .ofs_x = 4, .ofs_y = -3},
    {.bitmap_index = 22349, .adv_w = 325, .box_w = 16, .box_h = 17, .ofs_x = 2, .ofs_y = -3},
    {.bitmap_index = 22621, .adv_w = 325, .box_w = 16, .box_h = 17, .ofs_x = 2, .ofs_y = -3},
    {.bitmap_index = 22893, .adv_w = 325, .box_w = 14, .box_h = 17, .ofs_x = 3, .ofs_y = -3},
    {.bitmap_index = 23131, .adv_w = 325, .box_w = 16, .box_h = 17, .ofs_x = 2, .ofs_y = -3},
    {.bitmap_index = 23403, .adv_w = 325, .box_w = 16, .box_h = 17, .ofs_x = 2, .ofs_y = -3},
    {.bitmap_index = 23675, .adv_w = 325, .box_w = 14, .box_h = 17, .ofs_x = 3, .ofs_y = -3},
    {.bitmap_index = 23913, .adv_w = 325, .box_w = 16, .box_h = 17, .ofs_x = 2, .ofs_y = -3},
    {.bitmap_index = 24185, .adv_w = 325, .box_w = 20, .box_h = 17, .ofs_x = 0, .ofs_y = -3},
    {.bitmap_index = 24525, .adv_w = 325, .box_w = 17, .box_h = 17, .ofs_x = 2, .ofs_y = -3},
    {.bitmap_index = 24814, .adv_w = 325, .box_w = 17, .box_h = 17, .ofs_x = 2, .ofs_y = -3},
    {.bitmap_index = 25103, .adv_w = 325, .box_w = 19, .box_h = 17, .ofs_x = 1, .ofs_y = -3},
    {.bitmap_index = 25426, .adv_w = 325, .box_w = 13, .box_h = 17, .ofs_x = 4, .ofs_y = -3},
    {.bitmap_index = 25647, .adv_w = 325, .box_w = 16, .box_h = 17, .ofs_x = 2, .ofs_y = -3},
    {.bitmap_index = 25919, .adv_w = 325, .box_w = 18, .box_h = 15, .ofs_x = 1, .ofs_y = -2},
    {.bitmap_index = 26189, .adv_w = 325, .box_w = 20, .box_h = 17, .ofs_x = 0, .ofs_y = -3},
    {.bitmap_index = 26529, .adv_w = 325, .box_w = 14, .box_h = 17, .ofs_x = 3, .ofs_y = -3},
    {.bitmap_index = 26767, .adv_w = 325, .box_w = 9, .box_h = 17, .ofs_x = 6, .ofs_y = -3},
    {.bitmap_index = 26920, .adv_w = 325, .box_w = 14, .box_h = 17, .ofs_x = 3, .ofs_y = -3},
    {.bitmap_index = 27158, .adv_w = 325, .box_w = 11, .box_h = 17, .ofs_x = 5, .ofs_y = -3},
    {.bitmap_index = 27345, .adv_w = 325, .box_w = 14, .box_h = 17, .ofs_x = 3, .ofs_y = -3},
    {.bitmap_index = 27583, .adv_w = 325, .box_w = 19, .box_h = 17, .ofs_x = 1, .ofs_y = -3},
    {.bitmap_index = 27906, .adv_w = 325, .box_w = 17, .box_h = 17, .ofs_x = 2, .ofs_y = -3},
    {.bitmap_index = 28195, .adv_w = 325, .box_w = 16, .box_h = 17, .ofs_x = 2, .ofs_y = -3},
    {.bitmap_index = 28467, .adv_w = 325, .box_w = 16, .box_h = 17, .ofs_x = 2, .ofs_y = -3},
    {.bitmap_index = 28739, .adv_w = 325, .box_w = 14, .box_h = 17, .ofs_x = 3, .ofs_y = -3},
    {.bitmap_index = 28977, .adv_w = 325, .box_w = 11, .box_h = 17, .ofs_x = 5, .ofs_y = -3},
    {.bitmap_index = 29164, .adv_w = 325, .box_w = 16, .box_h = 17, .ofs_x = 2, .ofs_y = -3},
    {.bitmap_index = 29436, .adv_w = 325, .box_w = 16, .box_h = 17, .ofs_x = 2, .ofs_y = -3},
    {.bitmap_index = 29708, .adv_w = 325, .box_w = 11, .box_h = 17, .ofs_x = 5, .ofs_y = -3},
    {.bitmap_index = 29895, .adv_w = 325, .box_w = 17, .box_h = 17, .ofs_x = 2, .ofs_y = -3},
    {.bitmap_index = 30184, .adv_w = 325, .box_w = 18, .box_h = 17, .ofs_x = 1, .ofs_y = -3},
    {.bitmap_index = 30490, .adv_w = 325, .box_w = 17, .box_h = 17, .ofs_x = 2, .ofs_y = -3},
    {.bitmap_index = 30779, .adv_w = 325, .box_w = 17, .box_h = 17, .ofs_x = 2, .ofs_y = -3},
    {.bitmap_index = 31068, .adv_w = 325, .box_w = 15, .box_h = 17, .ofs_x = 3, .ofs_y = -3},
    {.bitmap_index = 31323, .adv_w = 325, .box_w = 16, .box_h = 17, .ofs_x = 2, .ofs_y = -3},
    {.bitmap_index = 31595, .adv_w = 325, .box_w = 18, .box_h = 13, .ofs_x = 1, .ofs_y = -1},
    {.bitmap_index = 31829, .adv_w = 325, .box_w = 18, .box_h = 17, .ofs_x = 1, .ofs_y = -3},
    {.bitmap_index = 32135, .adv_w = 325, .box_w = 18, .box_h = 17, .ofs_x = 1, .ofs_y = -3},
    {.bitmap_index = 32441, .adv_w = 325, .box_w = 17, .box_h = 17, .ofs_x = 2, .ofs_y = -3},
    {.bitmap_index = 32730, .adv_w = 325, .box_w = 16, .box_h = 17, .ofs_x = 2, .ofs_y = -3},
    {.bitmap_index = 33002, .adv_w = 325, .box_w = 14, .box_h = 17, .ofs_x = 3, .ofs_y = -3},
    {.bitmap_index = 33240, .adv_w = 325, .box_w = 19, .box_h = 15, .ofs_x = 1, .ofs_y = -2},
    {.bitmap_index = 33525, .adv_w = 325, .box_w = 18, .box_h = 17, .ofs_x = 1, .ofs_y = -3},
    {.bitmap_index = 33831, .adv_w = 325, .box_w = 16, .box_h = 17, .ofs_x = 2, .ofs_y = -3},
    {.bitmap_index = 34103, .adv_w = 325, .box_w = 18, .box_h = 17, .ofs_x = 1, .ofs_y = -3},
    {.bitmap_index = 34409, .adv_w = 325, .box_w = 18, .box_h = 17, .ofs_x = 1, .ofs_y = -3},
    {.bitmap_index = 34715, .adv_w = 325, .box_w = 16, .box_h = 17, .ofs_x = 2, .ofs_y = -3},
    {.bitmap_index = 34987, .adv_w = 325, .box_w = 17, .box_h = 17, .ofs_x = 2, .ofs_y = -3},
    {.bitmap_index = 35276, .adv_w = 325, .box_w = 17, .box_h = 17, .ofs_x = 2, .ofs_y = -3},
    {.bitmap_index = 35565, .adv_w = 325, .box_w = 15, .box_h = 17, .ofs_x = 3, .ofs_y = -3},
    {.bitmap_index = 35820, .adv_w = 325, .box_w = 16, .box_h = 17, .ofs_x = 2, .ofs_y = -3},
    {.bitmap_index = 36092, .adv_w = 325, .box_w = 11, .box_h = 17, .ofs_x = 5, .ofs_y = -3},
    {.bitmap_index = 36279, .adv_w = 325, .box_w = 18, .box_h = 17, .ofs_x = 1, .ofs_y = -3},
    {.bitmap_index = 36585, .adv_w = 325, .box_w = 18, .box_h = 17, .ofs_x = 1, .ofs_y = -3},
    {.bitmap_index = 36891, .adv_w = 325, .box_w = 16, .box_h = 17, .ofs_x = 2, .ofs_y = -3},
    {.bitmap_index = 37163, .adv_w = 325, .box_w = 18, .box_h = 17, .ofs_x = 1, .ofs_y = -3},
    {.bitmap_index = 37469, .adv_w = 325, .box_w = 19, .box_h = 17, .ofs_x = 1, .ofs_y = -3},
    {.bitmap_index = 37792, .adv_w = 325, .box_w = 14, .box_h = 17, .ofs_x = 3, .ofs_y = -3},
    {.bitmap_index = 38030, .adv_w = 325, .box_w = 20, .box_h = 14, .ofs_x = 0, .ofs_y = -2},
    {.bitmap_index = 38310, .adv_w = 325, .box_w = 18, .box_h = 17, .ofs_x = 1, .ofs_y = -3},
    {.bitmap_index = 38616, .adv_w = 325, .box_w = 19, .box_h = 17, .ofs_x = 1, .ofs_y = -3},
    {.bitmap_index = 38939, .adv_w = 325, .box_w = 17, .box_h = 17, .ofs_x = 2, .ofs_y = -3},
    {.bitmap_index = 39228, .adv_w = 325, .box_w = 17, .box_h = 17, .ofs_x = 2, .ofs_y = -3},
    {.bitmap_index = 39517, .adv_w = 325, .box_w = 20, .box_h = 15, .ofs_x = 0, .ofs_y = -2},
    {.bitmap_index = 39817, .adv_w = 325, .box_w = 18, .box_h = 15, .ofs_x = 1, .ofs_y = -2},
    {.bitmap_index = 40087, .adv_w = 325, .box_w = 19, .box_h = 17, .ofs_x = 1, .ofs_y = -3},
    {.bitmap_index = 40410, .adv_w = 325, .box_w = 18, .box_h = 17, .ofs_x = 1, .ofs_y = -3},
    {.bitmap_index = 40716, .adv_w = 325, .box_w = 20, .box_h = 17, .ofs_x = 0, .ofs_y = -3},
    {.bitmap_index = 41056, .adv_w = 325, .box_w = 12, .box_h = 17, .ofs_x = 4, .ofs_y = -3},
    {.bitmap_index = 41260, .adv_w = 325, .box_w = 18, .box_h = 17, .ofs_x = 1, .ofs_y = -3},
    {.bitmap_index = 41566, .adv_w = 325, .box_w = 18, .box_h = 16, .ofs_x = 1, .ofs_y = -3},
    {.bitmap_index = 41854, .adv_w = 325, .box_w = 14, .box_h = 17, .ofs_x = 3, .ofs_y = -3},
    {.bitmap_index = 42092, .adv_w = 325, .box_w = 18, .box_h = 16, .ofs_x = 1, .ofs_y = -3},
    {.bitmap_index = 42380, .adv_w = 325, .box_w = 20, .box_h = 17, .ofs_x = 0, .ofs_y = -3},
    {.bitmap_index = 42720, .adv_w = 325, .box_w = 16, .box_h = 17, .ofs_x = 2, .ofs_y = -3},
    {.bitmap_index = 42992, .adv_w = 325, .box_w = 20, .box_h = 16, .ofs_x = 0, .ofs_y = -3},
    {.bitmap_index = 43312, .adv_w = 325, .box_w = 18, .box_h = 16, .ofs_x = 1, .ofs_y = -3},
    {.bitmap_index = 43600, .adv_w = 325, .box_w = 18, .box_h = 17, .ofs_x = 1, .ofs_y = -3},
    {.bitmap_index = 43906, .adv_w = 325, .box_w = 18, .box_h = 17, .ofs_x = 1, .ofs_y = -3},
    {.bitmap_index = 44212, .adv_w = 325, .box_w = 18, .box_h = 17, .ofs_x = 1, .ofs_y = -3},
    {.bitmap_index = 44518, .adv_w = 325, .box_w = 18, .box_h = 15, .ofs_x = 1, .ofs_y = -2},
    {.bitmap_index = 44788, .adv_w = 325, .box_w = 16, .box_h = 17, .ofs_x = 2, .ofs_y = -3},
    {.bitmap_index = 45060, .adv_w = 325, .box_w = 12, .box_h = 17, .ofs_x = 4, .ofs_y = -3},
    {.bitmap_index = 45264, .adv_w = 325, .box_w = 15, .box_h = 17, .ofs_x = 3, .ofs_y = -3},
    {.bitmap_index = 45519, .adv_w = 325, .box_w = 15, .box_h = 17, .ofs_x = 3, .ofs_y = -3},
    {.bitmap_index = 45774, .adv_w = 325, .box_w = 16, .box_h = 17, .ofs_x = 2, .ofs_y = -3},
    {.bitmap_index = 46046, .adv_w = 325, .box_w = 20, .box_h = 13, .ofs_x = 0, .ofs_y = -1},
    {.bitmap_index = 46306, .adv_w = 325, .box_w = 19, .box_h = 17, .ofs_x = 1, .ofs_y = -3},
    {.bitmap_index = 46629, .adv_w = 325, .box_w = 16, .box_h = 17, .ofs_x = 2, .ofs_y = -3},
    {.bitmap_index = 46901, .adv_w = 325, .box_w = 16, .box_h = 17, .ofs_x = 2, .ofs_y = -3},
    {.bitmap_index = 47173, .adv_w = 325, .box_w = 20, .box_h = 17, .ofs_x = 0, .ofs_y = -3},
    {.bitmap_index = 47513, .adv_w = 325, .box_w = 14, .box_h = 17, .ofs_x = 3, .ofs_y = -3},
    {.bitmap_index = 47751, .adv_w = 325, .box_w = 18, .box_h = 17, .ofs_x = 1, .ofs_y = -3},
    {.bitmap_index = 48057, .adv_w = 325, .box_w = 18, .box_h = 17, .ofs_x = 1, .ofs_y = -3},
    {.bitmap_index = 48363, .adv_w = 325, .box_w = 18, .box_h = 17, .ofs_x = 1, .ofs_y = -3},
    {.bitmap_index = 48669, .adv_w = 325, .box_w = 17, .box_h = 17, .ofs_x = 2, .ofs_y = -3},
    {.bitmap_index = 48958, .adv_w = 325, .box_w = 18, .box_h = 17, .ofs_x = 1, .ofs_y = -3},
    {.bitmap_index = 49264, .adv_w = 325, .box_w = 17, .box_h = 17, .ofs_x = 2, .ofs_y = -3},
    {.bitmap_index = 49553, .adv_w = 325, .box_w = 17, .box_h = 17, .ofs_x = 2, .ofs_y = -3},
    {.bitmap_index = 49842, .adv_w = 325, .box_w = 18, .box_h = 17, .ofs_x = 1, .ofs_y = -3},
    {.bitmap_index = 50148, .adv_w = 325, .box_w = 18, .box_h = 17, .ofs_x = 1, .ofs_y = -3},
    {.bitmap_index = 50454, .adv_w = 325, .box_w = 18, .box_h = 17, .ofs_x = 1, .ofs_y = -3},
    {.bitmap_index = 50760, .adv_w = 325, .box_w = 18, .box_h = 17, .ofs_x = 1, .ofs_y = -3},
    {.bitmap_index = 51066, .adv_w = 325, .box_w = 18, .box_h = 17, .ofs_x = 1, .ofs_y = -3},
    {.bitmap_index = 51372, .adv_w = 325, .box_w = 17, .box_h = 17, .ofs_x = 2, .ofs_y = -3},
    {.bitmap_index = 51661, .adv_w = 325, .box_w = 11, .box_h = 17, .ofs_x = 5, .ofs_y = -3},
    {.bitmap_index = 51848, .adv_w = 325, .box_w = 17, .box_h = 17, .ofs_x = 2, .ofs_y = -3},
    {.bitmap_index = 52137, .adv_w = 325, .box_w = 18, .box_h = 17, .ofs_x = 1, .ofs_y = -3},
    {.bitmap_index = 52443, .adv_w = 325, .box_w = 15, .box_h = 17, .ofs_x = 3, .ofs_y = -3},
    {.bitmap_index = 52698, .adv_w = 325, .box_w = 14, .box_h = 17, .ofs_x = 3, .ofs_y = -3},
    {.bitmap_index = 52936, .adv_w = 325, .box_w = 18, .box_h = 15, .ofs_x = 1, .ofs_y = -2},
    {.bitmap_index = 53206, .adv_w = 325, .box_w = 16, .box_h = 17, .ofs_x = 2, .ofs_y = -3},
    {.bitmap_index = 53478, .adv_w = 325, .box_w = 17, .box_h = 17, .ofs_x = 2, .ofs_y = -3},
    {.bitmap_index = 53767, .adv_w = 325, .box_w = 17, .box_h = 17, .ofs_x = 2, .ofs_y = -3},
    {.bitmap_index = 54056, .adv_w = 325, .box_w = 17, .box_h = 17, .ofs_x = 2, .ofs_y = -3},
    {.bitmap_index = 54345, .adv_w = 325, .box_w = 19, .box_h = 15, .ofs_x = 1, .ofs_y = -2},
    {.bitmap_index = 54630, .adv_w = 325, .box_w = 18, .box_h = 17, .ofs_x = 1, .ofs_y = -3},
    {.bitmap_index = 54936, .adv_w = 325, .box_w = 16, .box_h = 17, .ofs_x = 2, .ofs_y = -3},
    {.bitmap_index = 55208, .adv_w = 325, .box_w = 18, .box_h = 17, .ofs_x = 1, .ofs_y = -3},
    {.bitmap_index = 55514, .adv_w = 325, .box_w = 19, .box_h = 17, .ofs_x = 1, .ofs_y = -3},
    {.bitmap_index = 55837, .adv_w = 325, .box_w = 10, .box_h = 17, .ofs_x = 5, .ofs_y = -3},
    {.bitmap_index = 56007, .adv_w = 325, .box_w = 18, .box_h = 15, .ofs_x = 1, .ofs_y = -2},
    {.bitmap_index = 56277, .adv_w = 325, .box_w = 18, .box_h = 17, .ofs_x = 1, .ofs_y = -3},
    {.bitmap_index = 56583, .adv_w = 325, .box_w = 17, .box_h = 17, .ofs_x = 2, .ofs_y = -3},
    {.bitmap_index = 56872, .adv_w = 325, .box_w = 16, .box_h = 17, .ofs_x = 2, .ofs_y = -3},
    {.bitmap_index = 57144, .adv_w = 325, .box_w = 18, .box_h = 17, .ofs_x = 1, .ofs_y = -3},
    {.bitmap_index = 57450, .adv_w = 325, .box_w = 9, .box_h = 17, .ofs_x = 6, .ofs_y = -3},
    {.bitmap_index = 57603, .adv_w = 325, .box_w = 17, .box_h = 17, .ofs_x = 2, .ofs_y = -3},
    {.bitmap_index = 57892, .adv_w = 325, .box_w = 17, .box_h = 17, .ofs_x = 2, .ofs_y = -3},
    {.bitmap_index = 58181, .adv_w = 325, .box_w = 17, .box_h = 17, .ofs_x = 2, .ofs_y = -3},
    {.bitmap_index = 58470, .adv_w = 325, .box_w = 12, .box_h = 17, .ofs_x = 4, .ofs_y = -3},
    {.bitmap_index = 58674, .adv_w = 325, .box_w = 12, .box_h = 17, .ofs_x = 4, .ofs_y = -3},
    {.bitmap_index = 58878, .adv_w = 325, .box_w = 17, .box_h = 17, .ofs_x = 2, .ofs_y = -3},
    {.bitmap_index = 59167, .adv_w = 325, .box_w = 17, .box_h = 17, .ofs_x = 2, .ofs_y = -3},
    {.bitmap_index = 59456, .adv_w = 325, .box_w = 14, .box_h = 17, .ofs_x = 3, .ofs_y = -3},
    {.bitmap_index = 59694, .adv_w = 325, .box_w = 16, .box_h = 17, .ofs_x = 2, .ofs_y = -3},
    {.bitmap_index = 59966, .adv_w = 325, .box_w = 18, .box_h = 17, .ofs_x = 1, .ofs_y = -3},
    {.bitmap_index = 60272, .adv_w = 325, .box_w = 17, .box_h = 17, .ofs_x = 2, .ofs_y = -3},
    {.bitmap_index = 60561, .adv_w = 325, .box_w = 16, .box_h = 17, .ofs_x = 2, .ofs_y = -3},
    {.bitmap_index = 60833, .adv_w = 325, .box_w = 17, .box_h = 17, .ofs_x = 2, .ofs_y = -3},
    {.bitmap_index = 61122, .adv_w = 325, .box_w = 14, .box_h = 17, .ofs_x = 3, .ofs_y = -3},
    {.bitmap_index = 61360, .adv_w = 325, .box_w = 18, .box_h = 17, .ofs_x = 1, .ofs_y = -3},
    {.bitmap_index = 61666, .adv_w = 325, .box_w = 16, .box_h = 17, .ofs_x = 2, .ofs_y = -3},
    {.bitmap_index = 61938, .adv_w = 325, .box_w = 17, .box_h = 17, .ofs_x = 2, .ofs_y = -3},
    {.bitmap_index = 62227, .adv_w = 325, .box_w = 17, .box_h = 17, .ofs_x = 2, .ofs_y = -3},
    {.bitmap_index = 62516, .adv_w = 325, .box_w = 20, .box_h = 17, .ofs_x = 0, .ofs_y = -3},
    {.bitmap_index = 62856, .adv_w = 325, .box_w = 17, .box_h = 17, .ofs_x = 2, .ofs_y = -3},
    {.bitmap_index = 63145, .adv_w = 325, .box_w = 17, .box_h = 17, .ofs_x = 2, .ofs_y = -3},
    {.bitmap_index = 63434, .adv_w = 325, .box_w = 18, .box_h = 17, .ofs_x = 1, .ofs_y = -3},
    {.bitmap_index = 63740, .adv_w = 325, .box_w = 17, .box_h = 17, .ofs_x = 2, .ofs_y = -3},
    {.bitmap_index = 64029, .adv_w = 325, .box_w = 16, .box_h = 17, .ofs_x = 2, .ofs_y = -3},
    {.bitmap_index = 64301, .adv_w = 325, .box_w = 18, .box_h = 18, .ofs_x = 1, .ofs_y = -3},
    {.bitmap_index = 64625, .adv_w = 325, .box_w = 17, .box_h = 17, .ofs_x = 2, .ofs_y = -3},
    {.bitmap_index = 64914, .adv_w = 325, .box_w = 17, .box_h = 17, .ofs_x = 2, .ofs_y = -3},
    {.bitmap_index = 65203, .adv_w = 325, .box_w = 17, .box_h = 17, .ofs_x = 2, .ofs_y = -3},
    {.bitmap_index = 65492, .adv_w = 325, .box_w = 17, .box_h = 17, .ofs_x = 2, .ofs_y = -3},
    {.bitmap_index = 65781, .adv_w = 325, .box_w = 17, .box_h = 17, .ofs_x = 2, .ofs_y = -3},
    {.bitmap_index = 66070, .adv_w = 325, .box_w = 18, .box_h = 17, .ofs_x = 1, .ofs_y = -3},
    {.bitmap_index = 66376, .adv_w = 325, .box_w = 17, .box_h = 17, .ofs_x = 2, .ofs_y = -3},
    {.bitmap_index = 66665, .adv_w = 325, .box_w = 17, .box_h = 17, .ofs_x = 2, .ofs_y = -3},
    {.bitmap_index = 66954, .adv_w = 325, .box_w = 17, .box_h = 17, .ofs_x = 2, .ofs_y = -3},
    {.bitmap_index = 67243, .adv_w = 325, .box_w = 17, .box_h = 17, .ofs_x = 2, .ofs_y = -3},
    {.bitmap_index = 67532, .adv_w = 325, .box_w = 17, .box_h = 17, .ofs_x = 2, .ofs_y = -3},
    {.bitmap_index = 67821, .adv_w = 325, .box_w = 17, .box_h = 17, .ofs_x = 2, .ofs_y = -3},
    {.bitmap_index = 68110, .adv_w = 325, .box_w = 17, .box_h = 17, .ofs_x = 2, .ofs_y = -3},
    {.bitmap_index = 68399, .adv_w = 325, .box_w = 17, .box_h = 17, .ofs_x = 2, .ofs_y = -3},
    {.bitmap_index = 68688, .adv_w = 325, .box_w = 17, .box_h = 17, .ofs_x = 2, .ofs_y = -3},
    {.bitmap_index = 68977, .adv_w = 325, .box_w = 17, .box_h = 17, .ofs_x = 2, .ofs_y = -3},
    {.bitmap_index = 69266, .adv_w = 325, .box_w = 17, .box_h = 17, .ofs_x = 2, .ofs_y = -3},
    {.bitmap_index = 69555, .adv_w = 325, .box_w = 17, .box_h = 17, .ofs_x = 2, .ofs_y = -3},
    {.bitmap_index = 69844, .adv_w = 325, .box_w = 17, .box_h = 17, .ofs_x = 2, .ofs_y = -3},
    {.bitmap_index = 70133, .adv_w = 325, .box_w = 17, .box_h = 17, .ofs_x = 2, .ofs_y = -3},
    {.bitmap_index = 70422, .adv_w = 325, .box_w = 17, .box_h = 17, .ofs_x = 2, .ofs_y = -3},
    {.bitmap_index = 70711, .adv_w = 325, .box_w = 17, .box_h = 17, .ofs_x = 2, .ofs_y = -3},
    {.bitmap_index = 71000, .adv_w = 325, .box_w = 17, .box_h = 17, .ofs_x = 2, .ofs_y = -3},
    {.bitmap_index = 71289, .adv_w = 325, .box_w = 17, .box_h = 17, .ofs_x = 2, .ofs_y = -3},
    {.bitmap_index = 71578, .adv_w = 325, .box_w = 17, .box_h = 17, .ofs_x = 2, .ofs_y = -3},
    {.bitmap_index = 71867, .adv_w = 325, .box_w = 17, .box_h = 17, .ofs_x = 2, .ofs_y = -3},
    {.bitmap_index = 72156, .adv_w = 325, .box_w = 17, .box_h = 17, .ofs_x = 2, .ofs_y = -3},
    {.bitmap_index = 72445, .adv_w = 325, .box_w = 18, .box_h = 17, .ofs_x = 1, .ofs_y = -3},
    {.bitmap_index = 72751, .adv_w = 325, .box_w = 17, .box_h = 17, .ofs_x = 2, .ofs_y = -3},
    {.bitmap_index = 73040, .adv_w = 325, .box_w = 17, .box_h = 17, .ofs_x = 2, .ofs_y = -3},
    {.bitmap_index = 73329, .adv_w = 325, .box_w = 17, .box_h = 17, .ofs_x = 2, .ofs_y = -3},
    {.bitmap_index = 73618, .adv_w = 325, .box_w = 17, .box_h = 17, .ofs_x = 2, .ofs_y = -3},
    {.bitmap_index = 73907, .adv_w = 325, .box_w = 17, .box_h = 17, .ofs_x = 2, .ofs_y = -3},
    {.bitmap_index = 74196, .adv_w = 325, .box_w = 17, .box_h = 17, .ofs_x = 2, .ofs_y = -3},
    {.bitmap_index = 74485, .adv_w = 325, .box_w = 17, .box_h = 17, .ofs_x = 2, .ofs_y = -3},
    {.bitmap_index = 74774, .adv_w = 325, .box_w = 17, .box_h = 17, .ofs_x = 2, .ofs_y = -3},
    {.bitmap_index = 75063, .adv_w = 325, .box_w = 17, .box_h = 17, .ofs_x = 2, .ofs_y = -3},
    {.bitmap_index = 75352, .adv_w = 325, .box_w = 17, .box_h = 17, .ofs_x = 2, .ofs_y = -3},
    {.bitmap_index = 75641, .adv_w = 325, .box_w = 17, .box_h = 17, .ofs_x = 2, .ofs_y = -3},
    {.bitmap_index = 75930, .adv_w = 325, .box_w = 17, .box_h = 17, .ofs_x = 2, .ofs_y = -3},
    {.bitmap_index = 76219, .adv_w = 325, .box_w = 19, .box_h = 17, .ofs_x = 1, .ofs_y = -3},
    {.bitmap_index = 76542, .adv_w = 325, .box_w = 17, .box_h = 17, .ofs_x = 2, .ofs_y = -3},
    {.bitmap_index = 76831, .adv_w = 325, .box_w = 17, .box_h = 17, .ofs_x = 2, .ofs_y = -3},
    {.bitmap_index = 77120, .adv_w = 325, .box_w = 17, .box_h = 17, .ofs_x = 2, .ofs_y = -3},
    {.bitmap_index = 77409, .adv_w = 325, .box_w = 17, .box_h = 17, .ofs_x = 2, .ofs_y = -3},
    {.bitmap_index = 77698, .adv_w = 325, .box_w = 17, .box_h = 17, .ofs_x = 2, .ofs_y = -3},
    {.bitmap_index = 77987, .adv_w = 325, .box_w = 17, .box_h = 17, .ofs_x = 2, .ofs_y = -3},
    {.bitmap_index = 78276, .adv_w = 325, .box_w = 18, .box_h = 16, .ofs_x = 1, .ofs_y = -3},
    {.bitmap_index = 78564, .adv_w = 325, .box_w = 19, .box_h = 16, .ofs_x = 1, .ofs_y = -3},
    {.bitmap_index = 78868, .adv_w = 325, .box_w = 18, .box_h = 16, .ofs_x = 1, .ofs_y = -3},
    {.bitmap_index = 79156, .adv_w = 325, .box_w = 18, .box_h = 16, .ofs_x = 1, .ofs_y = -3},
    {.bitmap_index = 79444, .adv_w = 325, .box_w = 18, .box_h = 16, .ofs_x = 1, .ofs_y = -3},
    {.bitmap_index = 79732, .adv_w = 325, .box_w = 18, .box_h = 16, .ofs_x = 1, .ofs_y = -3},
    {.bitmap_index = 80020, .adv_w = 325, .box_w = 18, .box_h = 17, .ofs_x = 1, .ofs_y = -3},
    {.bitmap_index = 80326, .adv_w = 325, .box_w = 18, .box_h = 16, .ofs_x = 1, .ofs_y = -3},
    {.bitmap_index = 80614, .adv_w = 325, .box_w = 18, .box_h = 16, .ofs_x = 1, .ofs_y = -3},
    {.bitmap_index = 80902, .adv_w = 325, .box_w = 17, .box_h = 17, .ofs_x = 2, .ofs_y = -3},
    {.bitmap_index = 81191, .adv_w = 325, .box_w = 17, .box_h = 17, .ofs_x = 2, .ofs_y = -3},
    {.bitmap_index = 81480, .adv_w = 325, .box_w = 17, .box_h = 17, .ofs_x = 2, .ofs_y = -3},
    {.bitmap_index = 81769, .adv_w = 325, .box_w = 17, .box_h = 17, .ofs_x = 2, .ofs_y = -3},
    {.bitmap_index = 82058, .adv_w = 325, .box_w = 20, .box_h = 17, .ofs_x = 0, .ofs_y = -3},
    {.bitmap_index = 82398, .adv_w = 325, .box_w = 17, .box_h = 17, .ofs_x = 2, .ofs_y = -3},
    {.bitmap_index = 82687, .adv_w = 325, .box_w = 16, .box_h = 16, .ofs_x = 2, .ofs_y = -3},
    {.bitmap_index = 82943, .adv_w = 325, .box_w = 20, .box_h = 15, .ofs_x = 0, .ofs_y = -2},
    {.bitmap_index = 83243, .adv_w = 325, .box_w = 19, .box_h = 13, .ofs_x = 1, .ofs_y = -1},
    {.bitmap_index = 83490, .adv_w = 325, .box_w = 17, .box_h = 17, .ofs_x = 2, .ofs_y = -3},
    {.bitmap_index = 83779, .adv_w = 325, .box_w = 20, .box_h = 15, .ofs_x = 0, .ofs_y = -2},
    {.bitmap_index = 84079, .adv_w = 325, .box_w = 20, .box_h = 17, .ofs_x = 0, .ofs_y = -3},
    {.bitmap_index = 84419, .adv_w = 325, .box_w = 20, .box_h = 17, .ofs_x = 0, .ofs_y = -3},
    {.bitmap_index = 84759, .adv_w = 325, .box_w = 20, .box_h = 15, .ofs_x = 0, .ofs_y = -2},
    {.bitmap_index = 85059, .adv_w = 325, .box_w = 20, .box_h = 14, .ofs_x = 0, .ofs_y = -1},
    {.bitmap_index = 85339, .adv_w = 325, .box_w = 19, .box_h = 13, .ofs_x = 1, .ofs_y = -1},
    {.bitmap_index = 85586, .adv_w = 325, .box_w = 20, .box_h = 17, .ofs_x = 0, .ofs_y = -3},
    {.bitmap_index = 85926, .adv_w = 325, .box_w = 20, .box_h = 13, .ofs_x = 0, .ofs_y = -1},
    {.bitmap_index = 86186, .adv_w = 325, .box_w = 18, .box_h = 17, .ofs_x = 1, .ofs_y = -3},
    {.bitmap_index = 86492, .adv_w = 325, .box_w = 16, .box_h = 17, .ofs_x = 2, .ofs_y = -3},
    {.bitmap_index = 86764, .adv_w = 325, .box_w = 17, .box_h = 17, .ofs_x = 2, .ofs_y = -3},
    {.bitmap_index = 87053, .adv_w = 325, .box_w = 17, .box_h = 17, .ofs_x = 2, .ofs_y = -3},
    {.bitmap_index = 87342, .adv_w = 325, .box_w = 19, .box_h = 13, .ofs_x = 1, .ofs_y = -1},
    {.bitmap_index = 87589, .adv_w = 325, .box_w = 16, .box_h = 17, .ofs_x = 2, .ofs_y = -3},
    {.bitmap_index = 87861, .adv_w = 325, .box_w = 18, .box_h = 17, .ofs_x = 1, .ofs_y = -3},
    {.bitmap_index = 88167, .adv_w = 325, .box_w = 20, .box_h = 13, .ofs_x = 0, .ofs_y = -1},
    {.bitmap_index = 88427, .adv_w = 325, .box_w = 17, .box_h = 17, .ofs_x = 2, .ofs_y = -3},
    {.bitmap_index = 88716, .adv_w = 325, .box_w = 18, .box_h = 17, .ofs_x = 1, .ofs_y = -3},
    {.bitmap_index = 89022, .adv_w = 325, .box_w = 17, .box_h = 13, .ofs_x = 2, .ofs_y = -1},
    {.bitmap_index = 89243, .adv_w = 325, .box_w = 15, .box_h = 17, .ofs_x = 2, .ofs_y = -3},
    {.bitmap_index = 89498, .adv_w = 325, .box_w = 18, .box_h = 17, .ofs_x = 1, .ofs_y = -3},
    {.bitmap_index = 89804, .adv_w = 325, .box_w = 18, .box_h = 17, .ofs_x = 1, .ofs_y = -3},
    {.bitmap_index = 90110, .adv_w = 325, .box_w = 18, .box_h = 16, .ofs_x = 1, .ofs_y = -3},
    {.bitmap_index = 90398, .adv_w = 325, .box_w = 17, .box_h = 17, .ofs_x = 2, .ofs_y = -3},
    {.bitmap_index = 90687, .adv_w = 325, .box_w = 13, .box_h = 17, .ofs_x = 4, .ofs_y = -3},
    {.bitmap_index = 90908, .adv_w = 325, .box_w = 16, .box_h = 17, .ofs_x = 2, .ofs_y = -3},
    {.bitmap_index = 91180, .adv_w = 325, .box_w = 18, .box_h = 13, .ofs_x = 1, .ofs_y = -1},
    {.bitmap_index = 91414, .adv_w = 325, .box_w = 12, .box_h = 17, .ofs_x = 4, .ofs_y = -3},
    {.bitmap_index = 91618, .adv_w = 325, .box_w = 17, .box_h = 17, .ofs_x = 2, .ofs_y = -3},
    {.bitmap_index = 91907, .adv_w = 325, .box_w = 19, .box_h = 17, .ofs_x = 1, .ofs_y = -3},
    {.bitmap_index = 92230, .adv_w = 325, .box_w = 18, .box_h = 17, .ofs_x = 1, .ofs_y = -3},
    {.bitmap_index = 92536, .adv_w = 325, .box_w = 17, .box_h = 17, .ofs_x = 2, .ofs_y = -3},
    {.bitmap_index = 92825, .adv_w = 325, .box_w = 17, .box_h = 17, .ofs_x = 2, .ofs_y = -3},
    {.bitmap_index = 93114, .adv_w = 325, .box_w = 16, .box_h = 17, .ofs_x = 2, .ofs_y = -3},
    {.bitmap_index = 93386, .adv_w = 325, .box_w = 17, .box_h = 17, .ofs_x = 2, .ofs_y = -3},
    {.bitmap_index = 93675, .adv_w = 325, .box_w = 17, .box_h = 17, .ofs_x = 2, .ofs_y = -3},
    {.bitmap_index = 93964, .adv_w = 325, .box_w = 17, .box_h = 17, .ofs_x = 2, .ofs_y = -3},
    {.bitmap_index = 94253, .adv_w = 325, .box_w = 18, .box_h = 17, .ofs_x = 1, .ofs_y = -3},
    {.bitmap_index = 94559, .adv_w = 325, .box_w = 15, .box_h = 17, .ofs_x = 3, .ofs_y = -3},
    {.bitmap_index = 94814, .adv_w = 325, .box_w = 14, .box_h = 17, .ofs_x = 3, .ofs_y = -3},
    {.bitmap_index = 95052, .adv_w = 325, .box_w = 12, .box_h = 17, .ofs_x = 4, .ofs_y = -3},
    {.bitmap_index = 95256, .adv_w = 325, .box_w = 14, .box_h = 17, .ofs_x = 3, .ofs_y = -3},
    {.bitmap_index = 95494, .adv_w = 325, .box_w = 20, .box_h = 15, .ofs_x = 0, .ofs_y = -2},
    {.bitmap_index = 95794, .adv_w = 325, .box_w = 17, .box_h = 17, .ofs_x = 2, .ofs_y = -3},
    {.bitmap_index = 96083, .adv_w = 325, .box_w = 14, .box_h = 17, .ofs_x = 3, .ofs_y = -3},
    {.bitmap_index = 96321, .adv_w = 325, .box_w = 16, .box_h = 17, .ofs_x = 2, .ofs_y = -3},
    {.bitmap_index = 96593, .adv_w = 325, .box_w = 20, .box_h = 18, .ofs_x = 0, .ofs_y = -4},
    {.bitmap_index = 96953, .adv_w = 325, .box_w = 19, .box_h = 17, .ofs_x = 1, .ofs_y = -3},
    {.bitmap_index = 97276, .adv_w = 325, .box_w = 20, .box_h = 18, .ofs_x = 1, .ofs_y = -4},
    {.bitmap_index = 97636, .adv_w = 325, .box_w = 18, .box_h = 17, .ofs_x = 1, .ofs_y = -3},
    {.bitmap_index = 97942, .adv_w = 325, .box_w = 17, .box_h = 17, .ofs_x = 2, .ofs_y = -3},
    {.bitmap_index = 98231, .adv_w = 325, .box_w = 16, .box_h = 17, .ofs_x = 2, .ofs_y = -3},
    {.bitmap_index = 98503, .adv_w = 325, .box_w = 17, .box_h = 17, .ofs_x = 2, .ofs_y = -3},
    {.bitmap_index = 98792, .adv_w = 325, .box_w = 18, .box_h = 17, .ofs_x = 1, .ofs_y = -3},
    {.bitmap_index = 99098, .adv_w = 325, .box_w = 12, .box_h = 17, .ofs_x = 4, .ofs_y = -3},
    {.bitmap_index = 99302, .adv_w = 325, .box_w = 20, .box_h = 15, .ofs_x = 0, .ofs_y = -2},
    {.bitmap_index = 99602, .adv_w = 325, .box_w = 21, .box_h = 17, .ofs_x = 0, .ofs_y = -3},
    {.bitmap_index = 99959, .adv_w = 325, .box_w = 15, .box_h = 17, .ofs_x = 3, .ofs_y = -3},
    {.bitmap_index = 100214, .adv_w = 325, .box_w = 18, .box_h = 17, .ofs_x = 1, .ofs_y = -3},
    {.bitmap_index = 100520, .adv_w = 325, .box_w = 18, .box_h = 17, .ofs_x = 1, .ofs_y = -3}
};

/*---------------------
 *  CHARACTER MAPPING
 *--------------------*/

static const uint16_t unicode_list_0[] = {
    0x0, 0xd, 0xfd, 0x2de, 0x3b4, 0x3b7, 0x5c4, 0x5c5,
    0x5c6, 0x5c7, 0x5d8, 0x5d9, 0x623, 0x629, 0x63f, 0x65d,
    0x664, 0x665, 0x681, 0x682, 0x688, 0x689, 0x698, 0x6b4,
    0x6b5, 0x6b7, 0x6b9, 0x6c9, 0x6cc, 0x6ce, 0x6cf, 0x6d0,
    0x6d1, 0x6d3, 0x6d8, 0x6da, 0x6ec, 0x708, 0x710, 0x712,
    0x717, 0x718, 0x719, 0x71b, 0x728, 0x759, 0x75a, 0x75b,
    0xb14
};

static const uint16_t unicode_list_1[] = {
    0x0, 0x2, 0x3, 0x4, 0x5, 0x6, 0x7, 0x11,
    0x12, 0x13, 0x14, 0x15, 0x16, 0x17, 0x25, 0x26,
    0x27, 0x2f, 0x31, 0x32, 0x33, 0x34, 0x36, 0x37,
    0x38, 0x39, 0x3a, 0x3b, 0x3d, 0x3e, 0x44, 0x46,
    0x47, 0x49, 0x4a, 0x4b, 0x4c, 0x4d, 0x4e, 0x4f,
    0x57, 0x5b, 0x5c, 0x63, 0x65, 0x66, 0x67, 0x68,
    0x69, 0x6a, 0x6b, 0x6f, 0x70, 0x71, 0x72, 0x73,
    0x74, 0x76, 0x79, 0x7a, 0x80, 0x81, 0x82, 0x8e,
    0x98, 0x9a, 0x9b, 0x9d, 0x9f, 0xa4, 0xa6, 0xa7,
    0xa8, 0xa9, 0xaa, 0xad, 0xae, 0xb0, 0xb1, 0xb2,
    0xb3, 0xb6, 0xb8, 0xb9, 0xba, 0xbc, 0xbd, 0xbe,
    0xbf, 0xc0, 0xc2, 0xc3, 0xc4, 0xc5, 0x105, 0x106,
    0x10a, 0x10c, 0x117, 0x118, 0x11a, 0x11d, 0x11e, 0x11f,
    0x123, 0x125, 0x128, 0x129, 0x12b, 0x12c, 0x12e, 0x130,
    0x131, 0x133, 0x134, 0x142, 0x143, 0x144, 0x145, 0x146,
    0x147, 0x148, 0x149, 0x173, 0x175, 0x176, 0x178, 0x17d,
    0x18b, 0x18c, 0x18d, 0x18e, 0x18f, 0x190, 0x191, 0x192,
    0x193, 0x194, 0x195, 0x196, 0x199, 0x1a2, 0x1a7, 0x1a8,
    0x1b2, 0x1b3, 0x1bd, 0x1c0, 0x1c1, 0x1c2, 0x1ce, 0x1d2,
    0x1d9, 0x1da, 0x1db, 0x1e9, 0x1ef, 0x1f0, 0x1fc, 0x1ff,
    0x202, 0x203, 0x205, 0x206, 0x209, 0x20a, 0x20b, 0x20c,
    0x215, 0x21d, 0x21f, 0x220, 0x221, 0x271, 0x283, 0x28e,
    0x29c, 0x29d
};

static const uint16_t unicode_list_3[] = {
    0x0, 0x3, 0x34, 0x35, 0x40, 0x42, 0x44, 0x45,
    0x46, 0x47, 0x49, 0x4b, 0x4c, 0x4d, 0x56, 0x5c,
    0x5d, 0x5f, 0x66, 0x68, 0x94, 0x99, 0xa8, 0xa9,
    0xac, 0x2c0, 0x2c1, 0x2c2, 0x2c3, 0x2c8, 0x2cc, 0x2cd,
    0x2d1, 0x2d2, 0x2d4, 0x2d5, 0x2db, 0x2dd, 0x2de, 0x2df,
    0x2e0, 0x2e1, 0x2e2, 0x2e3, 0x2e7, 0x2e8, 0x2e9, 0x2ea,
    0x2eb, 0x2ec, 0x2ed, 0x2f5, 0x324, 0x329, 0x32a, 0x32c,
    0x32e, 0x335, 0x338, 0x33e, 0x340, 0x34f, 0x351, 0x352,
    0x360, 0x395
};

/*Collect the unicode lists and glyph_id offsets*/
static const lv_font_fmt_txt_cmap_t cmaps[] =
{
    {
        .range_start = 8252, .range_length = 2837, .glyph_id_start = 1,
        .unicode_list = unicode_list_0, .glyph_id_ofs_list = NULL, .list_length = 49, .type = LV_FONT_FMT_TXT_CMAP_SPARSE_TINY
    },
    {
        .range_start = 127752, .range_length = 670, .glyph_id_start = 50,
        .unicode_list = unicode_list_1, .glyph_id_ofs_list = NULL, .list_length = 178, .type = LV_FONT_FMT_TXT_CMAP_SPARSE_TINY
    },
    {
        .range_start = 128512, .range_length = 69, .glyph_id_start = 228,
        .unicode_list = NULL, .glyph_id_ofs_list = NULL, .list_length = 0, .type = LV_FONT_FMT_TXT_CMAP_FORMAT0_TINY
    },
    {
        .range_start = 128588, .range_length = 918, .glyph_id_start = 297,
        .unicode_list = unicode_list_3, .glyph_id_ofs_list = NULL, .list_length = 66, .type = LV_FONT_FMT_TXT_CMAP_SPARSE_TINY
    }
};



/*--------------------
 *  ALL CUSTOM DATA
 *--------------------*/

#if LVGL_VERSION_MAJOR == 8
/*Store all the custom data of the font*/
static  lv_font_fmt_txt_glyph_cache_t cache;
#endif

#if LVGL_VERSION_MAJOR >= 8
static const lv_font_fmt_txt_dsc_t font_dsc = {
#else
static lv_font_fmt_txt_dsc_t font_dsc = {
#endif
    .glyph_bitmap = glyph_bitmap,
    .glyph_dsc = glyph_dsc,
    .cmaps = cmaps,
    .kern_dsc = NULL,
    .kern_scale = 0,
    .cmap_num = 4,
    .bpp = 8,
    .kern_classes = 0,
    .bitmap_format = 0,
#if LVGL_VERSION_MAJOR == 8
    .cache = &cache
#endif
};



/*-----------------
 *  PUBLIC FONT
 *----------------*/

/*Initialize a public general font descriptor*/
#if LVGL_VERSION_MAJOR >= 8
const lv_font_t emoji_font = {
#else
lv_font_t emoji_font = {
#endif
    .get_glyph_dsc = lv_font_get_glyph_dsc_fmt_txt,    /*Function pointer to get glyph's data*/
    .get_glyph_bitmap = lv_font_get_bitmap_fmt_txt,    /*Function pointer to get glyph's bitmap*/
    .line_height = 19,          /*The maximum line height required by the font*/
    .base_line = 4,             /*Baseline measured from the bottom of the line*/
#if !(LVGL_VERSION_MAJOR == 6 && LVGL_VERSION_MINOR == 0)
    .subpx = LV_FONT_SUBPX_NONE,
#endif
#if LV_VERSION_CHECK(7, 4, 0) || LVGL_VERSION_MAJOR >= 8
    .underline_position = 10,
    .underline_thickness = 1,
#endif
    .dsc = &font_dsc,          /*The custom font data. Will be accessed by `get_glyph_bitmap/dsc` */
#if LV_VERSION_CHECK(8, 2, 0) || LVGL_VERSION_MAJOR >= 9
    .fallback = NULL,
#endif
    .user_data = NULL,
};



#endif /*#if EMOJI_FONT*/

